user_genome	classification	closest_genome_reference	closest_genome_reference_radius	closest_genome_taxonomy	closest_genome_ani	closest_genome_af	closest_placement_reference	closest_placement_radius	closest_placement_taxonomy	closest_placement_ani	closest_placement_af	pplacer_taxonomy	classification_method	note	"other_related_references(genome_id,species_name,radius,ANI,AF)"	msa_percent	translation_table	red_value	warnings
flye_0942_SemiBin_199	d__Bacteria;p__Bacillota;c__Negativicutes;o__Acidaminococcales;f__Acidaminococcaceae;g__Phascolarctobacterium;s__Phascolarctobacterium faecium	GCF_003269275.1	95	d__Bacteria;p__Bacillota;c__Negativicutes;o__Acidaminococcales;f__Acidaminococcaceae;g__Phascolarctobacterium;s__Phascolarctobacterium faecium	98.97	0.895	GCF_003269275.1	95	d__Bacteria;p__Bacillota;c__Negativicutes;o__Acidaminococcales;f__Acidaminococcaceae;g__Phascolarctobacterium;s__Phascolarctobacterium faecium	98.97	0.895	d__Bacteria;p__Bacillota;c__Negativicutes;o__Acidaminococcales;f__Acidaminococcaceae;g__Phascolarctobacterium;s__	taxonomic classification defined by topology and ANI	topological placement and ANI have congruent species assignments	"GCA_900551745.1, s__Phascolarctobacterium sp900551745, 95.0, 94.56, 0.797; GCF_900545535.1, s__Phascolarctobacterium sp900545535, 95.0, 85.76, 0.574; GCF_900544795.1, s__Phascolarctobacterium sp900544795, 95.0, 82.04, 0.332"	92.67	11	N/A	N/A
flye_0942_SemiBin_55	d__Bacteria;p__Bacillota;c__Clostridia;o__Lachnospirales;f__Lachnospiraceae;g__Dorea_D;s__	N/A	N/A	N/A	N/A	N/A	N/A	N/A	N/A	N/A	N/A	d__Bacteria;p__Bacillota;c__Clostridia;o__Lachnospirales;f__Lachnospiraceae;g__Dorea_D;s__	taxonomic classification defined by topology and ANI	classification based on placement in class-level tree	"GCF_014287705.1, s__Dorea_D hominis, 95.0, 97.31, 0.4"	50.64	11	0.95609	N/A
flye_4143_SemiBin_379	d__Bacteria;p__Actinomycetota;c__Actinomycetes;o__Actinomycetales;f__Bifidobacteriaceae;g__Bifidobacterium;s__Bifidobacterium adolescentis	GCF_000010425.1	95	d__Bacteria;p__Actinomycetota;c__Actinomycetes;o__Actinomycetales;f__Bifidobacteriaceae;g__Bifidobacterium;s__Bifidobacterium adolescentis	98.13	0.848	GCF_000010425.1	95	d__Bacteria;p__Actinomycetota;c__Actinomycetes;o__Actinomycetales;f__Bifidobacteriaceae;g__Bifidobacterium;s__Bifidobacterium adolescentis	98.13	0.848	d__Bacteria;p__Actinomycetota;c__Actinomycetes;o__Actinomycetales;f__Bifidobacteriaceae;g__Bifidobacterium;s__	taxonomic classification defined by topology and ANI	topological placement and ANI have congruent species assignments	"GCF_959020145.1, s__Bifidobacterium sp959020145, 95.0, 94.06, 0.616; GCF_959020155.1, s__Bifidobacterium sp959020155, 95.0, 92.19, 0.499; GCF_959028125.1, s__Bifidobacterium sp959028125, 95.0, 89.87, 0.539; GCF_000770925.1, s__Bifidobacterium ruminantium, 95.0, 89.61, 0.554; GCA_905207115.1, s__Bifidobacterium angulatum_A, 95.0, 88.1, 0.329; GCF_001025215.1, s__Bifidobacterium pseudocatenulatum, 95.0, 84.66, 0.322; GCF_001025195.1, s__Bifidobacterium catenulatum, 95.3, 84.5, 0.34; GCF_000800455.1, s__Bifidobacterium kashiwanohense_A, 95.0, 84.29, 0.3; GCF_002451435.1, s__Bifidobacterium sp002451435, 95.0, 83.98, 0.27; GCF_040095915.1, s__Bifidobacterium hominis, 95.0, 83.72, 0.32; GCA_963598975.1, s__Bifidobacterium sp963598975, 95.0, 82.97, 0.18; GCF_001042595.1, s__Bifidobacterium dentium, 95.0, 82.57, 0.226; GCF_000522505.1, s__Bifidobacterium moukalabense, 95.0, 82.54, 0.236; GCF_001025155.1, s__Bifidobacterium angulatum, 96.72, 82.49, 0.16; GCA_963619615.1, s__Bifidobacterium sp963619615, 95.0, 82.24, 0.198; GCA_963590945.1, s__Bifidobacterium sp963590945, 95.0, 81.73, 0.192; GCF_012932675.1, s__Bifidobacterium erythrocebi, 95.0, 81.63, 0.153; GCA_963595445.1, s__Bifidobacterium sp963595445, 95.0, 81.59, 0.18"	84.95	11	N/A	N/A
flye_8366_SemiBin_14	d__Bacteria;p__Bacillota;c__Bacilli;o__Lactobacillales;f__Streptococcaceae;g__Streptococcus;s__	N/A	N/A	N/A	N/A	N/A	GCF_001073155.1	95	d__Bacteria;p__Bacillota;c__Bacilli;o__Lactobacillales;f__Streptococcaceae;g__Streptococcus;s__Streptococcus parasanguinis_D	93.86	0.642	d__Bacteria;p__Bacillota;c__Bacilli;o__Lactobacillales;f__Streptococcaceae;g__Streptococcus;s__	taxonomic classification defined by topology and ANI	classification based on placement in class-level tree	"GCA_905188195.1, s__Streptococcus parasanguinis_P, 95.0, 94.73, 0.694; GCF_039059645.1, s__Streptococcus parasanguinis_X, 95.7, 94.73, 0.691; GCA_958445905.1, s__Streptococcus sp958445905, 95.53, 94.71, 0.717; GCA_036663675.1, s__Streptococcus sp036663675, 95.48, 94.62, 0.686; GCA_027685415.1, s__Streptococcus sp027685415, 95.68, 94.61, 0.685; GCF_001813505.1, s__Streptococcus sp001813505, 95.59, 94.58, 0.658; GCF_032163505.1, s__Streptococcus parasanguinis_V, 95.65, 94.53, 0.716; GCF_943193075.1, s__Streptococcus caecimuris, 95.77, 94.51, 0.702; GCF_016648925.1, s__Streptococcus sp900766505, 95.4, 94.51, 0.679; GCF_024295625.1, s__Streptococcus sp024295625, 95.35, 94.44, 0.706; GCF_001813105.1, s__Streptococcus sp001813105, 95.24, 94.43, 0.688; GCA_032572035.1, s__Streptococcus parasanguinis_AB, 95.55, 94.41, 0.663; GCF_031582885.1, s__Streptococcus parasanguinis_M, 95.21, 94.4, 0.672; GCF_001813295.1, s__Streptococcus sp001813295, 95.4, 94.33, 0.664; GCF_023109675.1, s__Streptococcus parasanguinis_I, 95.39, 94.29, 0.661; GCF_034134805.1, s__Streptococcus sp034134805, 95.65, 94.27, 0.692; GCF_035544715.1, s__Streptococcus parasanguinis_F, 95.54, 94.27, 0.658; GCF_024463135.1, s__Streptococcus parasanguinis_S, 95.0, 94.27, 0.656; GCA_018366675.1, s__Streptococcus parasanguinis_R, 95.6, 94.21, 0.695; GCF_959025735.1, s__Streptococcus sp959025735, 95.09, 94.17, 0.688; GCF_019929185.1, s__Streptococcus parasanguinis_O, 95.3, 94.16, 0.692; GCF_000507765.1, s__Streptococcus parasanguinis_J, 95.0, 94.15, 0.662; GCF_016648855.1, s__Streptococcus parasanguinis_L, 95.28, 94.14, 0.69; GCF_008727815.1, s__Streptococcus sp008727815, 95.46, 94.14, 0.674; GCA_934215455.1, s__Streptococcus sp934215455, 95.31, 94.11, 0.718; GCA_018377375.1, s__Streptococcus parasanguinis_N, 95.05, 94.11, 0.673; GCA_018499505.1, s__Streptococcus parasanguinis_K, 95.0, 94.05, 0.674; GCF_000963275.1, s__Streptococcus parasanguinis_B, 95.08, 94.01, 0.703; GCF_040226555.1, s__Streptococcus parasanguinis_W, 95.79, 94.01, 0.698; GCF_030545615.1, s__Streptococcus parasanguinis_Z, 95.54, 94.0, 0.679; GCF_001813675.1, s__Streptococcus sp001813675, 95.49, 93.95, 0.664; GCF_015557775.1, s__Streptococcus parasanguinis_AA, 95.46, 93.91, 0.668; GCA_000448565.1, s__Streptococcus sp000448565, 95.0, 93.88, 0.659; GCF_015556095.1, s__Streptococcus parasanguinis_Q, 95.18, 93.87, 0.675; GCA_032477695.1, s__Streptococcus parasanguinis_Y, 95.5, 93.87, 0.668; GCA_902479835.1, s__Streptococcus sp902479835, 95.0, 93.86, 0.72; GCF_034137685.1, s__Streptococcus parasanguinis_C, 95.05, 93.85, 0.698; GCF_001069785.1, s__Streptococcus parasanguinis_T, 95.15, 93.84, 0.659; GCA_030825825.1, s__Streptococcus sp030825825, 95.0, 93.7, 0.688; GCA_902373455.1, s__Streptococcus sp902373455, 95.0, 93.56, 0.706; GCA_916048115.1, s__Streptococcus sp916048115, 95.0, 93.52, 0.65; GCA_902480035.1, s__Streptococcus sp902480035, 95.0, 93.33, 0.682; GCF_001578955.1, s__Streptococcus parasanguinis_U, 95.0, 93.29, 0.602; GCF_000164675.2, s__Streptococcus parasanguinis, 95.0, 93.22, 0.638; GCA_018365265.1, s__Streptococcus parasanguinis_G, 95.0, 93.21, 0.645; GCF_001074805.1, s__Streptococcus parasanguinis_A, 95.0, 93.08, 0.653; GCF_040908565.1, s__Streptococcus parasanguinis_AC, 95.0, 92.13, 0.624; GCA_963554405.1, s__Streptococcus sp963554405, 95.0, 91.79, 0.535; GCA_900755085.1, s__Streptococcus sp900755085, 95.0, 91.56, 0.585; GCF_000314795.2, s__Streptococcus sp000314795, 95.0, 90.84, 0.593; GCF_901875555.1, s__Streptococcus parasanguinis_H, 95.0, 90.68, 0.576; GCA_963543165.1, s__Streptococcus sp963543165, 95.0, 90.51, 0.612; GCA_963540685.1, s__Streptococcus sp963540685, 95.0, 89.86, 0.55; GCF_016642265.1, s__Streptococcus lactarius, 95.0, 87.78, 0.45; GCA_902836505.1, s__Streptococcus sp902836505, 95.0, 86.47, 0.209; GCF_019930045.1, s__Streptococcus australis_D, 95.0, 86.27, 0.275; GCF_001072385.1, s__Streptococcus sp001072385, 95.0, 85.95, 0.276; GCA_902363395.1, s__Streptococcus sp902363395, 95.0, 85.64, 0.273; GCF_004785935.1, s__Streptococcus rubneri, 95.0, 85.34, 0.278; GCF_000479335.1, s__Streptococcus ilei, 95.0, 85.25, 0.301; GCF_030825805.1, s__Streptococcus sp030825805, 95.05, 85.14, 0.266; GCF_015553625.1, s__Streptococcus australis_B, 95.0, 85.08, 0.272; GCF_021341835.1, s__Streptococcus sp021341835, 95.0, 85.04, 0.261; GCF_900636365.1, s__Streptococcus viridans_A, 95.06, 85.03, 0.272; GCF_040226615.1, s__Streptococcus australis_E, 95.0, 85.01, 0.271; GCF_004166885.1, s__Streptococcus sp004166885, 95.0, 85.0, 0.26; GCA_902470035.1, s__Streptococcus sp902470035, 95.0, 84.85, 0.219; GCF_000186465.1, s__Streptococcus australis, 95.0, 84.81, 0.259; GCF_905372335.1, s__Streptococcus sp905372335, 95.05, 84.81, 0.218; GCF_006385805.1, s__Streptococcus xiaochunlingii, 95.0, 84.69, 0.255; GCF_003943615.1, s__Streptococcus australis_C, 95.0, 84.24, 0.259"	48.33	11	0.9976	Genome not assigned to closest species as it falls outside its pre-defined ANI radius
flye_8366_SemiBin_51	d__Bacteria;p__Bacteroidota;c__Bacteroidia;o__Bacteroidales;f__Marinifilaceae;g__Butyricimonas;s__Butyricimonas paravirosa	GCF_032878955.1	95	d__Bacteria;p__Bacteroidota;c__Bacteroidia;o__Bacteroidales;f__Marinifilaceae;g__Butyricimonas;s__Butyricimonas paravirosa	98.42	0.864	GCF_032878955.1	95	d__Bacteria;p__Bacteroidota;c__Bacteroidia;o__Bacteroidales;f__Marinifilaceae;g__Butyricimonas;s__Butyricimonas paravirosa	98.42	0.864	d__Bacteria;p__Bacteroidota;c__Bacteroidia;o__Bacteroidales;f__Marinifilaceae;g__Butyricimonas;s__	taxonomic classification defined by topology and ANI	topological placement and ANI have congruent species assignments	"GCF_033096445.1, s__Butyricimonas faecihominis, 95.05, 96.87, 0.839; GCA_019423345.1, s__Butyricimonas sp019423345, 95.0, 91.52, 0.655; GCA_020743075.1, s__Butyricimonas virosa_A, 95.62, 90.78, 0.624; GCF_025148635.1, s__Butyricimonas virosa, 95.8, 90.43, 0.611; GCA_019117165.1, s__Butyricimonas faecavium, 95.0, 88.13, 0.516; GCF_003991565.1, s__Butyricimonas faecalis, 95.0, 85.45, 0.394; GCA_900761485.1, s__Butyricimonas sp900761485, 95.0, 84.38, 0.354; GCF_003479425.1, s__Butyricimonas sp003479425, 95.0, 80.86, 0.178"	79.27	11	N/A	N/A
flye_8915_SemiBin_0	d__Bacteria;p__Bacillota;c__Clostridia;o__Lachnospirales;f__Lachnospiraceae;g__Anthropogastromicrobium;s__Anthropogastromicrobium aceti	GCF_025567095.1	95.11	d__Bacteria;p__Bacillota;c__Clostridia;o__Lachnospirales;f__Lachnospiraceae;g__Anthropogastromicrobium;s__Anthropogastromicrobium aceti	96.96	0.747	GCF_025567095.1	95.11	d__Bacteria;p__Bacillota;c__Clostridia;o__Lachnospirales;f__Lachnospiraceae;g__Anthropogastromicrobium;s__Anthropogastromicrobium aceti	96.96	0.747	d__Bacteria;p__Bacillota;c__Clostridia;o__Lachnospirales;f__Lachnospiraceae;g__Anthropogastromicrobium;s__	taxonomic classification defined by topology and ANI	topological placement and ANI have congruent species assignments	"GCA_934292725.1, s__Anthropogastromicrobium sp934292725, 95.0, 94.56, 0.736; GCA_958446555.1, s__Anthropogastromicrobium sp958446555, 95.0, 90.36, 0.333; GCA_963604075.1, s__Anthropogastromicrobium sp963604075, 95.0, 82.69, 0.151; GCA_963626545.1, s__Anthropogastromicrobium sp963626545, 95.0, 82.59, 0.196; GCA_963605535.1, s__Anthropogastromicrobium chipingensis_A, 95.0, 82.48, 0.178; GCA_963652495.1, s__Anthropogastromicrobium sp963652495, 95.0, 81.76, 0.175"	93.61	11	N/A	N/A
flye_8915_SemiBin_280	d__Bacteria;p__Bacillota;c__Bacilli;o__RF39;f__UBA660;g__CAG-433;s__	N/A	N/A	N/A	N/A	N/A	GCA_019423565.1	95.49	d__Bacteria;p__Bacillota;c__Bacilli;o__RF39;f__UBA660;g__CAG-433;s__CAG-433 sp019423565	95.45	0.621	d__Bacteria;p__Bacillota;c__Bacilli;o__RF39;f__UBA660;g__CAG-433;s__	taxonomic classification defined by topology and ANI	classification based on placement in class-level tree	"GCA_000433675.1, s__CAG-433 sp000433675, 95.0, 95.4, 0.747; GCA_900546245.1, s__CAG-433 sp900546245, 95.0, 94.21, 0.588; GCA_934141145.1, s__CAG-433 sp934141145, 95.0, 87.69, 0.275"	75.64	11	0.99836	Genome not assigned to closest species as it falls outside its pre-defined ANI radius
flye_8915_SemiBin_47	d__Bacteria;p__Bacillota;c__Bacilli;o__RF39;f__UBA660;g__CAG-302;s__CAG-302 sp934162325	GCA_934162325.1	95.42	d__Bacteria;p__Bacillota;c__Bacilli;o__RF39;f__UBA660;g__CAG-302;s__CAG-302 sp934162325	96.16	0.79	GCA_001916775.1	95	d__Bacteria;p__Bacillota;c__Bacilli;o__RF39;f__UBA660;g__CAG-302;s__CAG-302 sp001916775	95.28	0.721	d__Bacteria;p__Bacillota;c__Bacilli;o__RF39;f__UBA660;g__CAG-302;s__	taxonomic classification defined by topology and ANI	N/A	"GCA_934182615.1, s__CAG-302 sp934182615, 95.0, 93.2, 0.667; GCA_022009835.1, s__CAG-302 sp900548425, 95.0, 85.8, 0.339; GCA_900554615.1, s__CAG-302 sp900554615, 95.0, 85.8, 0.332; GCA_934132925.1, s__CAG-302 sp934132925, 95.0, 84.6, 0.269; GCA_945948625.1, s__CAG-302 sp945948625, 95.0, 83.31, 0.323; GCA_000431795.1, s__CAG-302 sp000431795, 95.0, 82.22, 0.177"	65.29	11	N/A	N/A
flye_8915_SemiBin_591	d__Bacteria;p__Bacillota;c__Clostridia;o__TANB77;f__CAG-508;g__CAG-245;s__CAG-245 sp000434195	GCA_000434195.1	95	d__Bacteria;p__Bacillota;c__Clostridia;o__TANB77;f__CAG-508;g__CAG-245;s__CAG-245 sp000434195	96.76	0.85	GCA_000434195.1	95	d__Bacteria;p__Bacillota;c__Clostridia;o__TANB77;f__CAG-508;g__CAG-245;s__CAG-245 sp000434195	96.76	0.85	d__Bacteria;p__Bacillota;c__Clostridia;o__TANB77;f__CAG-508;g__CAG-245;s__	taxonomic classification defined by topology and ANI	topological placement and ANI have congruent species assignments	"GCA_934154805.1, s__CAG-245 sp934154805, 95.0, 90.5, 0.579; GCA_963621875.1, s__CAG-245 sp963621875, 95.0, 88.84, 0.511"	88.44	11	N/A	N/A
flye_8915_SemiBin_74	d__Bacteria;p__Bacillota;c__Clostridia;o__Peptostreptococcales;f__Anaerovoracaceae;g__CAG-238;s__CAG-238 sp900542245	GCA_900542245.1	95	d__Bacteria;p__Bacillota;c__Clostridia;o__Peptostreptococcales;f__Anaerovoracaceae;g__CAG-238;s__CAG-238 sp900542245	96.5	0.502	GCA_900542245.1	95	d__Bacteria;p__Bacillota;c__Clostridia;o__Peptostreptococcales;f__Anaerovoracaceae;g__CAG-238;s__CAG-238 sp900542245	96.5	0.502	d__Bacteria;p__Bacillota;c__Clostridia;o__Peptostreptococcales;f__Anaerovoracaceae;g__CAG-238;s__	taxonomic classification defined by topology and ANI	topological placement and ANI have congruent species assignments	"GCA_900551415.1, s__CAG-238 sp900551415, 95.0, 88.66, 0.262"	31.43	11	N/A	N/A
flye_nextpolish_0942_SemiBin_109	d__Bacteria;p__Bacteroidota;c__Bacteroidia;o__Bacteroidales;f__Bacteroidaceae;g__Prevotella;s__Prevotella sp015074785	GCF_015074785.1	96.84	d__Bacteria;p__Bacteroidota;c__Bacteroidia;o__Bacteroidales;f__Bacteroidaceae;g__Prevotella;s__Prevotella sp015074785	97.15	0.78	N/A	N/A	N/A	N/A	N/A	d__Bacteria;p__Bacteroidota;c__Bacteroidia;o__Bacteroidales;f__Bacteroidaceae;g__Prevotella;s__	taxonomic classification defined by topology and ANI	topological placement and ANI have incongruent species assignments	"GCF_015074785.1, s__Prevotella sp015074785, 96.84, 97.15, 0.78; GCA_959596915.1, s__Prevotella copri_N, 96.9, 96.86, 0.741; GCF_003465495.1, s__Prevotella copri_G, 96.6, 96.38, 0.694; GCA_003463005.1, s__Prevotella copri_I, 95.0, 96.36, 0.719; GCA_021628325.1, s__Prevotella copri_R, 96.77, 96.26, 0.704; GCF_024330485.1, s__Prevotella copri_L, 97.07, 96.24, 0.698; GCA_021640525.1, s__Prevotella copri_S, 96.89, 96.21, 0.696; GCF_026015295.1, s__Prevotella copri_C, 97.02, 96.01, 0.689; GCF_026015625.1, s__Prevotella copri_H, 97.07, 95.95, 0.701; GCA_963639495.1, s__Prevotella sp963639495, 96.3, 95.92, 0.676; GCF_009494485.1, s__Prevotella copri_K, 96.86, 95.9, 0.712; GCF_025151535.1, s__Prevotella copri, 96.45, 95.83, 0.688; GCA_021618535.1, s__Prevotella copri_O, 96.81, 95.8, 0.776; GCA_021622245.1, s__Prevotella copri_J, 96.23, 95.79, 0.729; GCA_021615735.1, s__Prevotella copri_Q, 96.46, 95.77, 0.808; GCF_009494835.1, s__Prevotella copri_F, 96.78, 95.77, 0.71; GCF_949820605.1, s__Prevotella sp934191715, 96.29, 95.7, 0.712; GCA_021623045.1, s__Prevotella copri_T, 96.37, 95.52, 0.729; GCA_021635485.1, s__Prevotella copri_P, 96.24, 95.48, 0.653; GCA_963594575.1, s__Prevotella sp963594575, 96.24, 95.37, 0.66; GCF_026015465.1, s__Prevotella copri_E, 96.59, 95.32, 0.684; GCF_019249795.2, s__Prevotella copri_B, 96.93, 95.32, 0.657; GCF_032490515.1, s__Prevotella sp934202525, 95.18, 94.84, 0.684; GCF_019127135.1, s__Prevotella sp900551275, 95.0, 94.84, 0.666; GCA_958369755.1, s__Prevotella sp958369755, 95.0, 93.85, 0.598; GCF_026095235.1, s__Prevotella sp900557035, 95.0, 87.64, 0.322; GCF_009494395.1, s__Prevotella sp900546535, 95.0, 87.47, 0.326; GCF_040095255.1, s__Prevotella sinensis, 95.79, 87.19, 0.298; GCA_900556795.1, s__Prevotella sp900556795, 95.0, 87.14, 0.297; GCA_900551985.1, s__Prevotella sp900551985, 95.0, 87.13, 0.275; GCF_016803255.1, s__Prevotella copri_M, 95.0, 87.07, 0.323; GCF_019249655.2, s__Prevotella sp900767615, 96.51, 87.06, 0.313; GCA_021636625.1, s__Prevotella sp021636625, 95.0, 86.81, 0.241; GCA_900544825.1, s__Prevotella sp900544825, 95.0, 86.57, 0.308; GCF_024330295.1, s__Prevotella copri_A, 95.35, 86.51, 0.311; GCF_019249725.2, s__Prevotella sp945863825, 95.77, 85.96, 0.207; GCA_900554835.1, s__Prevotella sp900554835, 95.0, 85.77, 0.183; GCA_900555035.1, s__Prevotella sp900555035, 95.0, 85.49, 0.26; GCA_934196725.1, s__Prevotella sp934196725, 95.0, 85.39, 0.273; GCA_022741625.1, s__Prevotella sp022741625, 95.0, 85.33, 0.189; GCA_900765465.1, s__Prevotella sp900765465, 95.0, 85.29, 0.229; GCF_004535825.1, s__Prevotella hominis, 95.0, 84.52, 0.18; GCA_900548535.1, s__Prevotella intestinihominis, 95.0, 82.69, 0.182"	97.95	11	N/A	N/A
flye_nextpolish_0942_SemiBin_13	d__Bacteria;p__Bacillota;c__Clostridia;o__Lachnospirales;f__Lachnospiraceae;g__Agathobacter;s__Agathobacter rectalis	GCF_000020605.1	95.02	d__Bacteria;p__Bacillota;c__Clostridia;o__Lachnospirales;f__Lachnospiraceae;g__Agathobacter;s__Agathobacter rectalis	97.56	0.774	GCF_000020605.1	95.02	d__Bacteria;p__Bacillota;c__Clostridia;o__Lachnospirales;f__Lachnospiraceae;g__Agathobacter;s__Agathobacter rectalis	97.56	0.774	d__Bacteria;p__Bacillota;c__Clostridia;o__Lachnospirales;f__Lachnospiraceae;g__Agathobacter;s__	taxonomic classification defined by topology and ANI	topological placement and ANI have congruent species assignments	"GCA_902786155.1, s__Agathobacter sp900317585, 95.0, 94.79, 0.643; GCA_937935345.1, s__Agathobacter sp900546625, 95.0, 94.07, 0.72; GCA_934365945.1, s__Agathobacter sp934365945, 95.0, 91.94, 0.578; GCA_963586665.1, s__Agathobacter sp963586665, 95.0, 81.64, 0.153; GCA_963641405.1, s__Agathobacter sp963641405, 95.0, 81.53, 0.153"	89.95	11	N/A	N/A
flye_nextpolish_0942_SemiBin_156	d__Bacteria;p__Pseudomonadota;c__Gammaproteobacteria;o__Enterobacterales;f__Enterobacteriaceae;g__Klebsiella;s__Klebsiella pneumoniae	GCF_000742135.1	95	d__Bacteria;p__Pseudomonadota;c__Gammaproteobacteria;o__Enterobacterales;f__Enterobacteriaceae;g__Klebsiella;s__Klebsiella pneumoniae	98.97	0.885	GCF_000742135.1	95	d__Bacteria;p__Pseudomonadota;c__Gammaproteobacteria;o__Enterobacterales;f__Enterobacteriaceae;g__Klebsiella;s__Klebsiella pneumoniae	98.97	0.885	d__Bacteria;p__Pseudomonadota;c__Gammaproteobacteria;o__Enterobacterales;f__Enterobacteriaceae;g__Klebsiella;s__	taxonomic classification defined by topology and ANI	topological placement and ANI have congruent species assignments	"GCF_020526085.1, s__Klebsiella africana, 95.17, 95.07, 0.853; GCF_000828055.2, s__Klebsiella variicola, 95.0, 94.73, 0.856; GCF_002269255.1, s__Klebsiella quasivariicola, 95.0, 94.56, 0.87; GCF_020525925.1, s__Klebsiella quasipneumoniae, 95.0, 94.04, 0.854; GCA_902490055.1, s__Klebsiella sp902490055, 95.0, 87.35, 0.459; GCF_000215745.1, s__Klebsiella aerogenes, 95.0, 86.27, 0.494; GCA_029027985.1, s__Klebsiella aerogenes_A, 95.0, 85.38, 0.469; GCF_002925905.1, s__Klebsiella michiganensis, 95.0, 85.18, 0.485; GCF_900200035.1, s__Klebsiella grimontii, 95.0, 84.6, 0.465; GCF_013705725.1, s__Klebsiella sp013705725, 95.0, 84.22, 0.394; GCF_006539725.1, s__Klebsiella terrigena, 95.0, 84.16, 0.433; GCF_009707385.1, s__Klebsiella oxytoca_C, 95.0, 84.13, 0.401; GCF_001598695.1, s__Klebsiella oxytoca, 95.0, 84.12, 0.436; GCF_004342285.1, s__Klebsiella sp004342285, 95.0, 83.94, 0.403; GCF_036561965.2, s__Klebsiella lignicola, 95.0, 83.85, 0.391; GCA_039594335.1, s__Klebsiella sp039594335, 95.0, 83.8, 0.352; GCF_003261575.2, s__Klebsiella huaxiensis, 95.0, 83.79, 0.374; GCF_006711645.1, s__Klebsiella electrica, 95.0, 83.78, 0.38; GCA_036498385.1, s__Klebsiella sp036498385, 95.0, 83.69, 0.389; GCF_036562005.2, s__Klebsiella scottia, 95.0, 83.68, 0.365; GCF_902158555.1, s__Klebsiella spallanzanii, 95.0, 83.65, 0.393; GCF_000735435.1, s__Klebsiella planticola, 95.0, 83.62, 0.408; GCF_001598295.1, s__Klebsiella ornithinolytica, 95.34, 83.53, 0.404; GCF_005860775.1, s__Klebsiella indica, 95.0, 82.88, 0.301"	93.82	11	N/A	N/A
flye_nextpolish_0942_SemiBin_36	d__Bacteria;p__Bacillota;c__Clostridia;o__Lachnospirales;f__Lachnospiraceae;g__Enterocloster;s__Enterocloster sp001517625	GCF_001517625.2	95	d__Bacteria;p__Bacillota;c__Clostridia;o__Lachnospirales;f__Lachnospiraceae;g__Enterocloster;s__Enterocloster sp001517625	98.81	0.87	GCF_001517625.2	95	d__Bacteria;p__Bacillota;c__Clostridia;o__Lachnospirales;f__Lachnospiraceae;g__Enterocloster;s__Enterocloster sp001517625	98.81	0.87	d__Bacteria;p__Bacillota;c__Clostridia;o__Lachnospirales;f__Lachnospiraceae;g__Enterocloster;s__	taxonomic classification defined by topology and ANI	topological placement and ANI have congruent species assignments	"GCA_958441075.1, s__Enterocloster sp958441075, 95.0, 87.62, 0.506; GCF_013282095.1, s__Enterocloster alcoholdehydrogenati, 95.0, 80.42, 0.164"	70.73	11	N/A	N/A
flye_nextpolish_0942_SemiBin_61	d__Bacteria;p__Bacillota;c__Clostridia;o__Oscillospirales;f__Butyricicoccaceae;g__Agathobaculum;s__Agathobaculum butyriciproducens	GCF_003096535.1	95	d__Bacteria;p__Bacillota;c__Clostridia;o__Oscillospirales;f__Butyricicoccaceae;g__Agathobaculum;s__Agathobaculum butyriciproducens	95.42	0.776	GCF_003096535.1	95	d__Bacteria;p__Bacillota;c__Clostridia;o__Oscillospirales;f__Butyricicoccaceae;g__Agathobaculum;s__Agathobaculum butyriciproducens	95.42	0.776	d__Bacteria;p__Bacillota;c__Clostridia;o__Oscillospirales;f__Butyricicoccaceae;g__Agathobaculum;s__	taxonomic classification defined by topology and ANI	topological placement and ANI have congruent species assignments	"GCA_963661675.1, s__Agathobaculum sp963661675, 95.0, 89.96, 0.557; GCF_934504345.1, s__Agathobaculum sp934504345, 95.0, 86.98, 0.463; GCA_900544475.1, s__Agathobaculum sp900544475, 95.0, 84.14, 0.212; GCF_014288055.1, s__Agathobaculum hominis, 95.0, 83.0, 0.201; GCA_963645185.1, s__Agathobaculum sp963645185, 95.0, 82.71, 0.183"	97.42	11	N/A	N/A
flye_nextpolish_0942_SemiBin_91	d__Bacteria;p__Bacillota;c__Bacilli;o__Lactobacillales;f__Aerococcaceae;g__Granulicatella;s__	N/A	N/A	N/A	N/A	N/A	GCA_937976325.1	95	d__Bacteria;p__Bacillota;c__Bacilli;o__Lactobacillales;f__Aerococcaceae;g__Granulicatella;s__Granulicatella sp937976325	93.84	0.749	d__Bacteria;p__Bacillota;c__Bacilli;o__Lactobacillales;f__Aerococcaceae;g__Granulicatella;s__	taxonomic classification defined by topology and ANI	classification based on placement in class-level tree	"GCA_963551375.1, s__Granulicatella sp963551375, 95.64, 94.56, 0.759; GCF_041433555.1, s__Granulicatella sp041433555, 95.6, 94.51, 0.82; GCA_902479935.1, s__Granulicatella sp902479935, 95.32, 94.51, 0.793; GCA_916049935.1, s__Granulicatella sp916049935, 95.67, 94.5, 0.715; GCA_916438765.1, s__Granulicatella sp916438765, 95.37, 94.43, 0.791; GCF_001071995.1, s__Granulicatella sp001071995, 95.07, 94.32, 0.803; GCA_001058355.1, s__Granulicatella sp001058355, 95.0, 94.29, 0.77; GCA_963521405.1, s__Granulicatella sp963521405, 95.6, 94.22, 0.778; GCA_963552295.1, s__Granulicatella sp963552295, 95.6, 94.18, 0.738; GCF_041433575.1, s__Granulicatella sp015264885, 95.38, 94.01, 0.825; GCA_015264955.1, s__Granulicatella sp015264955, 95.14, 93.99, 0.789; GCA_934193545.1, s__Granulicatella sp934193545, 95.0, 93.99, 0.773; GCA_963515505.1, s__Granulicatella sp963515505, 95.01, 93.97, 0.713; GCA_916050055.1, s__Granulicatella sp916050055, 95.2, 93.87, 0.745; GCA_963526005.1, s__Granulicatella sp963526005, 95.37, 93.86, 0.716; GCA_937967765.1, s__Granulicatella sp937967765, 95.2, 93.86, 0.707; GCA_916719965.1, s__Granulicatella sp916719965, 95.13, 93.82, 0.726; GCA_900551535.1, s__Granulicatella sp900551535, 95.0, 93.7, 0.687; GCA_937923125.1, s__Granulicatella sp937923125, 95.08, 93.59, 0.739; GCA_018364485.1, s__Granulicatella adiacens_A, 95.0, 93.07, 0.767; GCA_938039195.1, s__Granulicatella sp938039195, 95.21, 92.25, 0.741; GCA_963548485.1, s__Granulicatella sp963548485, 95.0, 91.43, 0.665; GCA_963540995.1, s__Granulicatella sp963540995, 95.0, 90.82, 0.717; GCA_905371865.1, s__Granulicatella sp905371865, 95.0, 89.83, 0.425; GCF_025150565.1, s__Granulicatella adiacens, 95.0, 89.72, 0.613; GCF_041433585.1, s__Granulicatella sp938017885, 95.45, 89.45, 0.588; GCF_938030755.1, s__Granulicatella sp938030755, 95.0, 88.96, 0.566; GCA_963523415.1, s__Granulicatella sp963523415, 95.0, 87.47, 0.459"	74.25	11	0.99813	Genome not assigned to closest species as it falls outside its pre-defined ANI radius
flye_nextpolish_0942_SemiBin_95	d__Bacteria;p__Bacillota;c__Negativicutes;o__Veillonellales;f__Veillonellaceae;g__Veillonella;s__	N/A	N/A	N/A	N/A	N/A	N/A	N/A	N/A	N/A	N/A	d__Bacteria;p__Bacillota;c__Negativicutes;o__Veillonellales;f__Veillonellaceae;g__Veillonella;s__	taxonomic classification defined by topology and ANI	classification based on placement in class-level tree	"GCA_902466275.1, s__Veillonella sp902466275, 96.69, 92.28, 0.546; GCA_018376995.1, s__Veillonella sp018376995, 95.0, 92.22, 0.748; GCF_040097785.1, s__Veillonella parvula_D, 96.76, 92.18, 0.755; GCF_018783925.1, s__Veillonella parvula_A, 96.37, 92.01, 0.742; GCF_032550495.1, s__Veillonella parvula_G, 96.63, 91.94, 0.753; GCF_024461875.1, s__Veillonella parvula_I, 96.34, 91.94, 0.752; GCA_032483415.1, s__Veillonella sp032483415, 96.76, 91.94, 0.739; GCF_040094895.1, s__Veillonella parvula_L, 96.37, 91.89, 0.747; GCF_036456085.1, s__Veillonella parvula_E, 96.38, 91.85, 0.752; GCA_018382475.1, s__Veillonella parvula_F, 96.75, 91.84, 0.747; GCF_002847925.1, s__Veillonella parvula_H, 96.08, 91.75, 0.743; GCF_032575955.1, s__Veillonella parvula_J, 96.37, 91.74, 0.743; GCF_018378075.1, s__Veillonella parvula_K, 96.75, 91.73, 0.729; GCA_032480995.1, s__Veillonella sp032480995, 96.1, 91.71, 0.742; GCF_014306175.1, s__Veillonella hominis, 95.84, 91.68, 0.747; GCF_032470285.1, s__Veillonella sp032470285, 96.37, 91.6, 0.737; GCF_041333735.1, s__Veillonella sp041333735, 95.0, 91.5, 0.741; GCF_900637515.1, s__Veillonella dispar, 95.03, 91.49, 0.766; GCF_000024945.1, s__Veillonella parvula, 95.74, 91.44, 0.739; GCF_002959775.1, s__Veillonella rogosae, 95.0, 91.42, 0.725; GCF_002959755.1, s__Veillonella sp002959755, 95.06, 91.38, 0.744; GCF_905209685.1, s__Veillonella sp905209685, 95.04, 91.31, 0.696; GCF_937975875.1, s__Veillonella dispar_B, 95.07, 91.06, 0.683; GCF_040094025.1, s__Veillonella fallax, 95.0, 90.96, 0.744; GCF_013393365.1, s__Veillonella nakazawae, 95.14, 90.84, 0.732; GCF_900538355.1, s__Veillonella sp900538355, 95.0, 90.83, 0.732; GCF_963524655.1, s__Veillonella sp963524655, 95.0, 90.78, 0.696; GCF_915069625.1, s__Veillonella sp915069625, 95.18, 90.78, 0.667; GCA_900549845.1, s__Veillonella sp900549845, 95.0, 90.75, 0.604; GCA_915066865.1, s__Veillonella sp915066865, 96.36, 90.74, 0.692; GCA_902477915.1, s__Veillonella sp902477915, 95.0, 90.64, 0.683; GCA_019419725.1, s__Veillonella sp019419725, 95.0, 90.63, 0.597; GCA_902478055.1, s__Veillonella sp902478055, 95.0, 90.63, 0.586; GCA_934216375.1, s__Veillonella sp934216375, 96.5, 90.61, 0.533; GCA_902489125.1, s__Veillonella sp902489125, 95.0, 90.56, 0.579; GCF_018381775.1, s__Veillonella sp018381775, 95.05, 90.52, 0.729; GCF_019414865.1, s__Veillonella sp019414865, 95.0, 90.51, 0.643; GCA_032482215.1, s__Veillonella sp032482215, 95.0, 90.51, 0.564; GCF_945949885.1, s__Veillonella parvula_B, 96.09, 90.43, 0.69; GCF_002959895.1, s__Veillonella infantium, 95.34, 90.41, 0.723; GCA_900552715.1, s__Veillonella sp900552715, 95.0, 90.36, 0.659; GCF_900545205.1, s__Veillonella sp900545205, 95.0, 90.3, 0.688; GCA_900552445.1, s__Veillonella sp900552445, 95.0, 90.27, 0.553; GCF_003463825.1, s__Veillonella sp003463825, 95.0, 90.18, 0.716; GCA_959608595.1, s__Veillonella sp959608595, 95.55, 90.12, 0.509; GCA_900766125.1, s__Veillonella sp900766125, 95.0, 90.06, 0.484; GCA_958351665.1, s__Veillonella infantium_A, 95.0, 90.04, 0.479; GCA_947096075.1, s__Veillonella parvula_C, 96.2, 89.87, 0.611; GCA_900550175.1, s__Veillonella sp900550175, 95.0, 89.87, 0.572; GCA_900556785.1, s__Veillonella sp900556785, 95.0, 89.75, 0.551; GCA_900757715.1, s__Veillonella sp900757715, 95.0, 89.68, 0.677; GCA_934183145.1, s__Veillonella sp934183145, 95.0, 89.61, 0.576; GCF_963543145.1, s__Veillonella sp963543145, 95.0, 89.46, 0.675; GCF_934190855.1, s__Veillonella sp934190855, 95.0, 89.31, 0.585; GCF_963522475.1, s__Veillonella sp963522475, 95.0, 89.12, 0.63; GCF_938010505.1, s__Veillonella sp938010505, 95.0, 88.4, 0.64; GCA_934202215.1, s__Veillonella sp934202215, 95.0, 88.18, 0.48; GCF_002959915.1, s__Veillonella atypica, 95.0, 84.85, 0.301; GCF_001078375.1, s__Veillonella tobetsuensis, 95.0, 84.79, 0.278; GCF_041431535.1, s__Veillonella sp934202095, 95.0, 84.67, 0.276; GCF_963534045.1, s__Veillonella sp963534045, 95.0, 84.16, 0.256; GCA_022737715.1, s__Veillonella sp022737715, 95.0, 83.38, 0.191; GCA_963539855.1, s__Veillonella sp963539855, 95.0, 83.18, 0.193; GCA_905214495.1, s__Veillonella sp905214495, 95.0, 83.04, 0.215; GCF_934230905.1, s__Veillonella sp934230905, 95.0, 82.4, 0.217; GCF_900187285.1, s__Veillonella rodentium, 95.12, 81.64, 0.161; GCF_002959855.1, s__Veillonella denticariosi, 95.0, 80.93, 0.178"	68.07	11	0.98502	Genome not assigned to closest species as it falls outside its pre-defined ANI radius
flye_nextpolish_4143_SemiBin_23	d__Bacteria;p__Bacillota;c__Clostridia;o__Lachnospirales;f__Lachnospiraceae;g__Jutongia;s__Jutongia huaianensis	GCF_014384985.1	95	d__Bacteria;p__Bacillota;c__Clostridia;o__Lachnospirales;f__Lachnospiraceae;g__Jutongia;s__Jutongia huaianensis	98.82	0.842	GCF_014384985.1	95	d__Bacteria;p__Bacillota;c__Clostridia;o__Lachnospirales;f__Lachnospiraceae;g__Jutongia;s__Jutongia huaianensis	98.82	0.842	d__Bacteria;p__Bacillota;c__Clostridia;o__Lachnospirales;f__Lachnospiraceae;g__Jutongia;s__	taxonomic classification defined by topology and ANI	topological placement and ANI have congruent species assignments	"GCA_900759665.1, s__Jutongia sp900759665, 95.0, 90.06, 0.542; GCA_934339135.1, s__Jutongia sp934339135, 95.0, 89.97, 0.622; GCA_934338765.1, s__Jutongia sp934338765, 95.0, 89.52, 0.558; GCA_902788645.1, s__Jutongia sp902788645, 95.0, 88.58, 0.552; GCF_003478445.1, s__Jutongia sp003524945, 95.0, 82.53, 0.191; GCA_022774505.1, s__Jutongia sp022774505, 95.0, 81.63, 0.156"	90.79	11	N/A	N/A
flye_nextpolish_4143_SemiBin_401	d__Bacteria;p__Bacillota;c__Clostridia;o__Lachnospirales;f__Lachnospiraceae;g__Coprococcus;s__Coprococcus ammoniilyticus	GCF_025567345.1	95	d__Bacteria;p__Bacillota;c__Clostridia;o__Lachnospirales;f__Lachnospiraceae;g__Coprococcus;s__Coprococcus ammoniilyticus	97.67	0.823	GCF_025567345.1	95	d__Bacteria;p__Bacillota;c__Clostridia;o__Lachnospirales;f__Lachnospiraceae;g__Coprococcus;s__Coprococcus ammoniilyticus	97.67	0.823	d__Bacteria;p__Bacillota;c__Clostridia;o__Lachnospirales;f__Lachnospiraceae;g__Coprococcus;s__	taxonomic classification defined by topology and ANI	topological placement and ANI have congruent species assignments	"GCA_020735665.1, s__Coprococcus sp000154245, 95.0, 94.5, 0.691; GCA_937894905.1, s__Coprococcus sp002437435, 95.0, 89.89, 0.562"	93.19	11	N/A	N/A
flye_nextpolish_8366_SemiBin_135	d__Bacteria;p__Bacillota;c__Clostridia;o__Oscillospirales;f__Oscillospiraceae;g__Hominicoprocola;s__Hominicoprocola sp900317525	GCF_018918025.1	95.11	d__Bacteria;p__Bacillota;c__Clostridia;o__Oscillospirales;f__Oscillospiraceae;g__Hominicoprocola;s__Hominicoprocola sp900317525	96.52	0.722	GCF_018918025.1	95.11	d__Bacteria;p__Bacillota;c__Clostridia;o__Oscillospirales;f__Oscillospiraceae;g__Hominicoprocola;s__Hominicoprocola sp900317525	96.52	0.722	d__Bacteria;p__Bacillota;c__Clostridia;o__Oscillospirales;f__Oscillospiraceae;g__Hominicoprocola;s__	taxonomic classification defined by topology and ANI	topological placement and ANI have congruent species assignments	"GCA_002437735.1, s__Hominicoprocola sp002437735, 95.0, 94.79, 0.776; GCA_937915075.1, s__Hominicoprocola sp937915075, 95.0, 94.12, 0.643; GCA_963654505.1, s__Hominicoprocola sp963654505, 95.0, 88.44, 0.516; GCA_021531315.1, s__Hominicoprocola sp900552375, 95.0, 88.28, 0.529; GCA_934553255.1, s__Hominicoprocola sp934553255, 95.0, 88.23, 0.603; GCA_934589665.1, s__Hominicoprocola sp934589665, 95.0, 83.58, 0.219; GCA_037419475.1, s__Hominicoprocola sp037419475, 95.0, 83.57, 0.253; GCA_020687125.1, s__Hominicoprocola fusiformis, 95.0, 81.91, 0.158; GCA_963612845.1, s__Hominicoprocola sp963612845, 95.0, 81.52, 0.161; GCA_900763705.1, s__Hominicoprocola sp900763705, 95.0, 81.02, 0.154; GCA_037343695.1, s__Hominicoprocola sp037343695, 95.0, 80.93, 0.152"	84.35	11	N/A	N/A
flye_nextpolish_8366_SemiBin_26	d__Bacteria;p__Bacillota;c__Clostridia;o__Lachnospirales;f__Lachnospiraceae;g__Dorea_A;s__	N/A	N/A	N/A	N/A	N/A	GCA_019421265.1	95	d__Bacteria;p__Bacillota;c__Clostridia;o__Lachnospirales;f__Lachnospiraceae;g__Dorea_A;s__Dorea_A sp019421265	97.17	0.38	d__Bacteria;p__Bacillota;c__Clostridia;o__Lachnospirales;f__Lachnospiraceae;g__Dorea_A;s__	taxonomic classification defined by topology and ANI	classification based on placement in class-level tree	"GCF_025567265.1, s__Dorea_A amylophila, 96.98, 96.64, 0.521; GCF_000424345.1, s__Dorea_A longicatena_C, 95.0, 95.19, 0.473; GCA_934309195.1, s__Dorea_A sp934309195, 95.0, 94.01, 0.467; GCF_025150085.1, s__Dorea_A longicatena, 95.0, 91.08, 0.362; GCA_900550865.1, s__Dorea_A sp900550865, 95.0, 90.51, 0.384; GCA_963595255.1, s__Dorea_A sp963595255, 95.0, 87.08, 0.292; GCA_934295165.1, s__Dorea_A sp934295165, 95.0, 86.66, 0.255; GCF_934294775.1, s__Dorea_A sp934294775, 95.0, 84.63, 0.186"	70.12	11	0.99679	Genome not assigned to closest species as it falls outside its pre-defined ANI radius
flye_nextpolish_8366_SemiBin_281	d__Bacteria;p__Bacteroidota;c__Bacteroidia;o__Bacteroidales;f__Tannerellaceae;g__Parabacteroides;s__Parabacteroides distasonis	GCF_000012845.1	95	d__Bacteria;p__Bacteroidota;c__Bacteroidia;o__Bacteroidales;f__Tannerellaceae;g__Parabacteroides;s__Parabacteroides distasonis	99.02	0.885	GCF_000012845.1	95	d__Bacteria;p__Bacteroidota;c__Bacteroidia;o__Bacteroidales;f__Tannerellaceae;g__Parabacteroides;s__Parabacteroides distasonis	99.02	0.885	d__Bacteria;p__Bacteroidota;c__Bacteroidia;o__Bacteroidales;f__Tannerellaceae;g__Parabacteroides;s__	taxonomic classification defined by topology and ANI	topological placement and ANI have congruent species assignments	"GCF_004793765.1, s__Parabacteroides distasonis_A, 95.0, 94.07, 0.643; GCF_011038785.1, s__Parabacteroides sp011038785, 95.0, 90.39, 0.584; GCA_028689545.1, s__Parabacteroides sp028689545, 95.0, 90.23, 0.616; GCF_947855115.1, s__Parabacteroides sp947855115, 95.0, 87.88, 0.565"	97.12	11	N/A	N/A
flye_nextpolish_8366_SemiBin_347	d__Bacteria;p__Bacteroidota;c__Bacteroidia;o__Bacteroidales;f__Tannerellaceae;g__Parabacteroides;s__Parabacteroides merdae	GCF_025151215.1	95	d__Bacteria;p__Bacteroidota;c__Bacteroidia;o__Bacteroidales;f__Tannerellaceae;g__Parabacteroides;s__Parabacteroides merdae	99.91	0.957	GCF_025151215.1	95	d__Bacteria;p__Bacteroidota;c__Bacteroidia;o__Bacteroidales;f__Tannerellaceae;g__Parabacteroides;s__Parabacteroides merdae	99.91	0.957	d__Bacteria;p__Bacteroidota;c__Bacteroidia;o__Bacteroidales;f__Tannerellaceae;g__Parabacteroides;s__	taxonomic classification defined by topology and ANI	topological placement and ANI have congruent species assignments	"GCA_019411205.1, s__Parabacteroides sp019411205, 95.0, 91.6, 0.746; GCF_025151045.1, s__Parabacteroides johnsonii, 95.0, 90.79, 0.672; GCF_902493135.1, s__Parabacteroides sp902493135, 95.0, 89.07, 0.601; GCF_014287585.1, s__Parabacteroides hominis, 95.0, 88.35, 0.622; GCA_910577325.1, s__Parabacteroides sp910577325, 95.0, 87.17, 0.491; GCF_900155425.1, s__Parabacteroides massiliensis, 95.0, 87.05, 0.543; GCA_041225035.1, s__Parabacteroides sp900760525, 95.0, 86.49, 0.548; GCA_017937385.1, s__Parabacteroides sp017937385, 95.0, 83.57, 0.328; GCF_003363715.1, s__Parabacteroides acidifaciens, 95.0, 81.16, 0.237; GCF_900552465.1, s__Parabacteroides sp900552465, 95.0, 80.76, 0.218"	95.85	11	N/A	N/A
flye_nextpolish_8366_SemiBin_70	d__Bacteria;p__Bacillota;c__Clostridia;o__Oscillospirales;f__Oscillospiraceae;g__CAG-170;s__CAG-170 sp937967235	GCA_937967235.1	95.32	d__Bacteria;p__Bacillota;c__Clostridia;o__Oscillospirales;f__Oscillospiraceae;g__CAG-170;s__CAG-170 sp937967235	95.55	0.676	GCA_916988195.3	95	d__Bacteria;p__Bacillota;c__Clostridia;o__Oscillospirales;f__Oscillospiraceae;g__CAG-170;s__CAG-170 sp900549635	94.77	0.688	d__Bacteria;p__Bacillota;c__Clostridia;o__Oscillospirales;f__Oscillospiraceae;g__CAG-170;s__	taxonomic classification defined by topology and ANI	N/A	"GCA_934668605.1, s__CAG-170 sp934668605, 95.0, 89.51, 0.481; GCA_937907715.1, s__CAG-170 sp937907715, 95.0, 84.62, 0.314; GCA_934661715.1, s__CAG-170 sp934661715, 95.0, 84.56, 0.238; GCA_003516765.1, s__CAG-170 sp003516765, 95.0, 83.59, 0.249; GCA_002437575.1, s__CAG-170 sp002437575, 95.0, 83.29, 0.231"	55.74	11	N/A	N/A
flye_nextpolish_8366_SemiBin_99	d__Bacteria;p__Bacillota;c__Clostridia;o__Lachnospirales;f__Lachnospiraceae;g__Blautia_A;s__Blautia_A sp005848555	GCF_005848555.1	96.6	d__Bacteria;p__Bacillota;c__Clostridia;o__Lachnospirales;f__Lachnospiraceae;g__Blautia_A;s__Blautia_A sp005848555	97.08	0.579	N/A	N/A	N/A	N/A	N/A	d__Bacteria;p__Bacillota;c__Clostridia;o__Lachnospirales;f__Lachnospiraceae;g__Blautia_A;s__	taxonomic classification defined by topology and ANI	topological placement and ANI have incongruent species assignments	"GCF_005848555.1, s__Blautia_A sp005848555, 96.6, 97.08, 0.579; GCF_020687435.1, s__Blautia_A fusiformis, 96.97, 94.73, 0.493; GCF_902167715.1, s__Blautia_A luti_A, 96.82, 94.48, 0.482; GCA_958454115.1, s__Blautia_A wexlerae_C, 95.0, 94.46, 0.375; GCA_003461955.1, s__Blautia_A sp900066335, 95.0, 89.63, 0.393; GCF_013304825.1, s__Blautia_A schinkii_B, 95.51, 88.96, 0.339; GCF_013304735.1, s__Blautia_A sp900066205, 95.0, 88.65, 0.373; GCA_963616205.1, s__Blautia_A sp963616205, 95.0, 88.25, 0.296; GCA_003474435.1, s__Blautia_A sp003474435, 95.0, 87.7, 0.305; GCF_040096615.1, s__Blautia_A aquisgranensis, 95.0, 86.11, 0.235; GCA_963642325.1, s__Blautia_A sp963642325, 95.0, 84.73, 0.186; GCA_963598855.1, s__Blautia_A sp963598855, 95.0, 84.39, 0.206"	50.81	11	N/A	N/A
flye_nextpolish_8373_SemiBin_102	d__Bacteria;p__Bacillota;c__Clostridia;o__Oscillospirales;f__Oscillospiraceae;g__Hominicoprocola;s__Hominicoprocola fusiformis	GCA_020687125.1	95	d__Bacteria;p__Bacillota;c__Clostridia;o__Oscillospirales;f__Oscillospiraceae;g__Hominicoprocola;s__Hominicoprocola fusiformis	97.68	0.846	GCA_020687125.1	95	d__Bacteria;p__Bacillota;c__Clostridia;o__Oscillospirales;f__Oscillospiraceae;g__Hominicoprocola;s__Hominicoprocola fusiformis	97.68	0.846	d__Bacteria;p__Bacillota;c__Clostridia;o__Oscillospirales;f__Oscillospiraceae;g__Hominicoprocola;s__	taxonomic classification defined by topology and ANI	topological placement and ANI have congruent species assignments	"GCA_040095065.1, s__Hominicoprocola sp934835795, 96.51, 96.35, 0.771; GCA_937884915.1, s__Hominicoprocola sp937884915, 95.0, 92.91, 0.602; GCA_963623615.1, s__Hominicoprocola sp963623615, 95.0, 91.96, 0.649; GCA_900552015.1, s__Hominicoprocola sp900552015, 95.0, 90.65, 0.598; GCA_037343695.1, s__Hominicoprocola sp037343695, 95.0, 89.93, 0.543; GCA_900763705.1, s__Hominicoprocola sp900763705, 95.0, 89.86, 0.648; GCA_900550165.1, s__Hominicoprocola sp900550165, 95.0, 89.4, 0.567; GCA_003522105.1, s__Hominicoprocola sp003522105, 95.0, 88.8, 0.501; GCA_934597535.1, s__Hominicoprocola sp934597535, 95.0, 88.22, 0.476; GCA_900546295.1, s__Hominicoprocola sp900546295, 95.0, 87.63, 0.536; GCA_934636865.1, s__Hominicoprocola sp934636865, 95.0, 87.53, 0.5; GCA_934561515.1, s__Hominicoprocola sp900556145, 95.0, 87.17, 0.479; GCA_934572445.1, s__Hominicoprocola sp934572445, 95.0, 86.64, 0.363; GCA_002405995.1, s__Hominicoprocola sp002405995, 95.0, 86.52, 0.425; GCA_934572465.1, s__Hominicoprocola sp934572465, 95.0, 85.55, 0.4; GCA_900768135.1, s__Hominicoprocola sp900768135, 95.0, 84.5, 0.322; GCA_963612845.1, s__Hominicoprocola sp963612845, 95.0, 84.46, 0.328"	92.69	11	N/A	N/A
flye_nextpolish_8373_SemiBin_107	d__Bacteria;p__Bacillota;c__Clostridia;o__Lachnospirales;f__Lachnospiraceae;g__Pilosibacter;s__Pilosibacter sp900066055	GCA_003480435.1	95	d__Bacteria;p__Bacillota;c__Clostridia;o__Lachnospirales;f__Lachnospiraceae;g__Pilosibacter;s__Pilosibacter sp900066055	95.85	0.822	N/A	N/A	N/A	N/A	N/A	d__Bacteria;p__Bacillota;c__Clostridia;o__Lachnospirales;f__Lachnospiraceae;g__Pilosibacter;s__	taxonomic classification defined by topology and ANI	topological placement and ANI have incongruent species assignments	"GCA_003480435.1, s__Pilosibacter sp900066055, 95.0, 95.85, 0.822; GCF_032490495.1, s__Pilosibacter fragilis, 95.0, 94.41, 0.738; GCA_902496665.1, s__Pilosibacter sp902496665, 95.0, 91.48, 0.71; GCA_003478035.1, s__Pilosibacter sp900066785, 95.0, 91.4, 0.643; GCA_934370915.1, s__Pilosibacter sp934370915, 95.0, 91.17, 0.644; GCA_963646925.1, s__Pilosibacter sp963646925, 95.0, 87.26, 0.443; GCA_963622995.1, s__Pilosibacter sp963622995, 95.0, 87.13, 0.442"	59.67	11	N/A	N/A
flye_nextpolish_8373_SemiBin_119	d__Bacteria;p__Bacillota;c__Clostridia;o__Lachnospirales;f__Lachnospiraceae;g__Acetatifactor;s__Acetatifactor intestinalis	GCF_009695995.1	95	d__Bacteria;p__Bacillota;c__Clostridia;o__Lachnospirales;f__Lachnospiraceae;g__Acetatifactor;s__Acetatifactor intestinalis	96.96	0.73	GCF_009695995.1	95	d__Bacteria;p__Bacillota;c__Clostridia;o__Lachnospirales;f__Lachnospiraceae;g__Acetatifactor;s__Acetatifactor intestinalis	96.96	0.73	d__Bacteria;p__Bacillota;c__Clostridia;o__Lachnospirales;f__Lachnospiraceae;g__Acetatifactor;s__	taxonomic classification defined by topology and ANI	topological placement and ANI have congruent species assignments	"GCA_945929965.1, s__Acetatifactor sp945929965, 95.36, 92.98, 0.629; GCA_040096245.1, s__Acetatifactor hominis, 95.0, 92.86, 0.573; GCF_025567015.1, s__Acetatifactor acetigignens, 95.0, 89.44, 0.489; GCA_963630275.1, s__Acetatifactor sp963630275, 95.0, 88.26, 0.492; GCA_934436245.1, s__Acetatifactor sp934436245, 95.0, 88.18, 0.427; GCA_900772845.1, s__Acetatifactor sp900772845, 95.0, 88.02, 0.419; GCA_002431915.1, s__Acetatifactor sp002431915, 95.0, 87.1, 0.46; GCA_963650795.1, s__Acetatifactor sp963650795, 95.0, 86.95, 0.445; GCA_934394815.1, s__Acetatifactor sp934394815, 95.0, 86.9, 0.424; GCA_900771995.1, s__Acetatifactor sp900771995, 95.0, 86.79, 0.452; GCA_963623435.1, s__Acetatifactor sp963623435, 95.0, 86.54, 0.427; GCA_900766575.1, s__Acetatifactor sp900766575, 95.0, 86.13, 0.385; GCA_934436435.1, s__Acetatifactor sp934436435, 95.0, 85.8, 0.372; GCA_934394665.1, s__Acetatifactor sp934394665, 95.0, 85.77, 0.29; GCA_934394515.1, s__Acetatifactor sp934394515, 95.0, 83.82, 0.291"	84	11	N/A	N/A
flye_nextpolish_8373_SemiBin_136	d__Bacteria;p__Bacteroidota;c__Bacteroidia;o__Bacteroidales;f__Rikenellaceae;g__Alistipes;s__Alistipes shahii	GCF_025145845.1	95	d__Bacteria;p__Bacteroidota;c__Bacteroidia;o__Bacteroidales;f__Rikenellaceae;g__Alistipes;s__Alistipes shahii	98.71	0.833	GCF_025145845.1	95	d__Bacteria;p__Bacteroidota;c__Bacteroidia;o__Bacteroidales;f__Rikenellaceae;g__Alistipes;s__Alistipes shahii	98.71	0.833	d__Bacteria;p__Bacteroidota;c__Bacteroidia;o__Bacteroidales;f__Rikenellaceae;g__Alistipes;s__	taxonomic classification defined by topology and ANI	topological placement and ANI have congruent species assignments	"GCF_900541585.1, s__Alistipes sp900541585, 95.0, 93.92, 0.672; GCF_020026455.1, s__Alistipes sp020026455, 95.0, 89.25, 0.575; GCF_018362775.1, s__Alistipes montrealensis, 95.0, 87.46, 0.484; GCF_025145645.1, s__Alistipes senegalensis, 95.0, 87.44, 0.417; GCA_023443765.1, s__Alistipes sp023443765, 95.0, 87.23, 0.447; GCF_900107675.1, s__Alistipes timonensis, 95.0, 86.01, 0.376; GCF_900083545.1, s__Alistipes provencensis, 95.0, 85.91, 0.36; GCA_001941065.1, s__Alistipes sp001941065, 95.0, 85.52, 0.322; GCF_000265365.1, s__Alistipes finegoldii, 95.0, 84.37, 0.271; GCF_025145285.1, s__Alistipes onderdonkii, 95.0, 84.14, 0.258; GCF_021204515.1, s__Alistipes sp021204515, 95.0, 82.99, 0.181; GCF_949296715.1, s__Alistipes sp949296715, 95.0, 82.6, 0.244; GCA_019119845.1, s__Alistipes merdavium, 95.0, 82.08, 0.225; GCA_019115245.1, s__Alistipes cottocaccae, 95.0, 81.93, 0.182; GCA_944320625.1, s__Alistipes sp944320625, 95.0, 81.93, 0.165; GCA_019118605.1, s__Alistipes faecavium, 95.0, 81.81, 0.198; GCA_019119615.1, s__Alistipes stercoravium, 95.0, 81.78, 0.183; GCF_006542685.1, s__Alistipes dispar, 95.0, 81.77, 0.21; GCF_902388705.1, s__Alistipes sp902388705, 95.0, 81.59, 0.172; GCA_019115075.1, s__Alistipes avistercoris, 95.0, 81.49, 0.187; GCA_900553175.1, s__Alistipes sp900553175, 95.0, 81.43, 0.195; GCA_019115745.1, s__Alistipes intestinigallinarum, 95.0, 81.43, 0.166; GCA_944321965.1, s__Alistipes sp944321965, 95.0, 81.42, 0.155; GCA_019115605.1, s__Alistipes faecigallinarum, 95.0, 81.4, 0.172; GCA_944321185.1, s__Alistipes sp944321185, 95.0, 81.33, 0.201; GCA_019113885.1, s__Alistipes intestinipullorum, 95.0, 81.22, 0.16; GCF_963931675.1, s__Alistipes sp944321195, 95.0, 81.09, 0.156; GCA_947364365.1, s__Alistipes sp947364365, 95.0, 81.07, 0.154; GCA_938014215.1, s__Alistipes sp938014215, 95.0, 80.99, 0.151; GCF_900604385.1, s__Alistipes megaguti, 95.0, 80.88, 0.152; GCA_944321945.1, s__Alistipes sp944321945, 95.0, 80.84, 0.168; GCA_902362705.1, s__Alistipes sp002358415, 95.0, 80.65, 0.156; GCA_944321765.1, s__Alistipes sp944321765, 95.0, 80.56, 0.155; GCA_910576555.1, s__Alistipes sp910576555, 95.0, 79.91, 0.151; GCF_022782405.1, s__Alistipes sp022782405, 95.0, 79.55, 0.163"	78.02	11	N/A	N/A
flye_nextpolish_8373_SemiBin_16	d__Bacteria;p__Bacteroidota;c__Bacteroidia;o__Bacteroidales;f__Bacteroidaceae;g__Bacteroides;s__	N/A	N/A	N/A	N/A	N/A	GCF_001314995.1	95	d__Bacteria;p__Bacteroidota;c__Bacteroidia;o__Bacteroidales;f__Bacteroidaceae;g__Bacteroides;s__Bacteroides ovatus	91.3	0.464	d__Bacteria;p__Bacteroidota;c__Bacteroidia;o__Bacteroidales;f__Bacteroidaceae;g__Bacteroides;s__	taxonomic classification defined by topology and ANI	classification based on placement in class-level tree	"GCA_900755095.1, s__Bacteroides sp900755095, 95.0, 92.05, 0.37; GCF_000011065.1, s__Bacteroides thetaiotaomicron, 95.0, 91.61, 0.479; GCA_947646015.1, s__Bacteroides sp947646015, 95.0, 90.0, 0.198; GCF_958387885.1, s__Bacteroides sp019412865, 95.22, 89.98, 0.392; GCA_019412825.1, s__Bacteroides thetaiotaomicron_A, 95.0, 89.95, 0.435; GCF_000210075.1, s__Bacteroides xylanisolvens, 95.0, 89.48, 0.386; GCA_019117555.1, s__Bacteroides intestinigallinarum, 95.0, 89.05, 0.391; GCF_009193295.2, s__Bacteroides luhongzhouii, 95.0, 87.92, 0.37; GCF_034291875.1, s__Bacteroides vicugnae, 95.0, 87.77, 0.379; GCA_948847595.1, s__Bacteroides sp948847595, 95.0, 87.54, 0.279; GCA_948742525.1, s__Bacteroides caecimuris_A, 95.0, 86.9, 0.25; GCF_002222615.2, s__Bacteroides caccae, 95.0, 86.56, 0.308; GCF_001688725.2, s__Bacteroides caecimuris, 95.89, 86.31, 0.245; GCA_947038155.1, s__Bacteroides sp947038155, 95.0, 86.28, 0.283; GCF_900106755.1, s__Bacteroides faecis, 95.0, 85.87, 0.331; GCA_900556625.1, s__Bacteroides sp900556625, 95.0, 84.79, 0.213; GCF_041227145.1, s__Bacteroides sp041227145, 95.0, 83.99, 0.211; GCF_900761785.1, s__Bacteroides sp900761785, 95.0, 83.97, 0.229; GCF_012113595.1, s__Bacteroides faecium, 95.0, 83.13, 0.238; GCF_024623065.1, s__Bacteroides acidifaciens, 95.0, 83.06, 0.181; GCF_903181435.1, s__Bacteroides sp900765785, 95.0, 82.76, 0.184; GCF_900130125.1, s__Bacteroides congonensis, 95.0, 82.44, 0.211; GCF_902491285.1, s__Bacteroides sp902491285, 95.0, 82.38, 0.18; GCF_014750685.1, s__Bacteroides sp014750685, 95.0, 82.16, 0.208"	31.91	11	0.99815	Genome has more than 10.8% of markers with multiple hits
flye_nextpolish_8373_SemiBin_168	d__Bacteria;p__Bacteroidota;c__Bacteroidia;o__Bacteroidales;f__Bacteroidaceae;g__Phocaeicola;s__Phocaeicola massiliensis	GCF_000382445.1	95	d__Bacteria;p__Bacteroidota;c__Bacteroidia;o__Bacteroidales;f__Bacteroidaceae;g__Phocaeicola;s__Phocaeicola massiliensis	99.02	0.869	GCF_000382445.1	95	d__Bacteria;p__Bacteroidota;c__Bacteroidia;o__Bacteroidales;f__Bacteroidaceae;g__Phocaeicola;s__Phocaeicola massiliensis	99.02	0.869	d__Bacteria;p__Bacteroidota;c__Bacteroidia;o__Bacteroidales;f__Bacteroidaceae;g__Phocaeicola;s__	taxonomic classification defined by topology and ANI	topological placement and ANI have congruent species assignments	"GCA_900760795.1, s__Phocaeicola sp900760795, 95.0, 93.24, 0.47; GCF_021730445.1, s__Phocaeicola faecalis, 95.0, 89.97, 0.683"	92.24	11	N/A	N/A
flye_nextpolish_8373_SemiBin_176	d__Bacteria;p__Bacillota;c__Clostridia;o__Lachnospirales;f__Lachnospiraceae;g__Blautia_A;s__Blautia_A sp900120195	GCF_900120195.1	95	d__Bacteria;p__Bacillota;c__Clostridia;o__Lachnospirales;f__Lachnospiraceae;g__Blautia_A;s__Blautia_A sp900120195	98.17	0.818	GCF_900120195.1	95	d__Bacteria;p__Bacillota;c__Clostridia;o__Lachnospirales;f__Lachnospiraceae;g__Blautia_A;s__Blautia_A sp900120195	98.17	0.818	d__Bacteria;p__Bacillota;c__Clostridia;o__Lachnospirales;f__Lachnospiraceae;g__Blautia_A;s__	taxonomic classification defined by topology and ANI	topological placement and ANI have congruent species assignments	"GCA_900066355.1, s__Blautia_A sp900066355, 95.0, 94.85, 0.756; GCF_014297355.1, s__Blautia_A intestinalis, 95.0, 94.56, 0.771; GCA_934371915.1, s__Blautia_A sp934371915, 95.0, 92.71, 0.671; GCA_963622815.1, s__Blautia_A sp963622815, 95.0, 83.96, 0.216; GCF_025147765.1, s__Blautia_A obeum, 95.0, 83.39, 0.272; GCF_040096655.1, s__Blautia_A intestinihominis, 95.0, 82.58, 0.184; GCF_018918125.1, s__Blautia_A sp018918125, 95.0, 82.54, 0.244; GCA_963597235.1, s__Blautia_A sp963597235, 95.0, 82.51, 0.211; GCF_934372025.1, s__Blautia_A sp934372025, 95.0, 82.12, 0.214; GCF_934424005.1, s__Blautia_A sp934424005, 95.25, 82.09, 0.236; GCA_934378195.1, s__Blautia_A sp934378195, 95.0, 81.99, 0.219; GCF_934424575.1, s__Blautia_A sp934424575, 95.0, 81.68, 0.172; GCF_009883055.1, s__Blautia_A sp900548245, 95.0, 80.73, 0.172"	80.9	11	N/A	N/A
flye_nextpolish_8373_SemiBin_27	d__Bacteria;p__Bacillota;c__Bacilli;o__Lactobacillales;f__Lactobacillaceae;g__Leuconostoc;s__Leuconostoc lactis	GCF_014651235.1	95	d__Bacteria;p__Bacillota;c__Bacilli;o__Lactobacillales;f__Lactobacillaceae;g__Leuconostoc;s__Leuconostoc lactis	98.06	0.851	GCF_014651235.1	95	d__Bacteria;p__Bacillota;c__Bacilli;o__Lactobacillales;f__Lactobacillaceae;g__Leuconostoc;s__Leuconostoc lactis	98.06	0.851	d__Bacteria;p__Bacillota;c__Bacilli;o__Lactobacillales;f__Lactobacillaceae;g__Leuconostoc;s__	taxonomic classification defined by topology and ANI	topological placement and ANI have congruent species assignments	"GCF_007954625.1, s__Leuconostoc lactis_A, 95.0, 94.93, 0.866; GCA_900554745.1, s__Leuconostoc sp900554745, 95.0, 89.55, 0.603; GCF_012396485.1, s__Leuconostoc holzapfelii, 95.0, 83.52, 0.383"	68.86	11	N/A	Genome has more than 11.7% of markers with multiple hits
flye_nextpolish_8373_SemiBin_283	d__Bacteria;p__Bacillota;c__Negativicutes;o__Acidaminococcales;f__Acidaminococcaceae;g__Phascolarctobacterium_A;s__Phascolarctobacterium_A succinatutens_B	GCF_958453765.1	95.08	d__Bacteria;p__Bacillota;c__Negativicutes;o__Acidaminococcales;f__Acidaminococcaceae;g__Phascolarctobacterium_A;s__Phascolarctobacterium_A succinatutens_B	96.56	0.847	GCF_958453765.1	95.08	d__Bacteria;p__Bacillota;c__Negativicutes;o__Acidaminococcales;f__Acidaminococcaceae;g__Phascolarctobacterium_A;s__Phascolarctobacterium_A succinatutens_B	96.56	0.847	d__Bacteria;p__Bacillota;c__Negativicutes;o__Acidaminococcales;f__Acidaminococcaceae;g__Phascolarctobacterium_A;s__	taxonomic classification defined by topology and ANI	topological placement and ANI have congruent species assignments	"GCF_000188175.1, s__Phascolarctobacterium_A succinatutens, 95.0, 95.0, 0.834; GCF_000434895.1, s__Phascolarctobacterium_A succinatutens_A, 95.0, 94.79, 0.771; GCA_963603005.1, s__Phascolarctobacterium_A sp963603005, 95.0, 94.56, 0.806; GCF_934203365.1, s__Phascolarctobacterium_A sp934203365, 95.0, 94.26, 0.788; GCF_900753045.1, s__Phascolarctobacterium_A sp900753045, 95.0, 94.11, 0.765; GCF_902463975.1, s__Phascolarctobacterium_A sp902463975, 95.0, 94.11, 0.76; GCA_963659725.1, s__Phascolarctobacterium_A sp963659725, 95.0, 93.9, 0.776; GCA_934234275.1, s__Phascolarctobacterium_A sp934234275, 95.0, 93.8, 0.73; GCF_937920985.1, s__Phascolarctobacterium_A sp937920985, 95.0, 93.42, 0.777; GCF_900770955.1, s__Phascolarctobacterium_A sp900770955, 95.0, 93.24, 0.782; GCF_934190775.1, s__Phascolarctobacterium_A sp934190775, 95.0, 92.79, 0.746; GCA_022718015.1, s__Phascolarctobacterium_A sp022718015, 95.0, 85.59, 0.2; GCA_900551335.1, s__Phascolarctobacterium_A sp900551335, 95.79, 83.63, 0.216; GCA_963657675.1, s__Phascolarctobacterium_A sp963657675, 95.0, 80.76, 0.181; GCA_963597755.1, s__Phascolarctobacterium_A sp963597755, 95.0, 80.53, 0.189; GCA_963611535.1, s__Phascolarctobacterium_A sp963611535, 95.0, 80.29, 0.17"	96.76	11	N/A	N/A
flye_nextpolish_8373_SemiBin_357	d__Bacteria;p__Bacillota;c__Bacilli;o__Lactobacillales;f__Streptococcaceae;g__Streptococcus;s__Streptococcus infantarius	GCF_000154985.1	95	d__Bacteria;p__Bacillota;c__Bacilli;o__Lactobacillales;f__Streptococcaceae;g__Streptococcus;s__Streptococcus infantarius	98.44	0.88	GCF_000154985.1	95	d__Bacteria;p__Bacillota;c__Bacilli;o__Lactobacillales;f__Streptococcaceae;g__Streptococcus;s__Streptococcus infantarius	98.44	0.88	d__Bacteria;p__Bacillota;c__Bacilli;o__Lactobacillales;f__Streptococcaceae;g__Streptococcus;s__	taxonomic classification defined by topology and ANI	topological placement and ANI have congruent species assignments	"GCF_011387195.1, s__Streptococcus ruminicola, 95.0, 95.11, 0.765; GCF_900475675.1, s__Streptococcus lutetiensis, 95.0, 94.38, 0.831; GCF_900101445.1, s__Streptococcus equinus_B, 95.0, 94.15, 0.761; GCF_900104225.1, s__Streptococcus equinus_D, 95.0, 90.67, 0.713; GCF_016461705.1, s__Streptococcus vicugnae, 95.0, 90.67, 0.696; GCF_000187265.1, s__Streptococcus equinus, 95.0, 88.19, 0.604; GCA_000283635.1, s__Streptococcus macedonicus, 95.0, 86.21, 0.423; GCF_934196125.1, s__Streptococcus sp934196125, 96.52, 86.0, 0.399; GCF_004843545.1, s__Streptococcus pasteurianus, 96.18, 85.7, 0.371; GCF_002000985.1, s__Streptococcus gallolyticus, 96.94, 85.52, 0.399; GCA_003337175.1, s__Streptococcus gallolyticus_B, 95.0, 84.31, 0.338; GCA_963588325.1, s__Streptococcus sp963588325, 95.0, 83.95, 0.37; GCA_019116645.1, s__Streptococcus faecavium, 95.0, 80.75, 0.151"	98.43	11	N/A	N/A
flye_nextpolish_8373_SemiBin_53	d__Bacteria;p__Bacillota;c__Bacilli;o__Lactobacillales;f__Streptococcaceae;g__Streptococcus;s__Streptococcus hominis	GCF_014287335.1	95	d__Bacteria;p__Bacillota;c__Bacilli;o__Lactobacillales;f__Streptococcaceae;g__Streptococcus;s__Streptococcus hominis	95.51	0.772	N/A	N/A	N/A	N/A	N/A	d__Bacteria;p__Bacillota;c__Bacilli;o__Lactobacillales;f__Streptococcaceae;g__Streptococcus;s__	taxonomic classification defined by topology and ANI	topological placement and ANI have incongruent species assignments	"GCF_014287335.1, s__Streptococcus hominis, 95.0, 95.51, 0.772; GCF_900636475.1, s__Streptococcus anginosus, 95.54, 95.02, 0.758; GCF_017315345.1, s__Streptococcus vaginalis, 95.0, 94.55, 0.721; GCF_000478925.1, s__Streptococcus whileyi, 95.18, 94.2, 0.738; GCF_902167705.1, s__Streptococcus constellatus_A, 95.0, 91.57, 0.682; GCF_023167545.1, s__Streptococcus constellatus, 95.0, 89.96, 0.61; GCF_000413475.1, s__Streptococcus intermedius, 95.0, 87.04, 0.474"	82.61	11	N/A	N/A
flye_nextpolish_8373_SemiBin_65	d__Bacteria;p__Bacillota;c__Clostridia;o__Lachnospirales;f__Lachnospiraceae;g__Otoolea;s__Otoolea fessa	GCF_003024715.1	95	d__Bacteria;p__Bacillota;c__Clostridia;o__Lachnospirales;f__Lachnospiraceae;g__Otoolea;s__Otoolea fessa	98.5	0.894	GCF_003024715.1	95	d__Bacteria;p__Bacillota;c__Clostridia;o__Lachnospirales;f__Lachnospiraceae;g__Otoolea;s__Otoolea fessa	98.5	0.894	d__Bacteria;p__Bacillota;c__Clostridia;o__Lachnospirales;f__Lachnospiraceae;g__Otoolea;s__	taxonomic classification defined by topology and ANI	topological placement and ANI have congruent species assignments	N/A	92.28	11	N/A	N/A
flye_nextpolish_8915_SemiBin_116	d__Bacteria;p__Bacillota;c__Bacilli;o__Lactobacillales;f__Streptococcaceae;g__Streptococcus;s__Streptococcus salivarius	GCF_000785515.1	95	d__Bacteria;p__Bacillota;c__Bacilli;o__Lactobacillales;f__Streptococcaceae;g__Streptococcus;s__Streptococcus salivarius	96.38	0.892	GCF_000785515.1	95	d__Bacteria;p__Bacillota;c__Bacilli;o__Lactobacillales;f__Streptococcaceae;g__Streptococcus;s__Streptococcus salivarius	96.38	0.892	d__Bacteria;p__Bacillota;c__Bacilli;o__Lactobacillales;f__Streptococcaceae;g__Streptococcus;s__	taxonomic classification defined by topology and ANI	topological placement and ANI have congruent species assignments	"GCF_023109335.1, s__Streptococcus salivarius_E, 95.32, 95.73, 0.867; GCF_002094975.1, s__Streptococcus salivarius_D, 95.6, 95.58, 0.815; GCF_009738225.1, s__Streptococcus sp001556435, 95.07, 94.74, 0.809; GCA_003521145.1, s__Streptococcus sp003521145, 95.0, 93.91, 0.798; GCF_902463925.1, s__Streptococcus sp902463925, 95.0, 93.21, 0.745; GCF_000188295.1, s__Streptococcus vestibularis, 95.0, 91.81, 0.752; GCF_963545685.1, s__Streptococcus sp963545685, 95.0, 90.85, 0.793; GCF_030284685.1, s__Streptococcus raffinosi, 95.0, 89.51, 0.698; GCF_934229725.1, s__Streptococcus sp934229725, 95.27, 89.5, 0.72; GCF_010120595.1, s__Streptococcus thermophilus, 95.0, 89.33, 0.621"	95.83	11	N/A	N/A
flye_nextpolish_8915_SemiBin_140	d__Bacteria;p__Bacillota;c__Clostridia;o__Lachnospirales;f__Lachnospiraceae;g__Gallintestinimicrobium;s__Gallintestinimicrobium propionicum	GCF_025567525.1	95	d__Bacteria;p__Bacillota;c__Clostridia;o__Lachnospirales;f__Lachnospiraceae;g__Gallintestinimicrobium;s__Gallintestinimicrobium propionicum	97.65	0.846	GCF_025567525.1	95	d__Bacteria;p__Bacillota;c__Clostridia;o__Lachnospirales;f__Lachnospiraceae;g__Gallintestinimicrobium;s__Gallintestinimicrobium propionicum	97.65	0.846	d__Bacteria;p__Bacillota;c__Clostridia;o__Lachnospirales;f__Lachnospiraceae;g__Gallintestinimicrobium;s__	taxonomic classification defined by topology and ANI	topological placement and ANI have congruent species assignments	N/A	74.4	11	N/A	N/A
flye_nextpolish_8915_SemiBin_147	d__Bacteria;p__Bacillota;c__Clostridia;o__Lachnospirales;f__Lachnospiraceae;g__Acetatifactor;s__Acetatifactor hominis	GCA_040096245.1	95	d__Bacteria;p__Bacillota;c__Clostridia;o__Lachnospirales;f__Lachnospiraceae;g__Acetatifactor;s__Acetatifactor hominis	95.74	0.737	GCA_040096245.1	95	d__Bacteria;p__Bacillota;c__Clostridia;o__Lachnospirales;f__Lachnospiraceae;g__Acetatifactor;s__Acetatifactor hominis	95.74	0.737	d__Bacteria;p__Bacillota;c__Clostridia;o__Lachnospirales;f__Lachnospiraceae;g__Acetatifactor;s__	taxonomic classification defined by topology and ANI	topological placement and ANI have congruent species assignments	"GCA_945929965.1, s__Acetatifactor sp945929965, 95.36, 94.56, 0.658; GCF_009695995.1, s__Acetatifactor intestinalis, 95.0, 91.14, 0.51; GCF_025567015.1, s__Acetatifactor acetigignens, 95.0, 89.1, 0.462; GCA_963630275.1, s__Acetatifactor sp963630275, 95.0, 88.49, 0.453; GCA_002431915.1, s__Acetatifactor sp002431915, 95.0, 87.67, 0.46; GCA_934436245.1, s__Acetatifactor sp934436245, 95.0, 86.9, 0.317; GCA_963623435.1, s__Acetatifactor sp963623435, 95.0, 86.63, 0.386; GCA_963650795.1, s__Acetatifactor sp963650795, 95.0, 86.61, 0.395; GCA_900772845.1, s__Acetatifactor sp900772845, 95.0, 86.29, 0.377; GCA_900771995.1, s__Acetatifactor sp900771995, 95.0, 85.69, 0.389; GCA_934436435.1, s__Acetatifactor sp934436435, 95.0, 85.67, 0.313; GCA_900766575.1, s__Acetatifactor sp900766575, 95.0, 85.31, 0.279; GCA_934394815.1, s__Acetatifactor sp934394815, 95.0, 85.23, 0.324; GCA_934394665.1, s__Acetatifactor sp934394665, 95.0, 84.99, 0.224; GCA_934394515.1, s__Acetatifactor sp934394515, 95.0, 83.36, 0.191"	48.15	11	N/A	N/A
flye_nextpolish_8915_SemiBin_154	d__Bacteria;p__Actinomycetota;c__Coriobacteriia;o__Coriobacteriales;f__Eggerthellaceae;g__Slackia;s__Slackia sp900555495	GCA_900555495.1	95	d__Bacteria;p__Actinomycetota;c__Coriobacteriia;o__Coriobacteriales;f__Eggerthellaceae;g__Slackia;s__Slackia sp900555495	99.04	0.797	GCA_900555495.1	95	d__Bacteria;p__Actinomycetota;c__Coriobacteriia;o__Coriobacteriales;f__Eggerthellaceae;g__Slackia;s__Slackia sp900555495	99.04	0.797	d__Bacteria;p__Actinomycetota;c__Coriobacteriia;o__Coriobacteriales;f__Eggerthellaceae;g__Slackia;s__	taxonomic classification defined by topology and ANI	topological placement and ANI have congruent species assignments	"GCF_959608125.1, s__Slackia sp959608125, 95.0, 93.88, 0.795; GCA_029266945.1, s__Slackia sp029266945, 95.0, 90.91, 0.715; GCF_003725295.1, s__Slackia faecicanis, 95.0, 89.33, 0.639; GCA_900553775.1, s__Slackia sp900553775, 95.0, 83.33, 0.206; GCA_030532315.1, s__Slackia sp030532315, 95.0, 82.7, 0.235; GCA_030525985.1, s__Slackia sp030525985, 95.0, 81.32, 0.188"	75.75	11	N/A	N/A
flye_nextpolish_8915_SemiBin_22	d__Bacteria;p__Bacillota;c__Clostridia;o__Lachnospirales;f__Lachnospiraceae;g__UBA3402;s__UBA3402 sp003478355	GCA_003478355.1	95	d__Bacteria;p__Bacillota;c__Clostridia;o__Lachnospirales;f__Lachnospiraceae;g__UBA3402;s__UBA3402 sp003478355	97.75	0.821	GCA_003478355.1	95	d__Bacteria;p__Bacillota;c__Clostridia;o__Lachnospirales;f__Lachnospiraceae;g__UBA3402;s__UBA3402 sp003478355	97.75	0.821	d__Bacteria;p__Bacillota;c__Clostridia;o__Lachnospirales;f__Lachnospiraceae;g__UBA3402;s__	taxonomic classification defined by topology and ANI	topological placement and ANI have congruent species assignments	"GCA_934418055.1, s__UBA3402 sp934418055, 95.0, 91.81, 0.558"	77.16	11	N/A	N/A
flye_nextpolish_8915_SemiBin_225	d__Bacteria;p__Bacillota;c__Clostridia;o__Oscillospirales;f__Butyricicoccaceae;g__Agathobaculum;s__	N/A	N/A	N/A	N/A	N/A	GCF_014288055.1	95	d__Bacteria;p__Bacillota;c__Clostridia;o__Oscillospirales;f__Butyricicoccaceae;g__Agathobaculum;s__Agathobaculum hominis	94.66	0.746	d__Bacteria;p__Bacillota;c__Clostridia;o__Oscillospirales;f__Butyricicoccaceae;g__Agathobaculum;s__	taxonomic classification defined by topology and ANI	classification based on placement in class-level tree	"GCA_963645185.1, s__Agathobaculum sp963645185, 95.0, 91.32, 0.697; GCA_900544475.1, s__Agathobaculum sp900544475, 95.0, 89.52, 0.594; GCF_003096535.1, s__Agathobaculum butyriciproducens, 95.0, 85.18, 0.244; GCA_963661675.1, s__Agathobaculum sp963661675, 95.0, 83.7, 0.185; GCF_934504345.1, s__Agathobaculum sp934504345, 95.0, 83.64, 0.229"	94.08	11	0.99919	Genome not assigned to closest species as it falls outside its pre-defined ANI radius
flye_nextpolish_8915_SemiBin_265	d__Bacteria;p__Bacillota;c__Clostridia;o__Oscillospirales;f__Oscillospiraceae;g__Evtepia;s__Evtepia sp004556345	GCA_004556345.1	95	d__Bacteria;p__Bacillota;c__Clostridia;o__Oscillospirales;f__Oscillospiraceae;g__Evtepia;s__Evtepia sp004556345	97.17	0.84	GCA_004556345.1	95	d__Bacteria;p__Bacillota;c__Clostridia;o__Oscillospirales;f__Oscillospiraceae;g__Evtepia;s__Evtepia sp004556345	97.17	0.84	d__Bacteria;p__Bacillota;c__Clostridia;o__Oscillospirales;f__Oscillospiraceae;g__Evtepia;s__	taxonomic classification defined by topology and ANI	topological placement and ANI have congruent species assignments	"GCA_963606215.1, s__Evtepia sp963606215, 95.0, 90.6, 0.71; GCA_019115225.1, s__Evtepia faecigallinarum, 95.0, 82.72, 0.166; GCA_934597725.1, s__Evtepia sp934597725, 95.0, 82.29, 0.211; GCA_019115545.1, s__Evtepia faecavium, 95.0, 82.29, 0.202; GCA_934572535.1, s__Evtepia sp934572535, 95.0, 81.86, 0.187; GCA_004554585.1, s__Evtepia sp004554585, 95.0, 81.81, 0.198; GCA_022764045.1, s__Evtepia sp022764045, 95.0, 81.45, 0.156; GCA_030535235.1, s__Evtepia sp030535235, 95.0, 81.03, 0.153"	94.74	11	N/A	N/A
flye_nextpolish_8915_SemiBin_267	d__Bacteria;p__Bacillota;c__Clostridia;o__Lachnospirales;f__Lachnospiraceae;g__CAKRPJ01;s__CAKRPJ01 sp934376955	GCA_934376955.1	95	d__Bacteria;p__Bacillota;c__Clostridia;o__Lachnospirales;f__Lachnospiraceae;g__CAKRPJ01;s__CAKRPJ01 sp934376955	97.79	0.722	GCA_934376955.1	95	d__Bacteria;p__Bacillota;c__Clostridia;o__Lachnospirales;f__Lachnospiraceae;g__CAKRPJ01;s__CAKRPJ01 sp934376955	97.79	0.722	d__Bacteria;p__Bacillota;c__Clostridia;o__Lachnospirales;f__Lachnospiraceae;g__;s__	taxonomic classification defined by topology and ANI	topological placement and ANI have congruent species assignments	N/A	91.4	11	N/A	N/A
flye_nextpolish_8915_SemiBin_293	d__Bacteria;p__Bacillota;c__Clostridia;o__Oscillospirales;f__Ruminococcaceae;g__Gemmiger;s__Gemmiger sp900540595	GCA_025757985.1	95	d__Bacteria;p__Bacillota;c__Clostridia;o__Oscillospirales;f__Ruminococcaceae;g__Gemmiger;s__Gemmiger sp900540595	96.19	0.735	GCA_025757985.1	95	d__Bacteria;p__Bacillota;c__Clostridia;o__Oscillospirales;f__Ruminococcaceae;g__Gemmiger;s__Gemmiger sp900540595	96.19	0.735	d__Bacteria;p__Bacillota;c__Clostridia;o__Oscillospirales;f__Ruminococcaceae;g__Gemmiger;s__	taxonomic classification defined by topology and ANI	topological placement and ANI have congruent species assignments	"GCF_900167555.1, s__Gemmiger formicilis, 95.0, 87.75, 0.468; GCF_018784445.1, s__Gemmiger sp900540775, 95.0, 87.61, 0.453; GCF_024462815.1, s__Gemmiger sp900554145, 95.0, 86.67, 0.41; GCA_934502625.1, s__Gemmiger sp934502625, 95.0, 85.95, 0.411; GCA_025758045.1, s__Gemmiger sp900539695, 95.0, 83.54, 0.226; GCA_004554775.1, s__Gemmiger variabilis_B, 95.0, 82.77, 0.222; GCF_934561205.1, s__Gemmiger sp934561205, 95.0, 82.71, 0.226; GCA_934529095.1, s__Gemmiger sp934529095, 95.18, 82.64, 0.2; GCA_963588145.1, s__Gemmiger sp963588145, 95.0, 81.92, 0.182; GCA_963655125.1, s__Gemmiger sp963655125, 95.0, 81.88, 0.184; GCA_004552305.1, s__Gemmiger variabilis_A, 95.0, 81.46, 0.177"	97.24	11	N/A	N/A
flye_nextpolish_8915_SemiBin_30	d__Bacteria;p__Desulfobacterota_I;c__Desulfovibrionia;o__Desulfovibrionales;f__Desulfovibrionaceae;g__Mailhella;s__Mailhella sp944324615	GCF_944324615.1	95	d__Bacteria;p__Desulfobacterota_I;c__Desulfovibrionia;o__Desulfovibrionales;f__Desulfovibrionaceae;g__Mailhella;s__Mailhella sp944324615	98.47	0.842	GCF_944324615.1	95	d__Bacteria;p__Desulfobacterota_I;c__Desulfovibrionia;o__Desulfovibrionales;f__Desulfovibrionaceae;g__Mailhella;s__Mailhella sp944324615	98.47	0.842	d__Bacteria;p__Desulfobacterota_I;c__Desulfovibrionia;o__Desulfovibrionales;f__Desulfovibrionaceae;g__Mailhella;s__	taxonomic classification defined by topology and ANI	topological placement and ANI have congruent species assignments	"GCF_900155525.1, s__Mailhella massiliensis, 95.0, 88.58, 0.54; GCF_020741395.1, s__Mailhella massiliensis_A, 95.0, 87.15, 0.429; GCA_949297645.1, s__Mailhella sp949297645, 95.0, 85.34, 0.237; GCA_905192935.1, s__Mailhella sp905192935, 95.0, 85.29, 0.238; GCA_900555975.1, s__Mailhella sp900555975, 95.0, 84.92, 0.189; GCA_944322695.1, s__Mailhella sp944322695, 95.0, 84.83, 0.258; GCF_905187505.1, s__Mailhella sp905187505, 95.0, 84.57, 0.257; GCF_963931295.1, s__Mailhella sp944324995, 95.0, 84.14, 0.273; GCA_037230945.1, s__Mailhella sp037230945, 95.0, 83.98, 0.249; GCF_944324575.1, s__Mailhella sp944324575, 95.0, 83.72, 0.217; GCA_037303805.1, s__Mailhella sp037303805, 95.0, 83.54, 0.166; GCA_900553065.1, s__Mailhella sp900553065, 95.0, 83.45, 0.273; GCA_019421865.1, s__Mailhella sp019421865, 95.0, 83.19, 0.249; GCA_944324085.1, s__Mailhella sp944324085, 95.0, 82.88, 0.229; GCA_944322635.1, s__Mailhella sp944322635, 95.0, 82.35, 0.193; GCA_944323575.1, s__Mailhella sp944323575, 95.0, 82.35, 0.159"	68.78	11	N/A	N/A
flye_nextpolish_8915_SemiBin_312	d__Bacteria;p__Bacillota;c__Clostridia;o__Oscillospirales;f__Ruminococcaceae;g__Ruminococcus_C;s__Ruminococcus_C sp000433635	GCA_000433635.1	95	d__Bacteria;p__Bacillota;c__Clostridia;o__Oscillospirales;f__Ruminococcaceae;g__Ruminococcus_C;s__Ruminococcus_C sp000433635	99.7	0.99	GCA_000433635.1	95	d__Bacteria;p__Bacillota;c__Clostridia;o__Oscillospirales;f__Ruminococcaceae;g__Ruminococcus_C;s__Ruminococcus_C sp000433635	99.7	0.99	d__Bacteria;p__Bacillota;c__Clostridia;o__Oscillospirales;f__Ruminococcaceae;g__Ruminococcus_C;s__	taxonomic classification defined by topology and ANI	topological placement and ANI have congruent species assignments	"GCA_902464115.1, s__Ruminococcus_C sp902464115, 95.0, 94.41, 0.84"	98.11	11	N/A	N/A
flye_nextpolish_8915_SemiBin_33	d__Bacteria;p__Bacteroidota;c__Bacteroidia;o__Bacteroidales;f__Marinifilaceae;g__Odoribacter;s__Odoribacter splanchnicus	GCF_000190535.1	95	d__Bacteria;p__Bacteroidota;c__Bacteroidia;o__Bacteroidales;f__Marinifilaceae;g__Odoribacter;s__Odoribacter splanchnicus	99.24	0.865	GCF_000190535.1	95	d__Bacteria;p__Bacteroidota;c__Bacteroidia;o__Bacteroidales;f__Marinifilaceae;g__Odoribacter;s__Odoribacter splanchnicus	99.24	0.865	d__Bacteria;p__Bacteroidota;c__Bacteroidia;o__Bacteroidales;f__Marinifilaceae;g__Odoribacter;s__	taxonomic classification defined by topology and ANI	topological placement and ANI have congruent species assignments	N/A	87.07	11	N/A	N/A
flye_nextpolish_8915_SemiBin_338	d__Bacteria;p__Bacteroidota;c__Bacteroidia;o__Bacteroidales;f__Bacteroidaceae;g__Prevotella;s__Prevotella sp900548745	GCA_900548745.1	95	d__Bacteria;p__Bacteroidota;c__Bacteroidia;o__Bacteroidales;f__Bacteroidaceae;g__Prevotella;s__Prevotella sp900548745	97.93	0.785	GCA_900548745.1	95	d__Bacteria;p__Bacteroidota;c__Bacteroidia;o__Bacteroidales;f__Bacteroidaceae;g__Prevotella;s__Prevotella sp900548745	97.93	0.785	d__Bacteria;p__Bacteroidota;c__Bacteroidia;o__Bacteroidales;f__Bacteroidaceae;g__Prevotella;s__	taxonomic classification defined by topology and ANI	topological placement and ANI have congruent species assignments	N/A	94.8	11	N/A	N/A
flye_nextpolish_8915_SemiBin_361	d__Bacteria;p__Bacillota;c__Clostridia;o__TANB77;f__CAG-508;g__CAG-269;s__CAG-269 sp001916035	GCA_001916035.1	95	d__Bacteria;p__Bacillota;c__Clostridia;o__TANB77;f__CAG-508;g__CAG-269;s__CAG-269 sp001916035	99.2	0.862	GCA_001916035.1	95	d__Bacteria;p__Bacillota;c__Clostridia;o__TANB77;f__CAG-508;g__CAG-269;s__CAG-269 sp001916035	99.2	0.862	d__Bacteria;p__Bacillota;c__Clostridia;o__TANB77;f__CAG-508;g__CAG-269;s__	taxonomic classification defined by topology and ANI	topological placement and ANI have congruent species assignments	"GCA_900754285.1, s__CAG-269 sp900754285, 95.0, 85.95, 0.328; GCA_934169775.1, s__CAG-269 sp934169775, 95.0, 84.67, 0.295; GCA_902491155.1, s__CAG-269 sp905203195, 95.0, 83.87, 0.248"	87.25	11	N/A	N/A
flye_nextpolish_8915_SemiBin_414	d__Bacteria;p__Bacillota;c__Clostridia;o__Oscillospirales;f__Ruminococcaceae;g__Ruminococcus_C;s__Ruminococcus_C callidus	GCF_000468015.1	95	d__Bacteria;p__Bacillota;c__Clostridia;o__Oscillospirales;f__Ruminococcaceae;g__Ruminococcus_C;s__Ruminococcus_C callidus	97.26	0.782	GCF_000468015.1	95	d__Bacteria;p__Bacillota;c__Clostridia;o__Oscillospirales;f__Ruminococcaceae;g__Ruminococcus_C;s__Ruminococcus_C callidus	97.26	0.782	d__Bacteria;p__Bacillota;c__Clostridia;o__Oscillospirales;f__Ruminococcaceae;g__Ruminococcus_C;s__	taxonomic classification defined by topology and ANI	topological placement and ANI have congruent species assignments	"GCA_000980705.1, s__Ruminococcus_C sp000980705, 95.0, 84.89, 0.309; GCA_934463425.1, s__Ruminococcus_C sp934463425, 95.0, 83.79, 0.297; GCA_963590855.1, s__Ruminococcus_C sp963590855, 95.0, 83.4, 0.254"	97.34	11	N/A	N/A
flye_nextpolish_8915_SemiBin_417	d__Bacteria;p__Bacillota;c__Clostridia;o__Oscillospirales;f__Ruminococcaceae;g__CAG-115;s__CAG-115 sp003531585	GCA_003531585.1	95	d__Bacteria;p__Bacillota;c__Clostridia;o__Oscillospirales;f__Ruminococcaceae;g__CAG-115;s__CAG-115 sp003531585	98.37	0.912	GCA_003531585.1	95	d__Bacteria;p__Bacillota;c__Clostridia;o__Oscillospirales;f__Ruminococcaceae;g__CAG-115;s__CAG-115 sp003531585	98.37	0.912	d__Bacteria;p__Bacillota;c__Clostridia;o__Oscillospirales;f__Ruminococcaceae;g__CAG-115;s__	taxonomic classification defined by topology and ANI	topological placement and ANI have congruent species assignments	"GCA_945923775.1, s__CAG-115 sp945923775, 95.0, 94.56, 0.74; GCA_934456315.1, s__CAG-115 sp934456315, 95.0, 87.39, 0.492; GCA_934446565.1, s__CAG-115 sp934446565, 95.0, 86.77, 0.489; GCA_900768125.1, s__CAG-115 sp900768125, 95.0, 86.06, 0.451; GCA_937893735.1, s__CAG-115 sp937893735, 95.0, 84.28, 0.204; GCA_000432175.1, s__CAG-115 sp000432175, 95.0, 83.17, 0.202; GCA_934457235.1, s__CAG-115 sp934457235, 95.0, 82.94, 0.192; GCA_934448295.1, s__CAG-115 sp934448295, 95.0, 82.88, 0.248; GCA_934466475.1, s__CAG-115 sp934466475, 95.0, 82.72, 0.23; GCA_900542145.1, s__CAG-115 sp003507295, 95.0, 82.64, 0.242; GCA_934481355.1, s__CAG-115 sp934481355, 95.0, 82.55, 0.261; GCA_934454435.1, s__CAG-115 sp934454435, 95.0, 82.04, 0.201"	95.29	11	N/A	N/A
flye_nextpolish_8915_SemiBin_51	d__Bacteria;p__Bacillota;c__Clostridia;o__Christensenellales;f__Aristaeellaceae;g__UBA11524;s__UBA11524 sp000437595	GCA_000437595.1	95	d__Bacteria;p__Bacillota;c__Clostridia;o__Christensenellales;f__Aristaeellaceae;g__UBA11524;s__UBA11524 sp000437595	97.24	0.868	GCA_000437595.1	95	d__Bacteria;p__Bacillota;c__Clostridia;o__Christensenellales;f__Aristaeellaceae;g__UBA11524;s__UBA11524 sp000437595	97.24	0.868	d__Bacteria;p__Bacillota;c__Clostridia;o__Christensenellales;f__Aristaeellaceae;g__UBA11524;s__	taxonomic classification defined by topology and ANI	topological placement and ANI have congruent species assignments	N/A	86.95	11	N/A	N/A
flye_nextpolish_8915_SemiBin_57	d__Bacteria;p__Bacteroidota;c__Bacteroidia;o__Bacteroidales;f__Rikenellaceae;g__Alistipes;s__Alistipes communis	GCF_006542665.1	95	d__Bacteria;p__Bacteroidota;c__Bacteroidia;o__Bacteroidales;f__Rikenellaceae;g__Alistipes;s__Alistipes communis	98.79	0.922	GCF_006542665.1	95	d__Bacteria;p__Bacteroidota;c__Bacteroidia;o__Bacteroidales;f__Rikenellaceae;g__Alistipes;s__Alistipes communis	98.79	0.922	d__Bacteria;p__Bacteroidota;c__Bacteroidia;o__Bacteroidales;f__Rikenellaceae;g__Alistipes;s__	taxonomic classification defined by topology and ANI	topological placement and ANI have congruent species assignments	"GCA_900550375.1, s__Alistipes sp900550375, 95.0, 87.19, 0.486; GCA_900552955.1, s__Alistipes sp900552955, 95.0, 86.61, 0.425; GCA_905214725.1, s__Alistipes sp905214725, 95.0, 85.92, 0.454"	74.15	11	N/A	N/A
flye_nextpolish_8915_SemiBin_87	d__Bacteria;p__Bacillota;c__Clostridia;o__Clostridiales;f__Clostridiaceae;g__Clostridium;s__Clostridium sp000435835	GCF_000435835.1	95	d__Bacteria;p__Bacillota;c__Clostridia;o__Clostridiales;f__Clostridiaceae;g__Clostridium;s__Clostridium sp000435835	99.22	0.913	GCF_000435835.1	95	d__Bacteria;p__Bacillota;c__Clostridia;o__Clostridiales;f__Clostridiaceae;g__Clostridium;s__Clostridium sp000435835	99.22	0.913	d__Bacteria;p__Bacillota;c__Clostridia;o__Clostridiales;f__Clostridiaceae;g__Clostridium;s__	taxonomic classification defined by topology and ANI	topological placement and ANI have congruent species assignments	"GCF_014287815.1, s__Clostridium lentum, 95.0, 92.95, 0.742; GCA_024409095.1, s__Clostridium sp024409095, 95.0, 89.87, 0.61"	92.75	11	N/A	N/A
flye_nextpolish_8915_SemiBin_90	d__Bacteria;p__Bacillota;c__Clostridia;o__Oscillospirales;f__Oscillospiraceae;g__Faecousia;s__Faecousia sp900544405	GCA_900544405.1	95	d__Bacteria;p__Bacillota;c__Clostridia;o__Oscillospirales;f__Oscillospiraceae;g__Faecousia;s__Faecousia sp900544405	96.11	0.624	N/A	N/A	N/A	N/A	N/A	d__Bacteria;p__Bacillota;c__Clostridia;o__Oscillospirales;f__Oscillospiraceae;g__Faecousia;s__	taxonomic classification defined by topology and ANI	topological placement and ANI have incongruent species assignments	"GCA_900544405.1, s__Faecousia sp900544405, 95.0, 96.11, 0.624; GCA_022770345.1, s__Faecousia sp022770345, 95.0, 93.09, 0.605"	42.57	11	N/A	N/A
flye_nextpolish_8915_SemiBin_97	d__Bacteria;p__Bacillota;c__Clostridia;o__Lachnospirales;f__Lachnospiraceae;g__Lachnospira;s__Lachnospira sp000436535	GCA_000436535.1	95	d__Bacteria;p__Bacillota;c__Clostridia;o__Lachnospirales;f__Lachnospiraceae;g__Lachnospira;s__Lachnospira sp000436535	98.49	0.856	GCA_000436535.1	95	d__Bacteria;p__Bacillota;c__Clostridia;o__Lachnospirales;f__Lachnospiraceae;g__Lachnospira;s__Lachnospira sp000436535	98.49	0.856	d__Bacteria;p__Bacillota;c__Clostridia;o__Lachnospirales;f__Lachnospiraceae;g__Lachnospira;s__	taxonomic classification defined by topology and ANI	topological placement and ANI have congruent species assignments	"GCA_000436475.1, s__Lachnospira sp000436475, 95.0, 84.95, 0.262; GCA_934358235.1, s__Lachnospira sp934358235, 95.0, 84.42, 0.169; GCA_019424245.1, s__Lachnospira sp019424245, 95.0, 84.15, 0.19; GCA_937902625.1, s__Lachnospira sp002435585, 95.0, 83.51, 0.238"	71.19	11	N/A	N/A
hybridspades_0942_SemiBin_127	d__Bacteria;p__Pseudomonadota;c__Gammaproteobacteria;o__Burkholderiales;f__Burkholderiaceae;g__Parasutterella;s__Parasutterella excrementihominis	GCF_000205025.1	95.74	d__Bacteria;p__Pseudomonadota;c__Gammaproteobacteria;o__Burkholderiales;f__Burkholderiaceae;g__Parasutterella;s__Parasutterella excrementihominis	97.54	0.874	GCF_000205025.1	95.74	d__Bacteria;p__Pseudomonadota;c__Gammaproteobacteria;o__Burkholderiales;f__Burkholderiaceae;g__Parasutterella;s__Parasutterella excrementihominis	97.54	0.874	d__Bacteria;p__Pseudomonadota;c__Gammaproteobacteria;o__Burkholderiales;f__Burkholderiaceae;g__Parasutterella;s__	taxonomic classification defined by topology and ANI	topological placement and ANI have congruent species assignments	"GCA_002492145.1, s__Parasutterella sp900552195, 95.0, 94.44, 0.784; GCF_900766055.1, s__Parasutterella sp900766055, 95.0, 91.32, 0.683; GCA_019113195.1, s__Parasutterella gallistercoris, 95.0, 90.59, 0.546; GCA_900554375.1, s__Parasutterella sp900554375, 95.0, 87.21, 0.35"	39.89	11	N/A	N/A
hybridspades_0942_SemiBin_144	d__Bacteria;p__Pseudomonadota;c__Gammaproteobacteria;o__Enterobacterales;f__Pasteurellaceae;g__Haemophilus_D;s__	N/A	N/A	N/A	N/A	N/A	GCF_001053575.1	95	d__Bacteria;p__Pseudomonadota;c__Gammaproteobacteria;o__Enterobacterales;f__Pasteurellaceae;g__Haemophilus_D;s__Haemophilus_D parainfluenzae_S	94.83	0.899	d__Bacteria;p__Pseudomonadota;c__Gammaproteobacteria;o__Enterobacterales;f__Pasteurellaceae;g__Haemophilus_D;s__	taxonomic classification defined by topology and ANI	classification based on placement in class-level tree	"GCF_902466845.1, s__Haemophilus_D sp902466845, 95.37, 94.86, 0.804; GCA_902482195.1, s__Haemophilus_D sp902482195, 95.0, 94.83, 0.765; GCF_003252725.1, s__Haemophilus_D parainfluenzae_L, 95.0, 94.6, 0.887; GCA_018381885.1, s__Haemophilus_D parainfluenzae_AH, 95.0, 94.6, 0.884; GCF_003252795.1, s__Haemophilus_D parainfluenzae_K, 95.0, 94.6, 0.878; GCA_963515445.1, s__Haemophilus_D parainfluenzae_AI, 95.0, 94.6, 0.877; GCA_900756875.1, s__Haemophilus_D sp900756875, 95.0, 94.54, 0.865; GCA_905215245.1, s__Haemophilus_D sp905215245, 95.1, 94.54, 0.833; GCA_902481695.1, s__Haemophilus_D sp902481695, 95.0, 94.54, 0.798; GCA_001914055.1, s__Haemophilus_D parainfluenzae_V, 95.0, 94.53, 0.896; GCF_001815355.1, s__Haemophilus_D sp001815355, 95.1, 94.53, 0.889; GCA_905371285.1, s__Haemophilus_D sp905371285, 95.15, 94.53, 0.807; GCF_001811025.1, s__Haemophilus_D sp001811025, 95.0, 94.52, 0.889; GCF_001055095.1, s__Haemophilus_D parainfluenzae_Z, 95.0, 94.51, 0.886; GCF_014931375.1, s__Haemophilus_D sp927911595, 95.09, 94.49, 0.9; GCF_014931415.1, s__Haemophilus_D parainfluenzae_AF, 95.08, 94.49, 0.885; GCA_018382395.1, s__Haemophilus_D parainfluenzae_R, 95.05, 94.49, 0.885; GCA_018366115.1, s__Haemophilus_D parainfluenzae_AB, 95.0, 94.49, 0.883; GCA_018363335.1, s__Haemophilus_D parainfluenzae_Y, 95.0, 94.49, 0.882; GCA_959020685.1, s__Haemophilus_D parainfluenzae_T, 95.0, 94.45, 0.802; GCF_905207935.1, s__Haemophilus_D sp905207935, 95.0, 94.43, 0.819; GCF_019423025.1, s__Haemophilus_D sp019423025, 95.46, 94.42, 0.879; GCA_018369675.1, s__Haemophilus_D parainfluenzae_AC, 95.0, 94.38, 0.886; GCF_001679485.1, s__Haemophilus_D sp001679485, 95.0, 94.31, 0.866; GCF_014931395.1, s__Haemophilus_D sp900764435, 95.09, 94.27, 0.88; GCF_014931275.1, s__Haemophilus_D sp014931275, 95.06, 94.27, 0.879; GCA_963516375.1, s__Haemophilus_D parainfluenzae_AG, 95.07, 94.27, 0.877; GCA_900756155.1, s__Haemophilus_D sp900756155, 95.0, 94.27, 0.869; GCF_000210895.1, s__Haemophilus_D parainfluenzae_A, 95.0, 94.27, 0.866; GCA_916050345.1, s__Haemophilus_D parainfluenzae_AA, 95.0, 94.27, 0.864; GCA_963537955.1, s__Haemophilus_D parainfluenzae_AJ, 95.0, 94.27, 0.848; GCF_937976265.1, s__Haemophilus_D sp937976265, 95.0, 94.17, 0.821; GCA_015255025.1, s__Haemophilus_D sp015255025, 95.0, 94.07, 0.753; GCF_905205995.1, s__Haemophilus_D sp905205995, 95.0, 94.04, 0.863; GCF_902461185.1, s__Haemophilus_D sp902461185, 95.27, 93.93, 0.841; GCF_963548985.1, s__Haemophilus_D sp963548985, 95.07, 93.9, 0.785; GCA_900755445.1, s__Haemophilus_D sp900755445, 95.0, 93.9, 0.762; GCA_934276625.1, s__Haemophilus_D sp934276625, 95.0, 93.9, 0.694; GCA_916720325.1, s__Haemophilus_D parainfluenzae_W, 95.0, 93.88, 0.579; GCA_032568935.1, s__Haemophilus_D parainfluenzae_AE, 95.37, 93.83, 0.835; GCF_003252755.1, s__Haemophilus_D parainfluenzae_N, 95.0, 93.8, 0.859; GCA_018378615.1, s__Haemophilus_D parainfluenzae_X, 95.0, 93.78, 0.727; GCF_031191205.1, s__Haemophilus_D parainfluenzae, 95.49, 93.77, 0.856; GCA_905214375.1, s__Haemophilus_D sp905214375, 95.0, 93.77, 0.755; GCA_959600045.1, s__Haemophilus_D sp959600045, 95.0, 93.73, 0.576; GCF_001679325.1, s__Haemophilus_D parainfluenzae_AD, 95.0, 93.61, 0.839; GCF_900450995.1, s__Haemophilus_D parainfluenzae_O, 95.3, 93.6, 0.831; GCA_934834395.1, s__Haemophilus_D parainfluenzae_Q, 95.27, 93.6, 0.683; GCF_003253005.1, s__Haemophilus_D parainfluenzae_M, 95.0, 93.5, 0.814; GCA_963517645.1, s__Haemophilus_D sp963517645, 95.0, 93.27, 0.729; GCA_019423005.1, s__Haemophilus_D sp019423005, 95.0, 92.83, 0.58; GCF_036288925.1, s__Haemophilus_D sp030405845, 95.0, 92.7, 0.795; GCF_900638025.1, s__Haemophilus_D parainfluenzae_J, 95.21, 92.65, 0.796; GCF_900186995.1, s__Haemophilus_D pittmaniae, 95.0, 85.69, 0.163"	52.22	11	0.99787	Genome not assigned to closest species as it falls outside its pre-defined ANI radius
hybridspades_0942_SemiBin_157	d__Bacteria;p__Bacillota;c__Negativicutes;o__Veillonellales;f__Veillonellaceae;g__Veillonella;s__	N/A	N/A	N/A	N/A	N/A	N/A	N/A	N/A	N/A	N/A	d__Bacteria;p__Bacillota;c__Negativicutes;o__Veillonellales;f__Veillonellaceae;g__Veillonella;s__	taxonomic classification defined by topology and ANI	classification based on placement in class-level tree	"GCF_040097785.1, s__Veillonella parvula_D, 96.76, 92.77, 0.689; GCF_024461875.1, s__Veillonella parvula_I, 96.34, 92.77, 0.685; GCA_018382475.1, s__Veillonella parvula_F, 96.75, 92.53, 0.69; GCF_002847925.1, s__Veillonella parvula_H, 96.08, 92.41, 0.691; GCA_018376995.1, s__Veillonella sp018376995, 95.0, 92.39, 0.69; GCF_040094895.1, s__Veillonella parvula_L, 96.37, 92.38, 0.689; GCF_018783925.1, s__Veillonella parvula_A, 96.37, 92.37, 0.704; GCF_018378075.1, s__Veillonella parvula_K, 96.75, 92.35, 0.68; GCF_032550495.1, s__Veillonella parvula_G, 96.63, 92.32, 0.699; GCA_032483415.1, s__Veillonella sp032483415, 96.76, 92.16, 0.692; GCF_014306175.1, s__Veillonella hominis, 95.84, 92.16, 0.69; GCF_036456085.1, s__Veillonella parvula_E, 96.38, 92.13, 0.685; GCF_905209685.1, s__Veillonella sp905209685, 95.04, 92.1, 0.65; GCA_032480995.1, s__Veillonella sp032480995, 96.1, 92.05, 0.689; GCF_032470285.1, s__Veillonella sp032470285, 96.37, 91.99, 0.697; GCF_032575955.1, s__Veillonella parvula_J, 96.37, 91.87, 0.701; GCA_915066865.1, s__Veillonella sp915066865, 96.36, 91.81, 0.665; GCA_902466275.1, s__Veillonella sp902466275, 96.69, 91.72, 0.409; GCF_915069625.1, s__Veillonella sp915069625, 95.18, 91.67, 0.618; GCF_019414865.1, s__Veillonella sp019414865, 95.0, 91.54, 0.625; GCF_937975875.1, s__Veillonella dispar_B, 95.07, 91.47, 0.644; GCF_000024945.1, s__Veillonella parvula, 95.74, 91.45, 0.689; GCF_003463825.1, s__Veillonella sp003463825, 95.0, 91.43, 0.683; GCF_900637515.1, s__Veillonella dispar, 95.03, 91.4, 0.72; GCF_040094025.1, s__Veillonella fallax, 95.0, 91.4, 0.707; GCA_902489125.1, s__Veillonella sp902489125, 95.0, 91.4, 0.534; GCF_900545205.1, s__Veillonella sp900545205, 95.0, 91.38, 0.641; GCA_902477915.1, s__Veillonella sp902477915, 95.0, 91.26, 0.652; GCF_002959755.1, s__Veillonella sp002959755, 95.06, 91.25, 0.701; GCF_041333735.1, s__Veillonella sp041333735, 95.0, 91.25, 0.695; GCF_900538355.1, s__Veillonella sp900538355, 95.0, 91.19, 0.698; GCA_902478055.1, s__Veillonella sp902478055, 95.0, 91.09, 0.533; GCA_934216375.1, s__Veillonella sp934216375, 96.5, 91.06, 0.499; GCF_013393365.1, s__Veillonella nakazawae, 95.14, 91.04, 0.683; GCA_900757715.1, s__Veillonella sp900757715, 95.0, 91.03, 0.616; GCA_019419725.1, s__Veillonella sp019419725, 95.0, 90.97, 0.582; GCA_032482215.1, s__Veillonella sp032482215, 95.0, 90.97, 0.525; GCA_900549845.1, s__Veillonella sp900549845, 95.0, 90.94, 0.569; GCF_945949885.1, s__Veillonella parvula_B, 96.09, 90.9, 0.632; GCA_900766125.1, s__Veillonella sp900766125, 95.0, 90.83, 0.457; GCA_947096075.1, s__Veillonella parvula_C, 96.2, 90.81, 0.571; GCA_900552715.1, s__Veillonella sp900552715, 95.0, 90.76, 0.614; GCF_018381775.1, s__Veillonella sp018381775, 95.05, 90.63, 0.674; GCF_002959775.1, s__Veillonella rogosae, 95.0, 90.63, 0.662; GCA_900550175.1, s__Veillonella sp900550175, 95.0, 90.6, 0.54; GCF_002959895.1, s__Veillonella infantium, 95.34, 90.42, 0.676; GCF_963524655.1, s__Veillonella sp963524655, 95.0, 90.25, 0.646; GCA_934183145.1, s__Veillonella sp934183145, 95.0, 89.99, 0.506; GCA_900552445.1, s__Veillonella sp900552445, 95.0, 89.94, 0.434; GCA_958351665.1, s__Veillonella infantium_A, 95.0, 89.91, 0.417; GCA_900556785.1, s__Veillonella sp900556785, 95.0, 89.8, 0.51; GCF_938010505.1, s__Veillonella sp938010505, 95.0, 89.78, 0.616; GCF_934190855.1, s__Veillonella sp934190855, 95.0, 89.68, 0.516; GCF_963543145.1, s__Veillonella sp963543145, 95.0, 89.63, 0.615; GCF_963522475.1, s__Veillonella sp963522475, 95.0, 89.51, 0.597; GCA_959608595.1, s__Veillonella sp959608595, 95.55, 88.95, 0.364; GCA_934202215.1, s__Veillonella sp934202215, 95.0, 88.81, 0.407; GCF_001078375.1, s__Veillonella tobetsuensis, 95.0, 86.66, 0.253; GCF_002959915.1, s__Veillonella atypica, 95.0, 86.61, 0.272; GCF_041431535.1, s__Veillonella sp934202095, 95.0, 86.45, 0.248; GCF_963534045.1, s__Veillonella sp963534045, 95.0, 85.87, 0.225; GCF_002959855.1, s__Veillonella denticariosi, 95.0, 85.23, 0.192; GCF_934230905.1, s__Veillonella sp934230905, 95.0, 85.14, 0.181; GCA_905214495.1, s__Veillonella sp905214495, 95.0, 85.06, 0.18; GCF_900187285.1, s__Veillonella rodentium, 95.12, 84.25, 0.153"	33.44	11	0.98602	Genome has more than 10.0% of markers with multiple hits;Genome not assigned to closest species as it falls outside its pre-defined ANI radius
hybridspades_0942_SemiBin_28	d__Bacteria;p__Bacillota;c__Clostridia;o__Lachnospirales;f__Lachnospiraceae;g__Blautia_A;s__Blautia_A fusiformis	GCF_020687435.1	96.97	d__Bacteria;p__Bacillota;c__Clostridia;o__Lachnospirales;f__Lachnospiraceae;g__Blautia_A;s__Blautia_A fusiformis	98.21	0.881	GCF_020687435.1	96.97	d__Bacteria;p__Bacillota;c__Clostridia;o__Lachnospirales;f__Lachnospiraceae;g__Blautia_A;s__Blautia_A fusiformis	98.21	0.881	d__Bacteria;p__Bacillota;c__Clostridia;o__Lachnospirales;f__Lachnospiraceae;g__Blautia_A;s__	taxonomic classification defined by topology and ANI	topological placement and ANI have congruent species assignments	"GCF_902167715.1, s__Blautia_A luti_A, 96.82, 96.92, 0.801; GCF_005848555.1, s__Blautia_A sp005848555, 96.6, 96.78, 0.837; GCA_958454115.1, s__Blautia_A wexlerae_C, 95.0, 94.42, 0.405; GCF_013304735.1, s__Blautia_A sp900066205, 95.0, 90.32, 0.66; GCA_003461955.1, s__Blautia_A sp900066335, 95.0, 89.83, 0.626; GCA_003474435.1, s__Blautia_A sp003474435, 95.0, 89.12, 0.528; GCA_963616205.1, s__Blautia_A sp963616205, 95.0, 88.88, 0.438; GCF_013304825.1, s__Blautia_A schinkii_B, 95.51, 88.52, 0.527; GCF_040096615.1, s__Blautia_A aquisgranensis, 95.0, 86.31, 0.418; GCA_963598855.1, s__Blautia_A sp963598855, 95.0, 85.67, 0.38; GCA_963642325.1, s__Blautia_A sp963642325, 95.0, 85.08, 0.361; GCF_934373235.1, s__Blautia_A sp934373235, 95.0, 83.36, 0.196"	94.08	11	N/A	N/A
hybridspades_0942_SemiBin_32	d__Bacteria;p__Bacillota;c__Clostridia;o__Lachnospirales;f__Lachnospiraceae;g__Pilosibacter;s__Pilosibacter fragilis	GCF_032490495.1	95	d__Bacteria;p__Bacillota;c__Clostridia;o__Lachnospirales;f__Lachnospiraceae;g__Pilosibacter;s__Pilosibacter fragilis	97.8	0.783	GCF_032490495.1	95	d__Bacteria;p__Bacillota;c__Clostridia;o__Lachnospirales;f__Lachnospiraceae;g__Pilosibacter;s__Pilosibacter fragilis	97.8	0.783	d__Bacteria;p__Bacillota;c__Clostridia;o__Lachnospirales;f__Lachnospiraceae;g__Pilosibacter;s__	taxonomic classification defined by topology and ANI	topological placement and ANI have congruent species assignments	"GCA_902496665.1, s__Pilosibacter sp902496665, 95.0, 94.1, 0.732; GCA_003480435.1, s__Pilosibacter sp900066055, 95.0, 93.43, 0.649; GCA_934370915.1, s__Pilosibacter sp934370915, 95.0, 91.32, 0.578; GCA_963622995.1, s__Pilosibacter sp963622995, 95.0, 89.68, 0.513; GCA_003478035.1, s__Pilosibacter sp900066785, 95.0, 88.92, 0.462; GCA_963646925.1, s__Pilosibacter sp963646925, 95.0, 88.42, 0.477"	94.78	11	N/A	N/A
hybridspades_0942_SemiBin_33	d__Bacteria;p__Bacillota;c__Clostridia;o__Lachnospirales;f__Lachnospiraceae;g__Blautia_A;s__Blautia_A sp003471165	GCA_003471165.1	95	d__Bacteria;p__Bacillota;c__Clostridia;o__Lachnospirales;f__Lachnospiraceae;g__Blautia_A;s__Blautia_A sp003471165	97.89	0.79	GCA_003471165.1	95	d__Bacteria;p__Bacillota;c__Clostridia;o__Lachnospirales;f__Lachnospiraceae;g__Blautia_A;s__Blautia_A sp003471165	97.89	0.79	d__Bacteria;p__Bacillota;c__Clostridia;o__Lachnospirales;f__Lachnospiraceae;g__Blautia_A;s__	taxonomic classification defined by topology and ANI	topological placement and ANI have congruent species assignments	"GCF_025148125.1, s__Blautia_A wexlerae, 95.13, 88.63, 0.375; GCF_013300825.1, s__Blautia_A wexlerae_B, 95.0, 88.19, 0.351; GCF_018919065.1, s__Blautia_A sp018919065, 95.0, 86.82, 0.315; GCF_014297245.1, s__Blautia_A difficilis, 95.0, 86.45, 0.214; GCA_958454115.1, s__Blautia_A wexlerae_C, 95.0, 86.34, 0.189; GCA_003477525.1, s__Blautia_A sp003477525, 95.0, 85.95, 0.27; GCA_934437695.1, s__Blautia_A sp934437695, 95.0, 85.34, 0.263; GCF_934416185.1, s__Blautia_A sp934416185, 95.0, 84.79, 0.264; GCF_033096465.1, s__Blautia_A luti, 95.0, 84.62, 0.206; GCA_963605995.1, s__Blautia_A sp963605995, 95.0, 84.17, 0.168"	84.65	11	N/A	N/A
hybridspades_0942_SemiBin_36	d__Bacteria;p__Bacillota;c__Clostridia;o__Lachnospirales;f__Lachnospiraceae;g__Blautia_A;s__	N/A	N/A	N/A	N/A	N/A	GCF_025148125.1	95.13	d__Bacteria;p__Bacillota;c__Clostridia;o__Lachnospirales;f__Lachnospiraceae;g__Blautia_A;s__Blautia_A wexlerae	94.63	0.423	d__Bacteria;p__Bacillota;c__Clostridia;o__Lachnospirales;f__Lachnospiraceae;g__Blautia_A;s__	taxonomic classification defined by topology and ANI	classification based on placement in class-level tree	"GCF_013300825.1, s__Blautia_A wexlerae_B, 95.0, 92.43, 0.33; GCA_003471165.1, s__Blautia_A sp003471165, 95.0, 91.54, 0.285; GCA_958454115.1, s__Blautia_A wexlerae_C, 95.0, 90.83, 0.203; GCF_018919065.1, s__Blautia_A sp018919065, 95.0, 87.43, 0.168; GCF_014297245.1, s__Blautia_A difficilis, 95.0, 87.23, 0.152; GCA_003477525.1, s__Blautia_A sp003477525, 95.0, 85.89, 0.157; GCA_934437695.1, s__Blautia_A sp934437695, 95.0, 85.33, 0.214; GCF_934416185.1, s__Blautia_A sp934416185, 95.0, 84.76, 0.167"	37.15	11	0.99781	N/A
hybridspades_0942_SemiBin_43	d__Bacteria;p__Bacillota;c__Clostridia;o__Lachnospirales;f__Lachnospiraceae;g__Hominiventricola;s__Hominiventricola filiformis	GCF_020686965.1	95	d__Bacteria;p__Bacillota;c__Clostridia;o__Lachnospirales;f__Lachnospiraceae;g__Hominiventricola;s__Hominiventricola filiformis	97.39	0.811	GCF_020686965.1	95	d__Bacteria;p__Bacillota;c__Clostridia;o__Lachnospirales;f__Lachnospiraceae;g__Hominiventricola;s__Hominiventricola filiformis	97.39	0.811	d__Bacteria;p__Bacillota;c__Clostridia;o__Lachnospirales;f__Lachnospiraceae;g__Hominiventricola;s__	taxonomic classification defined by topology and ANI	topological placement and ANI have congruent species assignments	"GCA_018223365.1, s__Hominiventricola sp018223365, 95.0, 93.21, 0.55; GCA_963604695.1, s__Hominiventricola sp963604695, 95.0, 86.39, 0.403; GCA_963623675.1, s__Hominiventricola sp963623675, 95.0, 85.2, 0.363"	90.55	11	N/A	N/A
hybridspades_0942_SemiBin_49	d__Bacteria;p__Bacillota;c__Clostridia;o__Lachnospirales;f__Lachnospiraceae;g__Brotaphodocola;s__Brotaphodocola sp003480315	GCF_964246085.1	95	d__Bacteria;p__Bacillota;c__Clostridia;o__Lachnospirales;f__Lachnospiraceae;g__Brotaphodocola;s__Brotaphodocola sp003480315	97.28	0.811	GCF_964246085.1	95	d__Bacteria;p__Bacillota;c__Clostridia;o__Lachnospirales;f__Lachnospiraceae;g__Brotaphodocola;s__Brotaphodocola sp003480315	97.28	0.811	d__Bacteria;p__Bacillota;c__Clostridia;o__Lachnospirales;f__Lachnospiraceae;g__Brotaphodocola;s__	taxonomic classification defined by topology and ANI	topological placement and ANI have congruent species assignments	"GCF_003478505.1, s__Brotaphodocola sp003478505, 95.0, 91.23, 0.614; GCF_040096075.1, s__Brotaphodocola faecis, 95.0, 87.4, 0.505; GCA_963645005.1, s__Brotaphodocola sp963645005, 95.0, 85.89, 0.365; GCF_003481985.1, s__Brotaphodocola sp003506385, 95.0, 85.58, 0.305; GCF_003481825.1, s__Brotaphodocola sp003481825, 95.0, 85.46, 0.287; GCA_934394615.1, s__Brotaphodocola sp934394615, 95.0, 83.9, 0.259; GCA_963642615.1, s__Brotaphodocola sp963642615, 95.0, 82.45, 0.198; GCA_963589345.1, s__Brotaphodocola sp963589345, 95.0, 82.07, 0.197"	70.95	11	N/A	N/A
hybridspades_0942_SemiBin_53	d__Bacteria;p__Bacillota;c__Clostridia;o__Clostridiales;f__Clostridiaceae;g__Sarcina;s__Sarcina perfringens	GCF_016027375.1	95	d__Bacteria;p__Bacillota;c__Clostridia;o__Clostridiales;f__Clostridiaceae;g__Sarcina;s__Sarcina perfringens	98.09	0.888	GCF_016027375.1	95	d__Bacteria;p__Bacillota;c__Clostridia;o__Clostridiales;f__Clostridiaceae;g__Sarcina;s__Sarcina perfringens	98.09	0.888	d__Bacteria;p__Bacillota;c__Clostridia;o__Clostridiales;f__Clostridiaceae;g__Sarcina;s__	taxonomic classification defined by topology and ANI	topological placement and ANI have congruent species assignments	"GCA_029258205.1, s__Sarcina sp029258205, 95.0, 91.45, 0.622; GCA_034421775.1, s__Sarcina perfringens_B, 95.0, 87.99, 0.522; GCF_034439435.1, s__Sarcina sp034439435, 95.0, 87.63, 0.526; GCF_029267215.1, s__Sarcina sp029267215, 95.0, 83.86, 0.228"	76.29	11	N/A	N/A
hybridspades_0942_SemiBin_54	d__Bacteria;p__Bacillota;c__Negativicutes;o__Veillonellales;f__Dialisteraceae;g__Allisonella;s__Allisonella histaminiformans	GCF_900103425.1	95	d__Bacteria;p__Bacillota;c__Negativicutes;o__Veillonellales;f__Dialisteraceae;g__Allisonella;s__Allisonella histaminiformans	95.43	0.809	GCF_900103425.1	95	d__Bacteria;p__Bacillota;c__Negativicutes;o__Veillonellales;f__Dialisteraceae;g__Allisonella;s__Allisonella histaminiformans	95.43	0.809	d__Bacteria;p__Bacillota;c__Negativicutes;o__Veillonellales;f__Dialisteraceae;g__Allisonella;s__	taxonomic classification defined by topology and ANI	topological placement and ANI have congruent species assignments	N/A	87.75	11	N/A	N/A
hybridspades_0942_SemiBin_86	d__Bacteria;p__Bacillota;c__Clostridia;o__Lachnospirales;f__Anaerotignaceae;g__Neoanaerotignum_A;s__Neoanaerotignum_A sp934256695	GCA_934256695.1	95	d__Bacteria;p__Bacillota;c__Clostridia;o__Lachnospirales;f__Anaerotignaceae;g__Neoanaerotignum_A;s__Neoanaerotignum_A sp934256695	97.69	0.854	GCA_934256695.1	95	d__Bacteria;p__Bacillota;c__Clostridia;o__Lachnospirales;f__Anaerotignaceae;g__Neoanaerotignum_A;s__Neoanaerotignum_A sp934256695	97.69	0.854	d__Bacteria;p__Bacillota;c__Clostridia;o__Lachnospirales;f__Anaerotignaceae;g__Neoanaerotignum_A;s__	taxonomic classification defined by topology and ANI	topological placement and ANI have congruent species assignments	N/A	72.4	11	N/A	N/A
hybridspades_4143_SemiBin_109	d__Bacteria;p__Bacillota;c__Clostridia;o__Lachnospirales;f__Lachnospiraceae;g__Hominiventricola;s__Hominiventricola aquisgranensis	GCF_040096225.1	95	d__Bacteria;p__Bacillota;c__Clostridia;o__Lachnospirales;f__Lachnospiraceae;g__Hominiventricola;s__Hominiventricola aquisgranensis	97.6	0.806	GCF_040096225.1	95	d__Bacteria;p__Bacillota;c__Clostridia;o__Lachnospirales;f__Lachnospiraceae;g__Hominiventricola;s__Hominiventricola aquisgranensis	97.6	0.806	d__Bacteria;p__Bacillota;c__Clostridia;o__Lachnospirales;f__Lachnospiraceae;g__Hominiventricola;s__	taxonomic classification defined by topology and ANI	topological placement and ANI have congruent species assignments	N/A	76.49	11	N/A	N/A
hybridspades_4143_SemiBin_132	d__Bacteria;p__Bacillota;c__Clostridia;o__Peptostreptococcales;f__Peptostreptococcaceae;g__Romboutsia;s__Romboutsia timonensis	GCF_900106845.1	95	d__Bacteria;p__Bacillota;c__Clostridia;o__Peptostreptococcales;f__Peptostreptococcaceae;g__Romboutsia;s__Romboutsia timonensis	99.01	0.816	GCF_900106845.1	95	d__Bacteria;p__Bacillota;c__Clostridia;o__Peptostreptococcales;f__Peptostreptococcaceae;g__Romboutsia;s__Romboutsia timonensis	99.01	0.816	d__Bacteria;p__Bacillota;c__Clostridia;o__Peptostreptococcales;f__Peptostreptococcaceae;g__Romboutsia;s__	taxonomic classification defined by topology and ANI	topological placement and ANI have congruent species assignments	"GCF_900015215.1, s__Romboutsia ilealis, 95.0, 91.86, 0.56; GCA_937880075.1, s__Romboutsia sp937880075, 95.0, 90.96, 0.488; GCF_904418825.1, s__Romboutsia sp904418825, 95.0, 89.7, 0.468; GCF_018336475.1, s__Romboutsia sp018336475, 95.0, 86.75, 0.374"	62.41	11	N/A	N/A
hybridspades_4143_SemiBin_135	d__Bacteria;p__Bacillota;c__Clostridia;o__Oscillospirales;f__Oscillospiraceae;g__CAG-103;s__CAG-103 sp000432375	GCA_025757645.1	95	d__Bacteria;p__Bacillota;c__Clostridia;o__Oscillospirales;f__Oscillospiraceae;g__CAG-103;s__CAG-103 sp000432375	97.9	0.915	GCA_025757645.1	95	d__Bacteria;p__Bacillota;c__Clostridia;o__Oscillospirales;f__Oscillospiraceae;g__CAG-103;s__CAG-103 sp000432375	97.9	0.915	d__Bacteria;p__Bacillota;c__Clostridia;o__Oscillospirales;f__Oscillospiraceae;g__CAG-103;s__	taxonomic classification defined by topology and ANI	topological placement and ANI have congruent species assignments	"GCA_900317855.1, s__CAG-103 sp900317855, 95.0, 93.91, 0.818; GCA_934589185.1, s__CAG-103 sp934589185, 95.43, 93.39, 0.69; GCA_900757655.1, s__CAG-103 sp900757655, 95.0, 93.13, 0.79; GCA_963627135.1, s__CAG-103 sp963627135, 95.0, 92.8, 0.768; GCA_900543625.1, s__CAG-103 sp900543625, 95.0, 90.75, 0.731; GCA_934591895.1, s__CAG-103 sp934591895, 95.0, 90.66, 0.736; GCA_905215475.1, s__CAG-103 sp905215475, 95.0, 90.27, 0.696"	62.03	11	N/A	N/A
hybridspades_4143_SemiBin_16	d__Bacteria;p__Bacillota;c__Bacilli;o__Erysipelotrichales;f__Coprobacillaceae;g__Coprobacillus;s__Coprobacillus cateniformis	GCF_009767585.1	95	d__Bacteria;p__Bacillota;c__Bacilli;o__Erysipelotrichales;f__Coprobacillaceae;g__Coprobacillus;s__Coprobacillus cateniformis	98.5	0.893	GCF_009767585.1	95	d__Bacteria;p__Bacillota;c__Bacilli;o__Erysipelotrichales;f__Coprobacillaceae;g__Coprobacillus;s__Coprobacillus cateniformis	98.5	0.893	d__Bacteria;p__Bacillota;c__Bacilli;o__Erysipelotrichales;f__Coprobacillaceae;g__;s__	taxonomic classification defined by topology and ANI	topological placement and ANI have congruent species assignments	N/A	92.97	11	N/A	N/A
hybridspades_4143_SemiBin_26	d__Bacteria;p__Bacillota;c__Clostridia;o__Oscillospirales;f__Oscillospiraceae;g__Vescimonas;s__Vescimonas coprocola	GCF_018408575.1	95	d__Bacteria;p__Bacillota;c__Clostridia;o__Oscillospirales;f__Oscillospiraceae;g__Vescimonas;s__Vescimonas coprocola	99.09	0.848	GCF_018408575.1	95	d__Bacteria;p__Bacillota;c__Clostridia;o__Oscillospirales;f__Oscillospiraceae;g__Vescimonas;s__Vescimonas coprocola	99.09	0.848	d__Bacteria;p__Bacillota;c__Clostridia;o__Oscillospirales;f__Oscillospiraceae;g__Vescimonas;s__	taxonomic classification defined by topology and ANI	topological placement and ANI have congruent species assignments	"GCF_020687045.1, s__Vescimonas cirricatena, 95.0, 82.59, 0.211; GCA_000435975.1, s__Vescimonas sp000435975, 95.0, 81.73, 0.16"	92.61	11	N/A	N/A
hybridspades_4143_SemiBin_27	d__Bacteria;p__Bacillota;c__Clostridia;o__Lachnospirales;f__Lachnospiraceae;g__Eubacterium_I;s__Eubacterium_I ramulus	GCF_000469345.1	95	d__Bacteria;p__Bacillota;c__Clostridia;o__Lachnospirales;f__Lachnospiraceae;g__Eubacterium_I;s__Eubacterium_I ramulus	97.44	0.838	GCF_000469345.1	95	d__Bacteria;p__Bacillota;c__Clostridia;o__Lachnospirales;f__Lachnospiraceae;g__Eubacterium_I;s__Eubacterium_I ramulus	97.44	0.838	d__Bacteria;p__Bacillota;c__Clostridia;o__Lachnospirales;f__Lachnospiraceae;g__Eubacterium_I;s__	taxonomic classification defined by topology and ANI	topological placement and ANI have congruent species assignments	"GCA_022781925.1, s__Eubacterium_I sp022781925, 95.0, 87.68, 0.545; GCF_934295145.1, s__Eubacterium_I sp934295145, 95.0, 86.25, 0.382; GCA_963587975.1, s__Eubacterium_I sp963587975, 95.0, 85.87, 0.28; GCA_934358495.1, s__Eubacterium_I sp934358495, 95.0, 85.78, 0.347; GCF_003122485.1, s__Eubacterium_I ramulus_A, 95.0, 85.48, 0.298; GCA_934317205.1, s__Eubacterium_I sp934317205, 95.0, 85.28, 0.293; GCA_900546495.1, s__Eubacterium_I sp900546495, 95.0, 84.83, 0.278; GCA_902475415.1, s__Eubacterium_I sp902475415, 95.0, 84.15, 0.17; GCA_963617435.1, s__Eubacterium_I sp963617435, 95.0, 84.13, 0.284; GCA_963659325.1, s__Eubacterium_I sp963659325, 95.0, 83.87, 0.285"	86.62	11	N/A	N/A
hybridspades_4143_SemiBin_32	d__Bacteria;p__Pseudomonadota;c__Gammaproteobacteria;o__Burkholderiales;f__Burkholderiaceae;g__Mesosutterella;s__Mesosutterella multiformis	GCF_003402575.1	95	d__Bacteria;p__Pseudomonadota;c__Gammaproteobacteria;o__Burkholderiales;f__Burkholderiaceae;g__Mesosutterella;s__Mesosutterella multiformis	99.18	0.902	GCF_003402575.1	95	d__Bacteria;p__Pseudomonadota;c__Gammaproteobacteria;o__Burkholderiales;f__Burkholderiaceae;g__Mesosutterella;s__Mesosutterella multiformis	99.18	0.902	d__Bacteria;p__Pseudomonadota;c__Gammaproteobacteria;o__Burkholderiales;f__Burkholderiaceae;g__Mesosutterella;s__	taxonomic classification defined by topology and ANI	topological placement and ANI have congruent species assignments	"GCF_001182045.1, s__Mesosutterella massiliensis, 95.0, 94.01, 0.866"	98.23	11	N/A	N/A
hybridspades_4143_SemiBin_45	d__Bacteria;p__Bacillota;c__Clostridia;o__Oscillospirales;f__Acutalibacteraceae;g__UMGS1071;s__UMGS1071 sp900542375	GCA_900542375.1	95	d__Bacteria;p__Bacillota;c__Clostridia;o__Oscillospirales;f__Acutalibacteraceae;g__UMGS1071;s__UMGS1071 sp900542375	98.89	0.915	GCA_900542375.1	95	d__Bacteria;p__Bacillota;c__Clostridia;o__Oscillospirales;f__Acutalibacteraceae;g__UMGS1071;s__UMGS1071 sp900542375	98.89	0.915	d__Bacteria;p__Bacillota;c__Clostridia;o__Oscillospirales;f__Acutalibacteraceae;g__UMGS1071;s__	taxonomic classification defined by topology and ANI	topological placement and ANI have congruent species assignments	"GCA_900541905.1, s__UMGS1071 sp900541905, 95.0, 94.37, 0.808; GCA_900548305.1, s__UMGS1071 sp900548305, 95.0, 90.93, 0.819; GCA_944384835.1, s__UMGS1071 sp944384835, 95.0, 87.73, 0.653"	89.46	11	N/A	N/A
hybridspades_4143_SemiBin_56	d__Bacteria;p__Bacillota;c__Clostridia;o__Oscillospirales;f__Acutalibacteraceae;g__CAG-177;s__CAG-177 sp003514385	GCA_003514385.1	95	d__Bacteria;p__Bacillota;c__Clostridia;o__Oscillospirales;f__Acutalibacteraceae;g__CAG-177;s__CAG-177 sp003514385	96.2	0.893	GCA_003514385.1	95	d__Bacteria;p__Bacillota;c__Clostridia;o__Oscillospirales;f__Acutalibacteraceae;g__CAG-177;s__CAG-177 sp003514385	96.2	0.893	d__Bacteria;p__Bacillota;c__Clostridia;o__Oscillospirales;f__Acutalibacteraceae;g__CAG-177;s__	taxonomic classification defined by topology and ANI	topological placement and ANI have congruent species assignments	"GCA_963592475.1, s__CAG-177 sp963592475, 95.0, 95.17, 0.839; GCA_002451755.1, s__CAG-177 sp002451755, 95.0, 94.35, 0.814; GCA_002438685.1, s__CAG-177 sp002438685, 95.0, 94.05, 0.832; GCA_963620555.1, s__CAG-177 sp963620555, 95.0, 90.76, 0.735; GCA_963612725.1, s__CAG-177 sp963612725, 95.0, 90.68, 0.747; GCA_003538135.1, s__CAG-177 sp003538135, 95.0, 89.38, 0.693; GCA_900770255.1, s__CAG-177 sp900770255, 95.0, 80.85, 0.225"	92.93	11	N/A	N/A
hybridspades_4143_SemiBin_57	d__Bacteria;p__Pseudomonadota;c__Gammaproteobacteria;o__Burkholderiales;f__Burkholderiaceae;g__Parasutterella;s__Parasutterella excrementihominis	GCF_000205025.1	95.74	d__Bacteria;p__Pseudomonadota;c__Gammaproteobacteria;o__Burkholderiales;f__Burkholderiaceae;g__Parasutterella;s__Parasutterella excrementihominis	98.83	0.836	GCF_000205025.1	95.74	d__Bacteria;p__Pseudomonadota;c__Gammaproteobacteria;o__Burkholderiales;f__Burkholderiaceae;g__Parasutterella;s__Parasutterella excrementihominis	98.83	0.836	d__Bacteria;p__Pseudomonadota;c__Gammaproteobacteria;o__Burkholderiales;f__Burkholderiaceae;g__Parasutterella;s__	taxonomic classification defined by topology and ANI	topological placement and ANI have congruent species assignments	"GCA_002492145.1, s__Parasutterella sp900552195, 95.0, 95.44, 0.796; GCF_900766055.1, s__Parasutterella sp900766055, 95.0, 91.25, 0.674; GCA_019113195.1, s__Parasutterella gallistercoris, 95.0, 91.02, 0.74; GCA_900554375.1, s__Parasutterella sp900554375, 95.0, 88.48, 0.51"	93.92	11	N/A	N/A
hybridspades_4143_SemiBin_63	d__Bacteria;p__Bacillota;c__Clostridia;o__Lachnospirales;f__Lachnospiraceae;g__Sellimonas;s__Sellimonas intestinalis	GCF_001280875.1	95	d__Bacteria;p__Bacillota;c__Clostridia;o__Lachnospirales;f__Lachnospiraceae;g__Sellimonas;s__Sellimonas intestinalis	99.44	0.936	GCF_001280875.1	95	d__Bacteria;p__Bacillota;c__Clostridia;o__Lachnospirales;f__Lachnospiraceae;g__Sellimonas;s__Sellimonas intestinalis	99.44	0.936	d__Bacteria;p__Bacillota;c__Clostridia;o__Lachnospirales;f__Lachnospiraceae;g__Sellimonas;s__	taxonomic classification defined by topology and ANI	topological placement and ANI have congruent species assignments	"GCF_027924685.1, s__Sellimonas catena, 95.0, 80.76, 0.178; GCF_963559135.1, s__Sellimonas sp963559135, 95.0, 80.3, 0.157"	72.38	11	N/A	N/A
hybridspades_4143_SemiBin_77	d__Bacteria;p__Bacillota;c__Clostridia;o__Oscillospirales;f__Ruminococcaceae;g__Faecalibacterium;s__Faecalibacterium taiwanense	GCF_036632915.2	95	d__Bacteria;p__Bacillota;c__Clostridia;o__Oscillospirales;f__Ruminococcaceae;g__Faecalibacterium;s__Faecalibacterium taiwanense	98.03	0.822	GCF_036632915.2	95	d__Bacteria;p__Bacillota;c__Clostridia;o__Oscillospirales;f__Ruminococcaceae;g__Faecalibacterium;s__Faecalibacterium taiwanense	98.03	0.822	d__Bacteria;p__Bacillota;c__Clostridia;o__Oscillospirales;f__Ruminococcaceae;g__Faecalibacterium;s__	taxonomic classification defined by topology and ANI	topological placement and ANI have congruent species assignments	"GCF_023347535.1, s__Faecalibacterium wellingii, 95.0, 92.07, 0.691; GCA_902463235.1, s__Faecalibacterium sp902463235, 95.0, 91.02, 0.58; GCA_934511465.1, s__Faecalibacterium sp934511465, 95.0, 90.15, 0.583; GCF_002549775.1, s__Faecalibacterium prausnitzii_F, 95.0, 88.72, 0.546; GCA_934501115.1, s__Faecalibacterium sp934501115, 95.0, 88.1, 0.504; GCA_900765105.1, s__Faecalibacterium sp900765105, 95.0, 87.27, 0.438; GCA_934525735.1, s__Faecalibacterium sp934525735, 95.0, 87.12, 0.514; GCA_963615785.1, s__Faecalibacterium sp963615785, 95.0, 86.89, 0.487; GCA_025757845.1, s__Faecalibacterium sp900539945, 95.0, 86.77, 0.461; GCA_902463905.1, s__Faecalibacterium sp902463905, 95.0, 86.66, 0.349; GCA_900765705.1, s__Faecalibacterium sp900765705, 95.0, 86.46, 0.319; GCA_934513205.1, s__Faecalibacterium sp934513205, 95.0, 86.45, 0.441; GCF_003324185.1, s__Faecalibacterium prausnitzii, 95.0, 86.43, 0.408; GCA_963656875.1, s__Faecalibacterium sp963656875, 95.0, 86.28, 0.432; GCA_934561115.1, s__Faecalibacterium sp934561115, 95.0, 86.16, 0.396; GCA_905215595.1, s__Faecalibacterium sp905215595, 95.0, 86.06, 0.32; GCF_040096575.1, s__Faecalibacterium intestinale, 95.0, 86.01, 0.403; GCF_040096515.1, s__Faecalibacterium tardum, 95.0, 85.94, 0.404; GCA_934532365.1, s__Faecalibacterium sp934532365, 95.0, 85.94, 0.384; GCA_934540955.1, s__Faecalibacterium sp934540955, 95.0, 85.89, 0.361; GCA_963654645.1, s__Faecalibacterium sp963654645, 95.0, 85.8, 0.311; GCF_023347295.1, s__Faecalibacterium sp003449675, 95.0, 85.79, 0.414; GCA_900772565.1, s__Faecalibacterium sp900772565, 95.0, 85.76, 0.384; GCA_934525325.1, s__Faecalibacterium sp934525325, 95.0, 85.7, 0.362; GCA_934512105.1, s__Faecalibacterium sp934512105, 95.0, 85.63, 0.342; GCA_934525845.1, s__Faecalibacterium sp934525845, 95.0, 85.61, 0.4; GCA_934503275.1, s__Faecalibacterium sp934503275, 95.0, 85.55, 0.388; GCA_934561555.1, s__Faecalibacterium sp934561555, 95.0, 85.52, 0.388; GCA_934525405.1, s__Faecalibacterium sp934525405, 95.0, 85.28, 0.325; GCA_934539245.1, s__Faecalibacterium sp934539245, 95.0, 85.17, 0.386; GCA_934561485.1, s__Faecalibacterium sp934561485, 95.0, 85.16, 0.373; GCA_963646665.1, s__Faecalibacterium sp963646665, 95.0, 85.11, 0.336; GCA_934524985.1, s__Faecalibacterium sp934524985, 95.0, 85.07, 0.366; GCA_934553285.1, s__Faecalibacterium sp934553285, 95.0, 84.94, 0.366; GCA_963612415.1, s__Faecalibacterium sp963612415, 95.0, 84.91, 0.18; GCF_010509575.1, s__Faecalibacterium duncaniae, 95.0, 84.34, 0.288; GCA_014858325.1, s__Faecalibacterium sp014858325, 95.0, 84.19, 0.21; GCF_020687245.1, s__Faecalibacterium longum, 95.36, 84.1, 0.257; GCF_003287455.1, s__Faecalibacterium hattorii, 95.0, 83.88, 0.273; GCF_019967995.1, s__Faecalibacterium prausnitzii_E, 95.0, 83.75, 0.264; GCF_003287495.1, s__Faecalibacterium prausnitzii_I, 95.0, 83.69, 0.259; GCA_004558805.1, s__Faecalibacterium prausnitzii_M, 95.0, 83.61, 0.295; GCF_023347275.1, s__Faecalibacterium butyricigenerans, 95.0, 83.44, 0.251; GCA_934526125.1, s__Faecalibacterium sp934526125, 95.0, 83.16, 0.233; GCA_934518555.1, s__Faecalibacterium sp934518555, 95.0, 82.85, 0.298; GCA_934514285.1, s__Faecalibacterium sp934514285, 95.0, 82.78, 0.232; GCA_937917475.1, s__Faecalibacterium sp937917475, 95.0, 82.64, 0.151; GCA_934547065.1, s__Faecalibacterium sp934547065, 95.0, 82.49, 0.259; GCA_900551435.1, s__Faecalibacterium sp900551435, 95.0, 82.35, 0.19; GCA_934533135.1, s__Faecalibacterium sp934533135, 95.0, 81.56, 0.184; GCA_963660925.1, s__Faecalibacterium sp963660925, 95.0, 81.54, 0.189"	72.12	11	N/A	N/A
hybridspades_4143_SemiBin_9	d__Bacteria;p__Actinomycetota;c__Coriobacteriia;o__Coriobacteriales;f__Eggerthellaceae;g__Aveggerthella;s__Aveggerthella excrementigallinarum	GCA_018715725.1	95	d__Bacteria;p__Actinomycetota;c__Coriobacteriia;o__Coriobacteriales;f__Eggerthellaceae;g__Aveggerthella;s__Aveggerthella excrementigallinarum	97.46	0.867	GCA_018715725.1	95	d__Bacteria;p__Actinomycetota;c__Coriobacteriia;o__Coriobacteriales;f__Eggerthellaceae;g__Aveggerthella;s__Aveggerthella excrementigallinarum	97.46	0.867	d__Bacteria;p__Actinomycetota;c__Coriobacteriia;o__Coriobacteriales;f__Eggerthellaceae;g__Aveggerthella;s__	taxonomic classification defined by topology and ANI	topological placement and ANI have congruent species assignments	"GCA_949288145.1, s__Aveggerthella sp949288145, 95.0, 90.89, 0.661; GCA_018712955.1, s__Aveggerthella stercoripullorum, 95.0, 81.92, 0.159"	94.44	11	N/A	N/A
hybridspades_4143_SemiBin_99	d__Bacteria;p__Bacillota;c__Bacilli;o__Erysipelotrichales;f__Erysipelotrichaceae;g__Faecalitalea;s__Faecalitalea cylindroides	GCF_000469305.1	95	d__Bacteria;p__Bacillota;c__Bacilli;o__Erysipelotrichales;f__Erysipelotrichaceae;g__Faecalitalea;s__Faecalitalea cylindroides	98.15	0.859	GCF_000469305.1	95	d__Bacteria;p__Bacillota;c__Bacilli;o__Erysipelotrichales;f__Erysipelotrichaceae;g__Faecalitalea;s__Faecalitalea cylindroides	98.15	0.859	d__Bacteria;p__Bacillota;c__Bacilli;o__Erysipelotrichales;f__Erysipelotrichaceae;g__Faecalitalea;s__	taxonomic classification defined by topology and ANI	topological placement and ANI have congruent species assignments	"GCA_946408025.1, s__Faecalitalea sp946408025, 95.0, 90.69, 0.668"	85.58	11	N/A	N/A
hybridspades_8366_SemiBin_100	d__Bacteria;p__Bacillota;c__Clostridia;o__Oscillospirales;f__Oscillospiraceae;g__Lawsonibacter;s__Lawsonibacter sp900549405	GCA_900549405.1	95	d__Bacteria;p__Bacillota;c__Clostridia;o__Oscillospirales;f__Oscillospiraceae;g__Lawsonibacter;s__Lawsonibacter sp900549405	98.1	0.903	GCA_900549405.1	95	d__Bacteria;p__Bacillota;c__Clostridia;o__Oscillospirales;f__Oscillospiraceae;g__Lawsonibacter;s__Lawsonibacter sp900549405	98.1	0.903	d__Bacteria;p__Bacillota;c__Clostridia;o__Oscillospirales;f__Oscillospiraceae;g__Lawsonibacter;s__	taxonomic classification defined by topology and ANI	topological placement and ANI have congruent species assignments	"GCF_014287875.1, s__Lawsonibacter faecis_A, 95.0, 92.88, 0.635; GCA_900550705.1, s__Lawsonibacter sp900550705, 95.0, 85.29, 0.258; GCF_021531375.1, s__Lawsonibacter phocaeensis_B, 95.0, 81.6, 0.153"	92.45	11	N/A	N/A
hybridspades_8366_SemiBin_127	d__Bacteria;p__Bacillota;c__Clostridia;o__Oscillospirales;f__Oscillospiraceae;g__CAG-170;s__CAG-170 sp002404795	GCA_002404795.1	95	d__Bacteria;p__Bacillota;c__Clostridia;o__Oscillospirales;f__Oscillospiraceae;g__CAG-170;s__CAG-170 sp002404795	95.31	0.763	GCA_002404795.1	95	d__Bacteria;p__Bacillota;c__Clostridia;o__Oscillospirales;f__Oscillospiraceae;g__CAG-170;s__CAG-170 sp002404795	95.31	0.763	d__Bacteria;p__Bacillota;c__Clostridia;o__Oscillospirales;f__Oscillospiraceae;g__CAG-170;s__	taxonomic classification defined by topology and ANI	topological placement and ANI have congruent species assignments	"GCA_902796245.1, s__CAG-170 sp902796245, 95.0, 86.44, 0.387; GCA_934646185.1, s__CAG-170 sp934646185, 95.0, 86.1, 0.402; GCA_934668295.1, s__CAG-170 sp934668295, 95.0, 85.85, 0.389; GCA_000432135.1, s__CAG-170 sp000432135, 95.0, 85.8, 0.353; GCA_900751035.1, s__CAG-170 sp900751035, 95.0, 85.58, 0.243; GCA_934655875.1, s__CAG-170 sp934655875, 95.0, 85.03, 0.354; GCA_934613505.1, s__CAG-170 sp934613505, 95.0, 84.19, 0.375; GCA_934670025.1, s__CAG-170 sp934670025, 95.0, 83.94, 0.302; GCA_900545925.1, s__CAG-170 sp900545925, 95.0, 83.55, 0.289; GCA_934636305.1, s__CAG-170 sp934636305, 95.0, 80.37, 0.166"	89.59	11	N/A	N/A
hybridspades_8366_SemiBin_133	d__Bacteria;p__Bacillota;c__Clostridia;o__Lachnospirales;f__Lachnospiraceae;g__Suilimivivens;s__Suilimivivens sp000438155	GCA_000438155.1	95	d__Bacteria;p__Bacillota;c__Clostridia;o__Lachnospirales;f__Lachnospiraceae;g__Suilimivivens;s__Suilimivivens sp000438155	97.26	0.777	GCA_000438155.1	95	d__Bacteria;p__Bacillota;c__Clostridia;o__Lachnospirales;f__Lachnospiraceae;g__Suilimivivens;s__Suilimivivens sp000438155	97.26	0.777	d__Bacteria;p__Bacillota;c__Clostridia;o__Lachnospirales;f__Lachnospiraceae;g__Suilimivivens;s__	taxonomic classification defined by topology and ANI	topological placement and ANI have congruent species assignments	"GCA_021628825.1, s__Suilimivivens sp021628825, 95.0, 92.26, 0.681; GCA_900553305.1, s__Suilimivivens sp900553305, 95.0, 90.72, 0.566; GCA_963638365.1, s__Suilimivivens sp963638365, 95.0, 89.18, 0.574; GCA_963618065.1, s__Suilimivivens sp963618065, 95.0, 88.52, 0.529; GCA_963650485.1, s__Suilimivivens sp963650485, 95.0, 87.54, 0.485"	63.09	11	N/A	N/A
hybridspades_8366_SemiBin_135	d__Bacteria;p__Bacillota;c__Bacilli;o__Lactobacillales;f__Enterococcaceae;g__Enterococcus;s__Enterococcus faecalis	GCF_029024925.1	95	d__Bacteria;p__Bacillota;c__Bacilli;o__Lactobacillales;f__Enterococcaceae;g__Enterococcus;s__Enterococcus faecalis	98.68	0.884	GCF_029024925.1	95	d__Bacteria;p__Bacillota;c__Bacilli;o__Lactobacillales;f__Enterococcaceae;g__Enterococcus;s__Enterococcus faecalis	98.68	0.884	d__Bacteria;p__Bacillota;c__Bacilli;o__Lactobacillales;f__Enterococcaceae;g__Enterococcus;s__	taxonomic classification defined by topology and ANI	topological placement and ANI have congruent species assignments	N/A	67.63	11	N/A	Genome has more than 10.0% of markers with multiple hits
hybridspades_8366_SemiBin_188	d__Bacteria;p__Bacillota;c__Clostridia;o__Peptostreptococcales;f__Anaerovoracaceae;g__Lentihominibacter;s__Lentihominibacter butyricus	GCF_025567305.1	95	d__Bacteria;p__Bacillota;c__Clostridia;o__Peptostreptococcales;f__Anaerovoracaceae;g__Lentihominibacter;s__Lentihominibacter butyricus	96.69	0.843	GCF_025567305.1	95	d__Bacteria;p__Bacillota;c__Clostridia;o__Peptostreptococcales;f__Anaerovoracaceae;g__Lentihominibacter;s__Lentihominibacter butyricus	96.69	0.843	d__Bacteria;p__Bacillota;c__Clostridia;o__Peptostreptococcales;f__Anaerovoracaceae;g__Lentihominibacter;s__	taxonomic classification defined by topology and ANI	topological placement and ANI have congruent species assignments	"GCA_934247125.1, s__Lentihominibacter sp934247125, 95.0, 92.19, 0.556; GCA_963619345.1, s__Lentihominibacter sp963619345, 95.0, 89.37, 0.429"	48.35	11	N/A	N/A
hybridspades_8366_SemiBin_218	d__Bacteria;p__Bacillota;c__Clostridia;o__Oscillospirales;f__Butyricicoccaceae;g__Pseudobutyricicoccus;s__Pseudobutyricicoccus sp016901775	GCF_016901775.1	95	d__Bacteria;p__Bacillota;c__Clostridia;o__Oscillospirales;f__Butyricicoccaceae;g__Pseudobutyricicoccus;s__Pseudobutyricicoccus sp016901775	96.7	0.899	GCF_016901775.1	95	d__Bacteria;p__Bacillota;c__Clostridia;o__Oscillospirales;f__Butyricicoccaceae;g__Pseudobutyricicoccus;s__Pseudobutyricicoccus sp016901775	96.7	0.899	d__Bacteria;p__Bacillota;c__Clostridia;o__Oscillospirales;f__Butyricicoccaceae;g__Pseudobutyricicoccus;s__	taxonomic classification defined by topology and ANI	topological placement and ANI have congruent species assignments	"GCA_003477405.1, s__Pseudobutyricicoccus sp003477405, 95.0, 91.66, 0.762; GCA_938000015.1, s__Pseudobutyricicoccus sp938000015, 95.0, 91.33, 0.692; GCA_019420045.1, s__Pseudobutyricicoccus sp019420045, 95.0, 91.06, 0.623"	34.05	11	N/A	N/A
hybridspades_8366_SemiBin_225	d__Bacteria;p__Bacillota;c__Bacilli;o__Lactobacillales;f__Lactobacillaceae;g__Weissella;s__Weissella confusa	GCF_007991875.1	95	d__Bacteria;p__Bacillota;c__Bacilli;o__Lactobacillales;f__Lactobacillaceae;g__Weissella;s__Weissella confusa	97.82	0.845	N/A	N/A	N/A	N/A	N/A	d__Bacteria;p__Bacillota;c__Bacilli;o__Lactobacillales;f__Lactobacillaceae;g__Weissella;s__	taxonomic classification defined by topology and ANI	topological placement and ANI have incongruent species assignments	"GCF_007991875.1, s__Weissella confusa, 95.0, 97.82, 0.845; GCA_014332815.1, s__Weissella confusa_C, 95.0, 95.45, 0.506; GCF_025908565.2, s__Weissella fermenti, 95.0, 92.85, 0.737; GCA_041871065.1, s__Weissella confusa_A, 95.0, 92.38, 0.714; GCF_000193635.1, s__Weissella cibaria, 95.0, 88.2, 0.286; GCF_004521965.1, s__Weissella cibaria_A, 95.0, 86.19, 0.195"	70.47	11	N/A	N/A
hybridspades_8366_SemiBin_30	d__Bacteria;p__Bacillota;c__Clostridia;o__Lachnospirales;f__Lachnospiraceae;g__Blautia_A;s__Blautia_A schinkii_B	GCF_013304825.1	95.51	d__Bacteria;p__Bacillota;c__Clostridia;o__Lachnospirales;f__Lachnospiraceae;g__Blautia_A;s__Blautia_A schinkii_B	98.9	0.929	GCF_013304825.1	95.51	d__Bacteria;p__Bacillota;c__Clostridia;o__Lachnospirales;f__Lachnospiraceae;g__Blautia_A;s__Blautia_A schinkii_B	98.9	0.929	d__Bacteria;p__Bacillota;c__Clostridia;o__Lachnospirales;f__Lachnospiraceae;g__Blautia_A;s__	taxonomic classification defined by topology and ANI	topological placement and ANI have congruent species assignments	"GCA_003474435.1, s__Blautia_A sp003474435, 95.0, 95.33, 0.814; GCA_963598855.1, s__Blautia_A sp963598855, 95.0, 90.16, 0.605; GCF_005848555.1, s__Blautia_A sp005848555, 96.6, 89.5, 0.561; GCF_902167715.1, s__Blautia_A luti_A, 96.82, 89.06, 0.554; GCF_020687435.1, s__Blautia_A fusiformis, 96.97, 88.79, 0.523; GCF_013304735.1, s__Blautia_A sp900066205, 95.0, 88.38, 0.572; GCA_963616205.1, s__Blautia_A sp963616205, 95.0, 88.26, 0.238; GCA_003461955.1, s__Blautia_A sp900066335, 95.0, 88.04, 0.528; GCF_040096615.1, s__Blautia_A aquisgranensis, 95.0, 87.0, 0.506; GCA_963642325.1, s__Blautia_A sp963642325, 95.0, 86.89, 0.471; GCF_934373235.1, s__Blautia_A sp934373235, 95.0, 83.11, 0.21"	49.86	11	N/A	N/A
hybridspades_8366_SemiBin_47	d__Bacteria;p__Bacillota;c__Clostridia;o__Lachnospirales;f__Lachnospiraceae;g__Eubacterium_U;s__Eubacterium_U album	GCF_025336545.1	95	d__Bacteria;p__Bacillota;c__Clostridia;o__Lachnospirales;f__Lachnospiraceae;g__Eubacterium_U;s__Eubacterium_U album	99.02	0.904	GCF_025336545.1	95	d__Bacteria;p__Bacillota;c__Clostridia;o__Lachnospirales;f__Lachnospiraceae;g__Eubacterium_U;s__Eubacterium_U album	99.02	0.904	d__Bacteria;p__Bacillota;c__Clostridia;o__Lachnospirales;f__Lachnospiraceae;g__;s__	taxonomic classification defined by topology and ANI	topological placement and ANI have congruent species assignments	N/A	79.39	11	N/A	N/A
hybridspades_8366_SemiBin_48	d__Bacteria;p__Bacillota;c__Clostridia;o__Lachnospirales;f__Lachnospiraceae;g__Eubacterium_G;s__Eubacterium_G ventriosum	GCF_025150745.1	95	d__Bacteria;p__Bacillota;c__Clostridia;o__Lachnospirales;f__Lachnospiraceae;g__Eubacterium_G;s__Eubacterium_G ventriosum	98.21	0.844	GCF_025150745.1	95	d__Bacteria;p__Bacillota;c__Clostridia;o__Lachnospirales;f__Lachnospiraceae;g__Eubacterium_G;s__Eubacterium_G ventriosum	98.21	0.844	d__Bacteria;p__Bacillota;c__Clostridia;o__Lachnospirales;f__Lachnospiraceae;g__Eubacterium_G;s__	taxonomic classification defined by topology and ANI	topological placement and ANI have congruent species assignments	N/A	93.92	11	N/A	N/A
hybridspades_8366_SemiBin_62	d__Bacteria;p__Actinomycetota;c__Coriobacteriia;o__Coriobacteriales;f__Eggerthellaceae;g__Adlercreutzia;s__Adlercreutzia equolifaciens	GCF_000478885.1	95	d__Bacteria;p__Actinomycetota;c__Coriobacteriia;o__Coriobacteriales;f__Eggerthellaceae;g__Adlercreutzia;s__Adlercreutzia equolifaciens	97.22	0.731	N/A	N/A	N/A	N/A	N/A	d__Bacteria;p__Actinomycetota;c__Coriobacteriia;o__Coriobacteriales;f__Eggerthellaceae;g__Adlercreutzia;s__	taxonomic classification defined by topology and ANI	topological placement and ANI have incongruent species assignments	"GCF_000478885.1, s__Adlercreutzia equolifaciens, 95.0, 97.22, 0.731; GCA_902478715.1, s__Adlercreutzia sp902478715, 95.0, 94.26, 0.692; GCF_009755265.1, s__Adlercreutzia rubneri, 95.0, 93.77, 0.674; GCA_947426355.1, s__Adlercreutzia sp947426355, 95.0, 84.92, 0.259; GCA_947573925.1, s__Adlercreutzia sp947573925, 95.0, 84.25, 0.234; GCF_035830715.1, s__Adlercreutzia sp035830715, 95.0, 83.96, 0.277; GCF_958431955.1, s__Adlercreutzia sp958431955, 95.0, 83.85, 0.246; GCA_947649205.1, s__Adlercreutzia sp947649205, 95.0, 83.59, 0.236; GCA_041225375.1, s__Adlercreutzia sp041225375, 95.0, 83.2, 0.216; GCF_910589165.1, s__Adlercreutzia sp910589165, 95.0, 83.17, 0.222; GCF_008831045.1, s__Adlercreutzia muris, 95.0, 83.04, 0.221; GCF_035989245.1, s__Adlercreutzia sp035989245, 95.0, 82.99, 0.194; GCF_000403355.2, s__Adlercreutzia caecimuris, 95.0, 82.95, 0.218; GCF_000422625.1, s__Adlercreutzia mucosicola, 95.0, 82.79, 0.199"	90.89	11	N/A	N/A
hybridspades_8366_SemiBin_72	d__Bacteria;p__Bacteroidota;c__Bacteroidia;o__Bacteroidales;f__Bacteroidaceae;g__Bacteroides;s__Bacteroides hominis	GCF_040094755.1	95	d__Bacteria;p__Bacteroidota;c__Bacteroidia;o__Bacteroidales;f__Bacteroidaceae;g__Bacteroides;s__Bacteroides hominis	98.13	0.73	GCF_040094755.1	95	d__Bacteria;p__Bacteroidota;c__Bacteroidia;o__Bacteroidales;f__Bacteroidaceae;g__Bacteroides;s__Bacteroides hominis	98.13	0.73	d__Bacteria;p__Bacteroidota;c__Bacteroidia;o__Bacteroidales;f__Bacteroidaceae;g__Bacteroides;s__	taxonomic classification defined by topology and ANI	topological placement and ANI have congruent species assignments	"GCF_019583405.1, s__Bacteroides fragilis_B, 95.0, 93.29, 0.64; GCF_000025985.1, s__Bacteroides fragilis, 95.0, 87.4, 0.53; GCA_947646015.1, s__Bacteroides sp947646015, 95.0, 86.3, 0.204"	70.49	11	N/A	N/A
hybridspades_8366_SemiBin_85	d__Bacteria;p__Bacillota;c__Clostridia;o__Oscillospirales;f__Oscillospiraceae;g__CAG-103;s__CAG-103 sp900543625	GCA_900543625.1	95	d__Bacteria;p__Bacillota;c__Clostridia;o__Oscillospirales;f__Oscillospiraceae;g__CAG-103;s__CAG-103 sp900543625	96.84	0.88	GCA_900543625.1	95	d__Bacteria;p__Bacillota;c__Clostridia;o__Oscillospirales;f__Oscillospiraceae;g__CAG-103;s__CAG-103 sp900543625	96.84	0.88	d__Bacteria;p__Bacillota;c__Clostridia;o__Oscillospirales;f__Oscillospiraceae;g__CAG-103;s__	taxonomic classification defined by topology and ANI	topological placement and ANI have congruent species assignments	"GCA_905215475.1, s__CAG-103 sp905215475, 95.0, 94.47, 0.868; GCA_934591895.1, s__CAG-103 sp934591895, 95.0, 93.78, 0.829; GCA_900757655.1, s__CAG-103 sp900757655, 95.0, 90.81, 0.752; GCA_025757645.1, s__CAG-103 sp000432375, 95.0, 90.71, 0.731; GCA_900317855.1, s__CAG-103 sp900317855, 95.0, 90.5, 0.733; GCA_934589185.1, s__CAG-103 sp934589185, 95.43, 90.21, 0.688; GCA_963627135.1, s__CAG-103 sp963627135, 95.0, 89.7, 0.674; GCA_004556965.1, s__CAG-103 sp004556965, 95.0, 80.13, 0.15"	94.7	11	N/A	N/A
hybridspades_8373_SemiBin_111	d__Bacteria;p__Bacillota;c__Clostridia;o__Christensenellales;f__QAND01;g__UMGS1975;s__UMGS1975 sp900546685	GCA_900546685.1	95	d__Bacteria;p__Bacillota;c__Clostridia;o__Christensenellales;f__QAND01;g__UMGS1975;s__UMGS1975 sp900546685	99.19	0.909	GCA_900546685.1	95	d__Bacteria;p__Bacillota;c__Clostridia;o__Christensenellales;f__QAND01;g__UMGS1975;s__UMGS1975 sp900546685	99.19	0.909	d__Bacteria;p__Bacillota;c__Clostridia;o__Christensenellales;f__QAND01;g__UMGS1975;s__	taxonomic classification defined by topology and ANI	topological placement and ANI have congruent species assignments	"GCA_959600905.1, s__UMGS1975 sp959600905, 95.0, 94.57, 0.878; GCA_905208455.1, s__UMGS1975 sp900556815, 95.0, 85.93, 0.538"	84.02	11	N/A	N/A
hybridspades_8373_SemiBin_124	d__Bacteria;p__Bacillota;c__Clostridia;o__Oscillospirales;f__Oscillospiraceae;g__Vescimonas;s__Vescimonas sp003539495	GCA_003539495.1	95	d__Bacteria;p__Bacillota;c__Clostridia;o__Oscillospirales;f__Oscillospiraceae;g__Vescimonas;s__Vescimonas sp003539495	97.54	0.907	GCA_003539495.1	95	d__Bacteria;p__Bacillota;c__Clostridia;o__Oscillospirales;f__Oscillospiraceae;g__Vescimonas;s__Vescimonas sp003539495	97.54	0.907	d__Bacteria;p__Bacillota;c__Clostridia;o__Oscillospirales;f__Oscillospiraceae;g__Vescimonas;s__	taxonomic classification defined by topology and ANI	topological placement and ANI have congruent species assignments	"GCA_963655625.1, s__Vescimonas sp963655625, 95.0, 91.55, 0.598; GCA_902388735.1, s__Vescimonas sp902388735, 95.0, 89.97, 0.588; GCA_945868085.1, s__Vescimonas sp945868085, 95.0, 89.82, 0.628; GCA_900550615.1, s__Vescimonas sp900550615, 95.0, 86.32, 0.344; GCF_018326305.1, s__Vescimonas fastidiosa, 95.0, 85.91, 0.345; GCA_963634265.1, s__Vescimonas sp963634265, 95.0, 84.79, 0.289; GCA_934566025.1, s__Vescimonas sp934566025, 95.0, 84.19, 0.222; GCA_963650985.1, s__Vescimonas sp963650985, 95.0, 83.98, 0.272; GCA_900313295.1, s__Vescimonas sp900313295, 95.0, 83.31, 0.216; GCA_004557655.1, s__Vescimonas sp004557655, 95.0, 81.91, 0.184"	51.39	11	N/A	N/A
hybridspades_8373_SemiBin_13	d__Bacteria;p__Bacillota;c__Clostridia;o__Oscillospirales;f__Ruminococcaceae;g__Ruminococcus_C;s__Ruminococcus_C sp000980705	GCA_000980705.1	95	d__Bacteria;p__Bacillota;c__Clostridia;o__Oscillospirales;f__Ruminococcaceae;g__Ruminococcus_C;s__Ruminococcus_C sp000980705	98.48	0.8	GCA_000980705.1	95	d__Bacteria;p__Bacillota;c__Clostridia;o__Oscillospirales;f__Ruminococcaceae;g__Ruminococcus_C;s__Ruminococcus_C sp000980705	98.48	0.8	d__Bacteria;p__Bacillota;c__Clostridia;o__Oscillospirales;f__Ruminococcaceae;g__Ruminococcus_C;s__	taxonomic classification defined by topology and ANI	topological placement and ANI have congruent species assignments	"GCA_963590855.1, s__Ruminococcus_C sp963590855, 95.0, 86.69, 0.437; GCA_934463425.1, s__Ruminococcus_C sp934463425, 95.0, 86.42, 0.445; GCF_000468015.1, s__Ruminococcus_C callidus, 95.0, 85.46, 0.325"	97.3	11	N/A	N/A
hybridspades_8373_SemiBin_136	d__Bacteria;p__Actinomycetota;c__Coriobacteriia;o__Coriobacteriales;f__Eggerthellaceae;g__Slackia;s__	N/A	N/A	N/A	N/A	N/A	GCF_000296445.1	95	d__Bacteria;p__Actinomycetota;c__Coriobacteriia;o__Coriobacteriales;f__Eggerthellaceae;g__Slackia;s__Slackia piriformis	94.77	0.792	d__Bacteria;p__Actinomycetota;c__Coriobacteriia;o__Coriobacteriales;f__Eggerthellaceae;g__Slackia;s__	taxonomic classification defined by topology and ANI	classification based on placement in class-level tree	"GCF_026168935.1, s__Slackia sp900553655, 95.0, 90.48, 0.702"	65.41	11	0.99803	Genome not assigned to closest species as it falls outside its pre-defined ANI radius
hybridspades_8373_SemiBin_145	d__Bacteria;p__Bacillota;c__Clostridia;o__Christensenellales;f__CAG-138;g__PeH17;s__PeH17 sp000435055	GCA_000435055.1	95	d__Bacteria;p__Bacillota;c__Clostridia;o__Christensenellales;f__CAG-138;g__PeH17;s__PeH17 sp000435055	97.91	0.909	GCA_000435055.1	95	d__Bacteria;p__Bacillota;c__Clostridia;o__Christensenellales;f__CAG-138;g__PeH17;s__PeH17 sp000435055	97.91	0.909	d__Bacteria;p__Bacillota;c__Clostridia;o__Christensenellales;f__CAG-138;g__PeH17;s__	taxonomic classification defined by topology and ANI	topological placement and ANI have congruent species assignments	"GCA_937894955.1, s__PeH17 sp937894955, 95.0, 93.8, 0.789"	75.14	11	N/A	N/A
hybridspades_8373_SemiBin_170	d__Bacteria;p__Bacillota;c__Clostridia;o__Oscillospirales;f__Oscillospiraceae;g__Oscillibacter;s__Oscillibacter segnis	GCF_014297285.1	95	d__Bacteria;p__Bacillota;c__Clostridia;o__Oscillospirales;f__Oscillospiraceae;g__Oscillibacter;s__Oscillibacter segnis	97.75	0.919	GCF_014297285.1	95	d__Bacteria;p__Bacillota;c__Clostridia;o__Oscillospirales;f__Oscillospiraceae;g__Oscillibacter;s__Oscillibacter segnis	97.75	0.919	d__Bacteria;p__Bacillota;c__Clostridia;o__Oscillospirales;f__Oscillospiraceae;g__Oscillibacter;s__	taxonomic classification defined by topology and ANI	topological placement and ANI have congruent species assignments	"GCA_900544105.1, s__Oscillibacter sp900544105, 95.0, 93.98, 0.775; GCA_900550685.1, s__Oscillibacter sp900550685, 95.0, 85.38, 0.332; GCA_900544615.1, s__Oscillibacter sp900544615, 95.0, 85.02, 0.335; GCF_029218125.1, s__Oscillibacter faecalis_A, 95.0, 84.25, 0.279; GCA_934636905.1, s__Oscillibacter sp934636905, 95.0, 82.9, 0.221"	77.32	11	N/A	N/A
hybridspades_8373_SemiBin_40	d__Bacteria;p__Bacillota;c__Clostridia;o__Oscillospirales;f__Oscillospiraceae;g__Hominicoprocola;s__Hominicoprocola fusiformis	GCA_020687125.1	95	d__Bacteria;p__Bacillota;c__Clostridia;o__Oscillospirales;f__Oscillospiraceae;g__Hominicoprocola;s__Hominicoprocola fusiformis	97.67	0.77	GCA_020687125.1	95	d__Bacteria;p__Bacillota;c__Clostridia;o__Oscillospirales;f__Oscillospiraceae;g__Hominicoprocola;s__Hominicoprocola fusiformis	97.67	0.77	d__Bacteria;p__Bacillota;c__Clostridia;o__Oscillospirales;f__Oscillospiraceae;g__Hominicoprocola;s__	taxonomic classification defined by topology and ANI	topological placement and ANI have congruent species assignments	"GCA_040095065.1, s__Hominicoprocola sp934835795, 96.51, 96.01, 0.648; GCA_937884915.1, s__Hominicoprocola sp937884915, 95.0, 92.78, 0.644; GCA_963623615.1, s__Hominicoprocola sp963623615, 95.0, 91.94, 0.686; GCA_900552015.1, s__Hominicoprocola sp900552015, 95.0, 90.83, 0.642; GCA_037343695.1, s__Hominicoprocola sp037343695, 95.0, 89.96, 0.578; GCA_900763705.1, s__Hominicoprocola sp900763705, 95.0, 89.9, 0.684; GCA_900550165.1, s__Hominicoprocola sp900550165, 95.0, 89.9, 0.618; GCA_003522105.1, s__Hominicoprocola sp003522105, 95.0, 88.9, 0.552; GCA_934597535.1, s__Hominicoprocola sp934597535, 95.0, 88.61, 0.498; GCA_900546295.1, s__Hominicoprocola sp900546295, 95.0, 88.22, 0.577; GCA_934636865.1, s__Hominicoprocola sp934636865, 95.0, 87.62, 0.535; GCA_934561515.1, s__Hominicoprocola sp900556145, 95.0, 87.26, 0.505; GCA_002405995.1, s__Hominicoprocola sp002405995, 95.0, 86.6, 0.453; GCA_934572445.1, s__Hominicoprocola sp934572445, 95.0, 86.55, 0.387; GCA_934572465.1, s__Hominicoprocola sp934572465, 95.0, 85.69, 0.428; GCA_900768135.1, s__Hominicoprocola sp900768135, 95.0, 84.73, 0.354; GCA_963612845.1, s__Hominicoprocola sp963612845, 95.0, 84.42, 0.347"	92.75	11	N/A	N/A
hybridspades_8373_SemiBin_50	d__Bacteria;p__Bacillota;c__Clostridia;o__Lachnospirales;f__Lachnospiraceae;g__Dorea;s__Dorea formicigenerans	GCF_025150245.1	95	d__Bacteria;p__Bacillota;c__Clostridia;o__Lachnospirales;f__Lachnospiraceae;g__Dorea;s__Dorea formicigenerans	97.81	0.813	GCF_025150245.1	95	d__Bacteria;p__Bacillota;c__Clostridia;o__Lachnospirales;f__Lachnospiraceae;g__Dorea;s__Dorea formicigenerans	97.81	0.813	d__Bacteria;p__Bacillota;c__Clostridia;o__Lachnospirales;f__Lachnospiraceae;g__Dorea;s__	taxonomic classification defined by topology and ANI	topological placement and ANI have congruent species assignments	"GCA_934307335.1, s__Dorea sp934307335, 95.0, 86.15, 0.341"	92	11	N/A	N/A
hybridspades_8373_SemiBin_54	d__Bacteria;p__Bacillota;c__Bacilli;o__Erysipelotrichales;f__Erysipelotrichaceae;g__Eubacterium_P;s__Eubacterium_P hominis	GCA_014337235.1	95	d__Bacteria;p__Bacillota;c__Bacilli;o__Erysipelotrichales;f__Erysipelotrichaceae;g__Eubacterium_P;s__Eubacterium_P hominis	99.41	0.8	GCA_014337235.1	95	d__Bacteria;p__Bacillota;c__Bacilli;o__Erysipelotrichales;f__Erysipelotrichaceae;g__Eubacterium_P;s__Eubacterium_P hominis	99.41	0.8	d__Bacteria;p__Bacillota;c__Bacilli;o__Erysipelotrichales;f__Erysipelotrichaceae;g__;s__	taxonomic classification defined by topology and ANI	topological placement and ANI have congruent species assignments	N/A	93.15	11	N/A	N/A
hybridspades_8373_SemiBin_68	d__Bacteria;p__Bacillota;c__Clostridia;o__Lachnospirales;f__Lachnospiraceae;g__Dorea_D;s__Dorea_D hominis	GCF_014287705.1	95	d__Bacteria;p__Bacillota;c__Clostridia;o__Lachnospirales;f__Lachnospiraceae;g__Dorea_D;s__Dorea_D hominis	99.01	0.932	GCF_014287705.1	95	d__Bacteria;p__Bacillota;c__Clostridia;o__Lachnospirales;f__Lachnospiraceae;g__Dorea_D;s__Dorea_D hominis	99.01	0.932	d__Bacteria;p__Bacillota;c__Clostridia;o__Lachnospirales;f__Lachnospiraceae;g__Dorea_D;s__	taxonomic classification defined by topology and ANI	topological placement and ANI have congruent species assignments	"GCA_030538915.1, s__Dorea_D sp030538915, 95.0, 83.4, 0.213"	70.23	11	N/A	N/A
hybridspades_8373_SemiBin_70	d__Bacteria;p__Bacillota;c__Clostridia;o__Lachnospirales;f__Lachnospiraceae;g__Claveliimonas;s__Claveliimonas ammoniilytica	GCF_025567415.1	95	d__Bacteria;p__Bacillota;c__Clostridia;o__Lachnospirales;f__Lachnospiraceae;g__Claveliimonas;s__Claveliimonas ammoniilytica	97.61	0.851	GCF_025567415.1	95	d__Bacteria;p__Bacillota;c__Clostridia;o__Lachnospirales;f__Lachnospiraceae;g__Claveliimonas;s__Claveliimonas ammoniilytica	97.61	0.851	d__Bacteria;p__Bacillota;c__Clostridia;o__Lachnospirales;f__Lachnospiraceae;g__Claveliimonas;s__	taxonomic classification defined by topology and ANI	topological placement and ANI have congruent species assignments	"GCA_963592205.1, s__Claveliimonas sp963592205, 95.0, 88.53, 0.636"	79.19	11	N/A	N/A
hybridspades_8373_SemiBin_71	d__Bacteria;p__Bacillota;c__Clostridia;o__Lachnospirales;f__Lachnospiraceae;g__Blautia_A;s__Blautia_A wexlerae	GCF_025148125.1	95.13	d__Bacteria;p__Bacillota;c__Clostridia;o__Lachnospirales;f__Lachnospiraceae;g__Blautia_A;s__Blautia_A wexlerae	98	0.825	GCF_025148125.1	95.13	d__Bacteria;p__Bacillota;c__Clostridia;o__Lachnospirales;f__Lachnospiraceae;g__Blautia_A;s__Blautia_A wexlerae	98	0.825	d__Bacteria;p__Bacillota;c__Clostridia;o__Lachnospirales;f__Lachnospiraceae;g__Blautia_A;s__	taxonomic classification defined by topology and ANI	topological placement and ANI have congruent species assignments	"GCA_958454115.1, s__Blautia_A wexlerae_C, 95.0, 93.95, 0.413; GCF_013300825.1, s__Blautia_A wexlerae_B, 95.0, 93.92, 0.653; GCA_003471165.1, s__Blautia_A sp003471165, 95.0, 88.45, 0.403; GCF_018919065.1, s__Blautia_A sp018919065, 95.0, 88.38, 0.341; GCF_014297245.1, s__Blautia_A difficilis, 95.0, 87.18, 0.281; GCA_934437695.1, s__Blautia_A sp934437695, 95.0, 86.83, 0.438; GCF_033096465.1, s__Blautia_A luti, 95.0, 86.16, 0.276; GCA_003477525.1, s__Blautia_A sp003477525, 95.0, 85.25, 0.278; GCF_934416185.1, s__Blautia_A sp934416185, 95.0, 85.24, 0.293; GCA_934426285.1, s__Blautia_A sp934426285, 95.0, 84.63, 0.18; GCA_963605995.1, s__Blautia_A sp963605995, 95.0, 84.38, 0.222"	89.5	11	N/A	N/A
hybridspades_8373_SemiBin_76	d__Bacteria;p__Bacillota;c__Clostridia;o__Lachnospirales;f__Lachnospiraceae;g__Ruminococcus_B;s__Ruminococcus_B gnavus	GCF_008121495.1	95	d__Bacteria;p__Bacillota;c__Clostridia;o__Lachnospirales;f__Lachnospiraceae;g__Ruminococcus_B;s__Ruminococcus_B gnavus	99.49	0.8	GCF_008121495.1	95	d__Bacteria;p__Bacillota;c__Clostridia;o__Lachnospirales;f__Lachnospiraceae;g__Ruminococcus_B;s__Ruminococcus_B gnavus	99.49	0.8	d__Bacteria;p__Bacillota;c__Clostridia;o__Lachnospirales;f__Lachnospiraceae;g__Ruminococcus_B;s__	taxonomic classification defined by topology and ANI	topological placement and ANI have congruent species assignments	"GCA_900544395.1, s__Ruminococcus_B sp900544395, 95.0, 85.47, 0.411"	87.77	11	N/A	N/A
hybridspades_8373_SemiBin_8	d__Bacteria;p__Bacillota;c__Bacilli;o__RF39;f__UBA660;g__Aphodocola;s__Aphodocola sp000434835	GCA_000434835.1	95	d__Bacteria;p__Bacillota;c__Bacilli;o__RF39;f__UBA660;g__Aphodocola;s__Aphodocola sp000434835	97.55	0.867	GCA_000434835.1	95	d__Bacteria;p__Bacillota;c__Bacilli;o__RF39;f__UBA660;g__Aphodocola;s__Aphodocola sp000434835	97.55	0.867	d__Bacteria;p__Bacillota;c__Bacilli;o__RF39;f__UBA660;g__Aphodocola;s__	taxonomic classification defined by topology and ANI	topological placement and ANI have congruent species assignments	"GCA_900547225.1, s__Aphodocola sp900547225, 95.1, 95.44, 0.763; GCA_934141615.1, s__Aphodocola sp934141615, 95.0, 94.1, 0.778; GCA_900772415.1, s__Aphodocola sp900772415, 95.0, 87.35, 0.344; GCA_900771805.1, s__Aphodocola sp900771805, 95.0, 86.28, 0.291"	87.03	11	N/A	N/A
hybridspades_8373_SemiBin_84	d__Bacteria;p__Bacillota;c__Clostridia;o__Lachnospirales;f__Lachnospiraceae;g__Blautia_A;s__Blautia_A fusiformis	GCF_020687435.1	96.97	d__Bacteria;p__Bacillota;c__Clostridia;o__Lachnospirales;f__Lachnospiraceae;g__Blautia_A;s__Blautia_A fusiformis	97.22	0.582	GCF_020687435.1	96.97	d__Bacteria;p__Bacillota;c__Clostridia;o__Lachnospirales;f__Lachnospiraceae;g__Blautia_A;s__Blautia_A fusiformis	97.22	0.582	d__Bacteria;p__Bacillota;c__Clostridia;o__Lachnospirales;f__Lachnospiraceae;g__Blautia_A;s__	taxonomic classification defined by topology and ANI	topological placement and ANI have congruent species assignments	"GCF_902167715.1, s__Blautia_A luti_A, 96.82, 94.97, 0.572; GCF_005848555.1, s__Blautia_A sp005848555, 96.6, 94.62, 0.562; GCA_003461955.1, s__Blautia_A sp900066335, 95.0, 94.42, 0.613; GCA_958454115.1, s__Blautia_A wexlerae_C, 95.0, 94.33, 0.322; GCF_013304735.1, s__Blautia_A sp900066205, 95.0, 91.38, 0.51; GCA_963616205.1, s__Blautia_A sp963616205, 95.0, 88.93, 0.355; GCA_003474435.1, s__Blautia_A sp003474435, 95.0, 87.34, 0.366; GCF_013304825.1, s__Blautia_A schinkii_B, 95.51, 86.65, 0.376; GCA_963598855.1, s__Blautia_A sp963598855, 95.0, 85.83, 0.284; GCF_040096615.1, s__Blautia_A aquisgranensis, 95.0, 84.99, 0.313; GCA_963642325.1, s__Blautia_A sp963642325, 95.0, 84.82, 0.248; GCF_934373235.1, s__Blautia_A sp934373235, 95.0, 82.93, 0.16"	41.66	11	N/A	Genome has more than 10.8% of markers with multiple hits
hybridspades_8373_SemiBin_87	d__Bacteria;p__Bacillota;c__Clostridia;o__Lachnospirales;f__Lachnospiraceae;g__Bariatricus;s__Bariatricus comes	GCF_025149785.1	95.02	d__Bacteria;p__Bacillota;c__Clostridia;o__Lachnospirales;f__Lachnospiraceae;g__Bariatricus;s__Bariatricus comes	97.94	0.839	GCF_025149785.1	95.02	d__Bacteria;p__Bacillota;c__Clostridia;o__Lachnospirales;f__Lachnospiraceae;g__Bariatricus;s__Bariatricus comes	97.94	0.839	d__Bacteria;p__Bacillota;c__Clostridia;o__Lachnospirales;f__Lachnospiraceae;g__Bariatricus;s__	taxonomic classification defined by topology and ANI	topological placement and ANI have congruent species assignments	"GCF_013300725.1, s__Bariatricus comes_A, 95.0, 95.36, 0.806; GCA_934320645.1, s__Bariatricus sp934320645, 95.0, 93.26, 0.676"	90.63	11	N/A	N/A
hybridspades_8373_SemiBin_90	d__Bacteria;p__Bacillota;c__Clostridia;o__Oscillospirales;f__Oscillospiraceae;g__Faecousia;s__Faecousia intestinalis	GCF_040096185.1	95	d__Bacteria;p__Bacillota;c__Clostridia;o__Oscillospirales;f__Oscillospiraceae;g__Faecousia;s__Faecousia intestinalis	98.16	0.918	GCF_040096185.1	95	d__Bacteria;p__Bacillota;c__Clostridia;o__Oscillospirales;f__Oscillospiraceae;g__Faecousia;s__Faecousia intestinalis	98.16	0.918	d__Bacteria;p__Bacillota;c__Clostridia;o__Oscillospirales;f__Oscillospiraceae;g__Faecousia;s__	taxonomic classification defined by topology and ANI	topological placement and ANI have congruent species assignments	N/A	92.41	11	N/A	N/A
hybridspades_8373_SemiBin_96	d__Bacteria;p__Bacillota;c__Clostridia;o__Lachnospirales;f__Lachnospiraceae;g__Enterocloster;s__Enterocloster sp000431375	GCF_003473545.1	95	d__Bacteria;p__Bacillota;c__Clostridia;o__Lachnospirales;f__Lachnospiraceae;g__Enterocloster;s__Enterocloster sp000431375	99.05	0.951	GCF_003473545.1	95	d__Bacteria;p__Bacillota;c__Clostridia;o__Lachnospirales;f__Lachnospiraceae;g__Enterocloster;s__Enterocloster sp000431375	99.05	0.951	d__Bacteria;p__Bacillota;c__Clostridia;o__Lachnospirales;f__Lachnospiraceae;g__Enterocloster;s__	taxonomic classification defined by topology and ANI	topological placement and ANI have congruent species assignments	"GCA_025758065.1, s__Enterocloster sp900541315, 95.0, 88.49, 0.519; GCA_963644495.1, s__Enterocloster sp963644495, 95.0, 88.32, 0.473; GCA_963611035.1, s__Enterocloster sp963611035, 95.0, 88.06, 0.503; GCA_963621525.1, s__Enterocloster sp963621525, 95.0, 87.84, 0.485; GCA_900543885.1, s__Enterocloster sp900543885, 95.0, 86.75, 0.445"	81.89	11	N/A	N/A
hybridspades_8915_SemiBin_1	d__Bacteria;p__Bacillota;c__Clostridia;o__Lachnospirales;f__Lachnospiraceae;g__Eubacterium_F;s__Eubacterium_F sp003491505	GCF_003477605.1	95	d__Bacteria;p__Bacillota;c__Clostridia;o__Lachnospirales;f__Lachnospiraceae;g__Eubacterium_F;s__Eubacterium_F sp003491505	98.9	0.838	GCF_003477605.1	95	d__Bacteria;p__Bacillota;c__Clostridia;o__Lachnospirales;f__Lachnospiraceae;g__Eubacterium_F;s__Eubacterium_F sp003491505	98.9	0.838	d__Bacteria;p__Bacillota;c__Clostridia;o__Lachnospirales;f__Lachnospiraceae;g__Eubacterium_F;s__	taxonomic classification defined by topology and ANI	topological placement and ANI have congruent species assignments	"GCA_934322085.1, s__Eubacterium_F sp934322085, 95.0, 94.45, 0.822; GCA_937902905.1, s__Eubacterium_F sp937902905, 95.0, 94.04, 0.733"	93.13	11	N/A	N/A
hybridspades_8915_SemiBin_116	d__Bacteria;p__Bacillota;c__Clostridia;o__Oscillospirales;f__Ruminococcaceae;g__Angelakisella;s__Angelakisella sp900547385	GCA_900547385.1	95	d__Bacteria;p__Bacillota;c__Clostridia;o__Oscillospirales;f__Ruminococcaceae;g__Angelakisella;s__Angelakisella sp900547385	97.67	0.917	GCA_900547385.1	95	d__Bacteria;p__Bacillota;c__Clostridia;o__Oscillospirales;f__Ruminococcaceae;g__Angelakisella;s__Angelakisella sp900547385	97.67	0.917	d__Bacteria;p__Bacillota;c__Clostridia;o__Oscillospirales;f__Ruminococcaceae;g__Angelakisella;s__	taxonomic classification defined by topology and ANI	topological placement and ANI have congruent species assignments	"GCA_937907305.1, s__Angelakisella sp937907305, 95.0, 92.31, 0.796; GCA_003453215.1, s__Angelakisella sp003453215, 95.0, 85.5, 0.389; GCA_004557855.1, s__Angelakisella sp004557855, 95.0, 85.47, 0.389; GCA_900552845.1, s__Angelakisella sp900552845, 95.0, 84.92, 0.297; GCA_934524965.1, s__Angelakisella sp934524965, 95.0, 84.27, 0.374; GCA_004554485.1, s__Angelakisella sp004554485, 95.0, 81.73, 0.243"	90.09	11	N/A	N/A
hybridspades_8915_SemiBin_159	d__Bacteria;p__Bacillota;c__Clostridia;o__Lachnospirales;f__Lachnospiraceae;g__UBA4285;s__UBA4285 sp900545225	GCA_900545225.1	95	d__Bacteria;p__Bacillota;c__Clostridia;o__Lachnospirales;f__Lachnospiraceae;g__UBA4285;s__UBA4285 sp900545225	99.02	0.913	GCA_900545225.1	95	d__Bacteria;p__Bacillota;c__Clostridia;o__Lachnospirales;f__Lachnospiraceae;g__UBA4285;s__UBA4285 sp900545225	99.02	0.913	d__Bacteria;p__Bacillota;c__Clostridia;o__Lachnospirales;f__Lachnospiraceae;g__UBA4285;s__	taxonomic classification defined by topology and ANI	topological placement and ANI have congruent species assignments	"GCA_022769005.1, s__UBA4285 sp022769005, 95.0, 82.35, 0.216"	73.03	11	N/A	N/A
hybridspades_8915_SemiBin_19	d__Bacteria;p__Bacillota;c__Clostridia;o__Oscillospirales;f__Acutalibacteraceae;g__CAG-217;s__CAG-217 sp000436335	GCA_025757685.1	95	d__Bacteria;p__Bacillota;c__Clostridia;o__Oscillospirales;f__Acutalibacteraceae;g__CAG-217;s__CAG-217 sp000436335	96.87	0.878	GCA_025757685.1	95	d__Bacteria;p__Bacillota;c__Clostridia;o__Oscillospirales;f__Acutalibacteraceae;g__CAG-217;s__CAG-217 sp000436335	96.87	0.878	d__Bacteria;p__Bacillota;c__Clostridia;o__Oscillospirales;f__Acutalibacteraceae;g__CAG-217;s__	taxonomic classification defined by topology and ANI	topological placement and ANI have congruent species assignments	"GCA_963638105.1, s__CAG-217 sp963638105, 95.0, 94.96, 0.902; GCA_963642245.1, s__CAG-217 sp963642245, 95.0, 90.89, 0.775; GCA_963605415.1, s__CAG-217 sp963605415, 95.0, 89.69, 0.695"	97.1	11	N/A	N/A
hybridspades_8915_SemiBin_27	d__Bacteria;p__Bacillota;c__Clostridia;o__Lachnospirales;f__Lachnospiraceae;g__Hominisplanchenecus;s__Hominisplanchenecus faecis	GCF_020687205.1	95	d__Bacteria;p__Bacillota;c__Clostridia;o__Lachnospirales;f__Lachnospiraceae;g__Hominisplanchenecus;s__Hominisplanchenecus faecis	98.71	0.847	GCF_020687205.1	95	d__Bacteria;p__Bacillota;c__Clostridia;o__Lachnospirales;f__Lachnospiraceae;g__Hominisplanchenecus;s__Hominisplanchenecus faecis	98.71	0.847	d__Bacteria;p__Bacillota;c__Clostridia;o__Lachnospirales;f__Lachnospiraceae;g__Hominisplanchenecus;s__	taxonomic classification defined by topology and ANI	topological placement and ANI have congruent species assignments	"GCA_900551235.1, s__Hominisplanchenecus sp900551235, 95.0, 88.27, 0.479; GCA_905214675.1, s__Hominisplanchenecus sp905214675, 95.0, 87.76, 0.396"	94.92	11	N/A	N/A
hybridspades_8915_SemiBin_8	d__Bacteria;p__Bacteroidota;c__Bacteroidia;o__Bacteroidales;f__Bacteroidaceae;g__Prevotella;s__	N/A	N/A	N/A	N/A	N/A	GCA_900548745.1	95	d__Bacteria;p__Bacteroidota;c__Bacteroidia;o__Bacteroidales;f__Bacteroidaceae;g__Prevotella;s__Prevotella sp900548745	97.26	0.38	d__Bacteria;p__Bacteroidota;c__Bacteroidia;o__Bacteroidales;f__Bacteroidaceae;g__Prevotella;s__	taxonomic classification defined by topology and ANI	classification based on placement in class-level tree	N/A	54.31	11	0.9939	N/A
hybridspades_8915_SemiBin_98	d__Bacteria;p__Bacillota;c__Clostridia;o__Oscillospirales;f__Ruminococcaceae;g__Negativibacillus;s__Negativibacillus sp000435195	GCA_000435195.1	95	d__Bacteria;p__Bacillota;c__Clostridia;o__Oscillospirales;f__Ruminococcaceae;g__Negativibacillus;s__Negativibacillus sp000435195	97.21	0.872	GCA_000435195.1	95	d__Bacteria;p__Bacillota;c__Clostridia;o__Oscillospirales;f__Ruminococcaceae;g__Negativibacillus;s__Negativibacillus sp000435195	97.21	0.872	d__Bacteria;p__Bacillota;c__Clostridia;o__Oscillospirales;f__Ruminococcaceae;g__Negativibacillus;s__	taxonomic classification defined by topology and ANI	topological placement and ANI have congruent species assignments	"GCA_902490335.1, s__Negativibacillus sp902490335, 95.0, 94.21, 0.9"	82.29	11	N/A	N/A
metamdbg_0942_SemiBin_147	d__Bacteria;p__Bacillota;c__Clostridia;o__Lachnospirales;f__Lachnospiraceae;g__Eubacterium_I;s__Eubacterium_I ramulus_A	GCF_003122485.1	95	d__Bacteria;p__Bacillota;c__Clostridia;o__Lachnospirales;f__Lachnospiraceae;g__Eubacterium_I;s__Eubacterium_I ramulus_A	98.41	0.808	GCF_003122485.1	95	d__Bacteria;p__Bacillota;c__Clostridia;o__Lachnospirales;f__Lachnospiraceae;g__Eubacterium_I;s__Eubacterium_I ramulus_A	98.41	0.808	d__Bacteria;p__Bacillota;c__Clostridia;o__Lachnospirales;f__Lachnospiraceae;g__Eubacterium_I;s__	taxonomic classification defined by topology and ANI	topological placement and ANI have congruent species assignments	"GCA_900546495.1, s__Eubacterium_I sp900546495, 95.0, 91.86, 0.72; GCA_963587975.1, s__Eubacterium_I sp963587975, 95.0, 88.16, 0.355; GCA_963617435.1, s__Eubacterium_I sp963617435, 95.0, 87.69, 0.37; GCF_934295145.1, s__Eubacterium_I sp934295145, 95.0, 87.38, 0.392; GCA_963659325.1, s__Eubacterium_I sp963659325, 95.0, 87.21, 0.361; GCA_934358495.1, s__Eubacterium_I sp934358495, 95.0, 86.89, 0.351; GCA_902475415.1, s__Eubacterium_I sp902475415, 95.0, 86.01, 0.181; GCA_022781925.1, s__Eubacterium_I sp022781925, 95.0, 85.45, 0.294; GCF_000469345.1, s__Eubacterium_I ramulus, 95.0, 85.34, 0.266; GCA_934317205.1, s__Eubacterium_I sp934317205, 95.0, 84.72, 0.253"	75.89	11	N/A	Genome has more than 10.0% of markers with multiple hits
metamdbg_4143_SemiBin_135	d__Bacteria;p__Bacteroidota;c__Bacteroidia;o__Bacteroidales;f__Bacteroidaceae;g__Prevotella;s__Prevotella sp002265625	GCF_002265625.1	95	d__Bacteria;p__Bacteroidota;c__Bacteroidia;o__Bacteroidales;f__Bacteroidaceae;g__Prevotella;s__Prevotella sp002265625	96.87	0.73	GCF_002265625.1	95	d__Bacteria;p__Bacteroidota;c__Bacteroidia;o__Bacteroidales;f__Bacteroidaceae;g__Prevotella;s__Prevotella sp002265625	96.87	0.73	d__Bacteria;p__Bacteroidota;c__Bacteroidia;o__Bacteroidales;f__Bacteroidaceae;g__Prevotella;s__	taxonomic classification defined by topology and ANI	topological placement and ANI have congruent species assignments	N/A	93.13	11	N/A	N/A
metamdbg_4143_SemiBin_142	d__Bacteria;p__Bacillota;c__Clostridia;o__TANB77;f__CAG-508;g__CAG-492;s__CAG-492 sp000434335	GCA_000434335.1	95	d__Bacteria;p__Bacillota;c__Clostridia;o__TANB77;f__CAG-508;g__CAG-492;s__CAG-492 sp000434335	97.07	0.787	GCA_000434335.1	95	d__Bacteria;p__Bacillota;c__Clostridia;o__TANB77;f__CAG-508;g__CAG-492;s__CAG-492 sp000434335	97.07	0.787	d__Bacteria;p__Bacillota;c__Clostridia;o__TANB77;f__CAG-508;g__CAG-492;s__	taxonomic classification defined by topology and ANI	topological placement and ANI have congruent species assignments	"GCA_934180065.1, s__CAG-492 sp934180065, 95.0, 83.78, 0.151; GCA_934167365.1, s__CAG-492 sp934167365, 95.0, 82.86, 0.167"	86.06	11	N/A	N/A
metamdbg_4143_SemiBin_197	d__Bacteria;p__Bacillota;c__Clostridia;o__TANB77;f__CAG-508;g__CAG-269;s__CAG-269 sp003525075	GCA_003525075.1	95	d__Bacteria;p__Bacillota;c__Clostridia;o__TANB77;f__CAG-508;g__CAG-269;s__CAG-269 sp003525075	98.62	0.902	GCA_003525075.1	95	d__Bacteria;p__Bacillota;c__Clostridia;o__TANB77;f__CAG-508;g__CAG-269;s__CAG-269 sp003525075	98.62	0.902	d__Bacteria;p__Bacillota;c__Clostridia;o__TANB77;f__CAG-508;g__CAG-269;s__	taxonomic classification defined by topology and ANI	topological placement and ANI have congruent species assignments	"GCA_934120045.1, s__CAG-269 sp934120045, 95.33, 95.28, 0.708; GCA_001915995.1, s__CAG-269 sp001915995, 95.0, 94.1, 0.743; GCA_934122085.1, s__CAG-269 sp934122085, 95.0, 93.98, 0.639; GCA_934141555.1, s__CAG-269 sp934141555, 95.0, 93.91, 0.705; GCA_934129895.1, s__CAG-269 sp934129895, 95.0, 87.19, 0.359; GCA_934120315.1, s__CAG-269 sp934120315, 95.0, 82.02, 0.151; GCA_944386165.1, s__CAG-269 sp944386165, 95.0, 81.72, 0.197; GCA_944393385.1, s__CAG-269 sp944393385, 95.0, 80.91, 0.158"	88.09	11	N/A	N/A
metamdbg_4143_SemiBin_283	d__Bacteria;p__Bacillota;c__Clostridia;o__Lachnospirales;f__Lachnospiraceae;g__Schaedlerella;s__Schaedlerella hominis	GCF_014287355.1	95	d__Bacteria;p__Bacillota;c__Clostridia;o__Lachnospirales;f__Lachnospiraceae;g__Schaedlerella;s__Schaedlerella hominis	99.02	0.919	GCF_014287355.1	95	d__Bacteria;p__Bacillota;c__Clostridia;o__Lachnospirales;f__Lachnospiraceae;g__Schaedlerella;s__Schaedlerella hominis	99.02	0.919	d__Bacteria;p__Bacillota;c__Clostridia;o__Lachnospirales;f__Lachnospiraceae;g__Schaedlerella;s__	taxonomic classification defined by topology and ANI	topological placement and ANI have congruent species assignments	"GCA_934435195.1, s__Schaedlerella sp934435195, 95.0, 94.45, 0.711"	86.99	11	N/A	N/A
metamdbg_4143_SemiBin_297	d__Bacteria;p__Bacillota;c__Clostridia;o__Lachnospirales;f__Lachnospiraceae;g__Lachnospira;s__Lachnospira rogosae	GCF_040096455.1	95	d__Bacteria;p__Bacillota;c__Clostridia;o__Lachnospirales;f__Lachnospiraceae;g__Lachnospira;s__Lachnospira rogosae	98.58	0.882	GCF_040096455.1	95	d__Bacteria;p__Bacillota;c__Clostridia;o__Lachnospirales;f__Lachnospiraceae;g__Lachnospira;s__Lachnospira rogosae	98.58	0.882	d__Bacteria;p__Bacillota;c__Clostridia;o__Lachnospirales;f__Lachnospiraceae;g__Lachnospira;s__	taxonomic classification defined by topology and ANI	topological placement and ANI have congruent species assignments	N/A	90.37	11	N/A	N/A
metamdbg_8366_SemiBin_321	d__Bacteria;p__Bacillota;c__Clostridia;o__Oscillospirales;f__Acutalibacteraceae;g__Eubacterium_R;s__Eubacterium_R sp000436835	GCA_000436835.1	95	d__Bacteria;p__Bacillota;c__Clostridia;o__Oscillospirales;f__Acutalibacteraceae;g__Eubacterium_R;s__Eubacterium_R sp000436835	97.66	0.908	GCA_000436835.1	95	d__Bacteria;p__Bacillota;c__Clostridia;o__Oscillospirales;f__Acutalibacteraceae;g__Eubacterium_R;s__Eubacterium_R sp000436835	97.66	0.908	d__Bacteria;p__Bacillota;c__Clostridia;o__Oscillospirales;f__Acutalibacteraceae;g__Eubacterium_R;s__	taxonomic classification defined by topology and ANI	topological placement and ANI have congruent species assignments	"GCA_945874765.1, s__Eubacterium_R sp945874765, 95.0, 87.71, 0.598; GCA_963661525.1, s__Eubacterium_R sp963661525, 95.0, 84.56, 0.296; GCA_000434995.1, s__Eubacterium_R sp000434995, 95.0, 83.97, 0.432; GCA_900540235.1, s__Eubacterium_R sp900540235, 95.0, 82.03, 0.287; GCA_963657005.1, s__Eubacterium_R sp963657005, 95.0, 81.7, 0.261"	94.04	11	N/A	N/A
metamdbg_8373_SemiBin_12	d__Bacteria;p__Bacillota;c__Clostridia;o__Lachnospirales;f__Lachnospiraceae;g__Schaedlerella;s__Schaedlerella hominis	GCF_014287355.1	95	d__Bacteria;p__Bacillota;c__Clostridia;o__Lachnospirales;f__Lachnospiraceae;g__Schaedlerella;s__Schaedlerella hominis	97.57	0.763	GCF_014287355.1	95	d__Bacteria;p__Bacillota;c__Clostridia;o__Lachnospirales;f__Lachnospiraceae;g__Schaedlerella;s__Schaedlerella hominis	97.57	0.763	d__Bacteria;p__Bacillota;c__Clostridia;o__Lachnospirales;f__Lachnospiraceae;g__Schaedlerella;s__	taxonomic classification defined by topology and ANI	topological placement and ANI have congruent species assignments	"GCA_934435195.1, s__Schaedlerella sp934435195, 95.0, 94.57, 0.684"	86.62	11	N/A	N/A
metamdbg_8373_SemiBin_233	d__Bacteria;p__Bacillota;c__Clostridia;o__Lachnospirales;f__Lachnospiraceae;g__Maccoya;s__Maccoya intestinihominis	GCF_040096355.1	95	d__Bacteria;p__Bacillota;c__Clostridia;o__Lachnospirales;f__Lachnospiraceae;g__Maccoya;s__Maccoya intestinihominis	98.64	0.918	GCF_040096355.1	95	d__Bacteria;p__Bacillota;c__Clostridia;o__Lachnospirales;f__Lachnospiraceae;g__Maccoya;s__Maccoya intestinihominis	98.64	0.918	d__Bacteria;p__Bacillota;c__Clostridia;o__Lachnospirales;f__Lachnospiraceae;g__Maccoya;s__	taxonomic classification defined by topology and ANI	topological placement and ANI have congruent species assignments	N/A	65.79	11	N/A	N/A
metamdbg_8373_SemiBin_281	d__Bacteria;p__Bacillota;c__Clostridia;o__Lachnospirales;f__Lachnospiraceae;g__Coprococcus_A;s__Coprococcus_A catus	GCF_019734885.1	95	d__Bacteria;p__Bacillota;c__Clostridia;o__Lachnospirales;f__Lachnospiraceae;g__Coprococcus_A;s__Coprococcus_A catus	98.67	0.824	GCF_019734885.1	95	d__Bacteria;p__Bacillota;c__Clostridia;o__Lachnospirales;f__Lachnospiraceae;g__Coprococcus_A;s__Coprococcus_A catus	98.67	0.824	d__Bacteria;p__Bacillota;c__Clostridia;o__Lachnospirales;f__Lachnospiraceae;g__Coprococcus_A;s__	taxonomic classification defined by topology and ANI	topological placement and ANI have congruent species assignments	"GCF_040096555.1, s__Coprococcus_A intestinihominis, 95.0, 91.33, 0.45"	89.3	11	N/A	N/A
metamdbg_8373_SemiBin_63	d__Bacteria;p__Bacillota;c__Bacilli;o__Lactobacillales;f__Lactobacillaceae;g__Weissella;s__Weissella cibaria	GCF_000193635.1	95	d__Bacteria;p__Bacillota;c__Bacilli;o__Lactobacillales;f__Lactobacillaceae;g__Weissella;s__Weissella cibaria	96.68	0.776	GCF_000193635.1	95	d__Bacteria;p__Bacillota;c__Bacilli;o__Lactobacillales;f__Lactobacillaceae;g__Weissella;s__Weissella cibaria	96.68	0.776	d__Bacteria;p__Bacillota;c__Bacilli;o__Lactobacillales;f__Lactobacillaceae;g__Weissella;s__	taxonomic classification defined by topology and ANI	topological placement and ANI have congruent species assignments	"GCF_004521965.1, s__Weissella cibaria_A, 95.0, 92.54, 0.638; GCA_041871065.1, s__Weissella confusa_A, 95.0, 84.42, 0.181; GCF_007991875.1, s__Weissella confusa, 95.0, 84.15, 0.175; GCF_025908565.2, s__Weissella fermenti, 95.0, 83.57, 0.175"	55.34	11	N/A	Genome has more than 10.0% of markers with multiple hits
metamdbg_nextpolish_0942_SemiBin_119	d__Bacteria;p__Bacteroidota;c__Bacteroidia;o__Bacteroidales;f__Bacteroidaceae;g__Phocaeicola;s__Phocaeicola coprocola	GCF_000154845.1	95	d__Bacteria;p__Bacteroidota;c__Bacteroidia;o__Bacteroidales;f__Bacteroidaceae;g__Phocaeicola;s__Phocaeicola coprocola	97.81	0.724	GCF_000154845.1	95	d__Bacteria;p__Bacteroidota;c__Bacteroidia;o__Bacteroidales;f__Bacteroidaceae;g__Phocaeicola;s__Phocaeicola coprocola	97.81	0.724	d__Bacteria;p__Bacteroidota;c__Bacteroidia;o__Bacteroidales;f__Bacteroidaceae;g__Phocaeicola;s__	taxonomic classification defined by topology and ANI	topological placement and ANI have congruent species assignments	"GCA_019414665.1, s__Phocaeicola sp019414665, 95.0, 97.35, 0.381; GCA_019414725.1, s__Phocaeicola sp019414725, 95.0, 97.05, 0.406; GCF_037890145.1, s__Phocaeicola sp000436795, 95.0, 84.58, 0.368; GCA_000432735.1, s__Phocaeicola sp000432735, 95.0, 83.12, 0.351"	97.08	11	N/A	N/A
metamdbg_nextpolish_0942_SemiBin_142	d__Bacteria;p__Pseudomonadota;c__Gammaproteobacteria;o__Burkholderiales;f__Burkholderiaceae;g__Duodenibacillus;s__Duodenibacillus intestinigallinarum	GCA_019117105.1	95	d__Bacteria;p__Pseudomonadota;c__Gammaproteobacteria;o__Burkholderiales;f__Burkholderiaceae;g__Duodenibacillus;s__Duodenibacillus intestinigallinarum	98.44	0.915	GCA_019117105.1	95	d__Bacteria;p__Pseudomonadota;c__Gammaproteobacteria;o__Burkholderiales;f__Burkholderiaceae;g__Duodenibacillus;s__Duodenibacillus intestinigallinarum	98.44	0.915	d__Bacteria;p__Pseudomonadota;c__Gammaproteobacteria;o__Burkholderiales;f__Burkholderiaceae;g__Duodenibacillus;s__	taxonomic classification defined by topology and ANI	topological placement and ANI have congruent species assignments	"GCA_019117135.1, s__Duodenibacillus intestinavium, 95.0, 90.24, 0.712; GCA_900552915.1, s__Duodenibacillus sp900552915, 95.0, 82.57, 0.261; GCA_900767875.1, s__Duodenibacillus sp900767875, 95.0, 81.73, 0.2; GCA_900762555.1, s__Duodenibacillus sp900762555, 95.0, 80.93, 0.212; GCA_944390145.1, s__Duodenibacillus sp944390145, 95.0, 80.48, 0.162"	96.62	11	N/A	N/A
metamdbg_nextpolish_0942_SemiBin_161	d__Bacteria;p__Pseudomonadota;c__Gammaproteobacteria;o__Enterobacterales;f__Enterobacteriaceae;g__Escherichia;s__Escherichia coli	GCF_003697165.2	95	d__Bacteria;p__Pseudomonadota;c__Gammaproteobacteria;o__Enterobacterales;f__Enterobacteriaceae;g__Escherichia;s__Escherichia coli	96.02	0.795	N/A	N/A	N/A	N/A	N/A	d__Bacteria;p__Pseudomonadota;c__Gammaproteobacteria;o__Enterobacterales;f__Enterobacteriaceae;g__Escherichia;s__	taxonomic classification defined by topology and ANI	topological placement and ANI have incongruent species assignments	"GCF_003697165.2, s__Escherichia coli, 95.0, 96.02, 0.795; GCF_036503815.1, s__Escherichia coli_F, 95.84, 95.35, 0.795; GCF_002965065.1, s__Escherichia sp002965065, 95.0, 94.28, 0.705; GCF_004211955.1, s__Escherichia sp004211955, 95.0, 92.98, 0.743; GCF_031323975.1, s__Escherichia ruysiae, 95.0, 92.76, 0.758; GCA_011881725.1, s__Escherichia coli_E, 95.0, 92.2, 0.792; GCF_005843885.1, s__Escherichia sp005843885, 95.0, 92.05, 0.701; GCF_014836715.1, s__Escherichia whittamii, 95.0, 91.6, 0.761; GCF_000026225.1, s__Escherichia fergusonii, 95.0, 91.54, 0.554; GCF_002900365.1, s__Escherichia marmotae, 95.0, 90.99, 0.695; GCF_000759775.1, s__Escherichia albertii, 95.0, 90.5, 0.693"	98.77	11	N/A	N/A
metamdbg_nextpolish_0942_SemiBin_187	d__Bacteria;p__Bacteroidota;c__Bacteroidia;o__Bacteroidales;f__Bacteroidaceae;g__Bacteroides;s__Bacteroides stercoris	GCF_025147325.1	95	d__Bacteria;p__Bacteroidota;c__Bacteroidia;o__Bacteroidales;f__Bacteroidaceae;g__Bacteroides;s__Bacteroides stercoris	98.78	0.853	GCF_025147325.1	95	d__Bacteria;p__Bacteroidota;c__Bacteroidia;o__Bacteroidales;f__Bacteroidaceae;g__Bacteroides;s__Bacteroides stercoris	98.78	0.853	d__Bacteria;p__Bacteroidota;c__Bacteroidia;o__Bacteroidales;f__Bacteroidaceae;g__Bacteroides;s__	taxonomic classification defined by topology and ANI	topological placement and ANI have congruent species assignments	"GCA_958432865.1, s__Bacteroides stercoris_A, 95.0, 98.57, 0.474; GCF_900129655.1, s__Bacteroides clarus, 95.0, 86.77, 0.542; GCF_018390535.1, s__Bacteroides propionicigenes, 95.0, 84.27, 0.391; GCF_025146565.1, s__Bacteroides eggerthii, 95.0, 83.44, 0.347; GCF_910578895.1, s__Bacteroides sp910578895, 95.0, 82.88, 0.273; GCF_000374365.1, s__Bacteroides gallinarum, 95.0, 82.41, 0.312"	97.06	11	N/A	N/A
metamdbg_nextpolish_0942_SemiBin_202	d__Bacteria;p__Bacteroidota;c__Bacteroidia;o__Bacteroidales;f__Bacteroidaceae;g__Bacteroides;s__Bacteroides caccae	GCF_002222615.2	95	d__Bacteria;p__Bacteroidota;c__Bacteroidia;o__Bacteroidales;f__Bacteroidaceae;g__Bacteroides;s__Bacteroides caccae	99.13	0.886	GCF_002222615.2	95	d__Bacteria;p__Bacteroidota;c__Bacteroidia;o__Bacteroidales;f__Bacteroidaceae;g__Bacteroides;s__Bacteroides caccae	99.13	0.886	d__Bacteria;p__Bacteroidota;c__Bacteroidia;o__Bacteroidales;f__Bacteroidaceae;g__Bacteroides;s__	taxonomic classification defined by topology and ANI	topological placement and ANI have congruent species assignments	"GCA_900556625.1, s__Bacteroides sp900556625, 95.0, 90.62, 0.502; GCF_012113595.1, s__Bacteroides faecium, 95.0, 84.14, 0.343; GCF_900130125.1, s__Bacteroides congonensis, 95.0, 83.71, 0.32; GCF_902491285.1, s__Bacteroides sp902491285, 95.0, 83.47, 0.304; GCF_903181435.1, s__Bacteroides sp900765785, 95.0, 83.19, 0.271; GCA_948742525.1, s__Bacteroides caecimuris_A, 95.0, 82.91, 0.193; GCF_024623065.1, s__Bacteroides acidifaciens, 95.0, 82.85, 0.239; GCF_900761785.1, s__Bacteroides sp900761785, 95.0, 82.65, 0.291; GCF_001688725.2, s__Bacteroides caecimuris, 95.89, 82.5, 0.204; GCF_001314995.1, s__Bacteroides ovatus, 95.0, 82.48, 0.261; GCA_030295565.1, s__Bacteroides finegoldii, 95.0, 82.41, 0.203; GCF_000210075.1, s__Bacteroides xylanisolvens, 95.0, 82.29, 0.243; GCF_009193295.2, s__Bacteroides luhongzhouii, 95.0, 82.25, 0.24; GCA_947038155.1, s__Bacteroides sp947038155, 95.0, 82.1, 0.217; GCF_000011065.1, s__Bacteroides thetaiotaomicron, 95.0, 81.99, 0.222; GCF_034291875.1, s__Bacteroides vicugnae, 95.0, 81.93, 0.23; GCA_948847595.1, s__Bacteroides sp948847595, 95.0, 81.86, 0.203; GCA_019117555.1, s__Bacteroides intestinigallinarum, 95.0, 81.68, 0.219; GCF_009193325.2, s__Bacteroides zhangwenhongii, 95.83, 81.67, 0.184; GCF_958387885.1, s__Bacteroides sp019412865, 95.22, 81.65, 0.22; GCF_041227145.1, s__Bacteroides sp041227145, 95.0, 81.48, 0.18; GCF_014750685.1, s__Bacteroides sp014750685, 95.0, 81.46, 0.276; GCA_900755095.1, s__Bacteroides sp900755095, 95.0, 81.4, 0.174; GCF_900547205.1, s__Bacteroides sp900547205, 95.0, 81.0, 0.182; GCF_900106755.1, s__Bacteroides faecis, 95.0, 80.81, 0.183; GCF_910586915.1, s__Bacteroides sp910586915, 95.0, 80.51, 0.168; GCA_019412825.1, s__Bacteroides thetaiotaomicron_A, 95.0, 80.47, 0.178"	97.97	11	N/A	N/A
metamdbg_nextpolish_0942_SemiBin_24	d__Bacteria;p__Bacillota;c__Clostridia;o__Lachnospirales;f__Lachnospiraceae;g__Dorea_D;s__	N/A	N/A	N/A	N/A	N/A	GCF_014287705.1	95	d__Bacteria;p__Bacillota;c__Clostridia;o__Lachnospirales;f__Lachnospiraceae;g__Dorea_D;s__Dorea_D hominis	97.81	0.412	d__Bacteria;p__Bacillota;c__Clostridia;o__Lachnospirales;f__Lachnospiraceae;g__Dorea_D;s__	taxonomic classification defined by topology and ANI	classification based on placement in class-level tree	N/A	58.56	11	0.99448	N/A
metamdbg_nextpolish_0942_SemiBin_273	d__Bacteria;p__Pseudomonadota;c__Gammaproteobacteria;o__Burkholderiales;f__Burkholderiaceae;g__Aphodousia;s__Aphodousia faecalis	GCA_018712705.1	95	d__Bacteria;p__Pseudomonadota;c__Gammaproteobacteria;o__Burkholderiales;f__Burkholderiaceae;g__Aphodousia;s__Aphodousia faecalis	96.23	0.872	GCA_018712705.1	95	d__Bacteria;p__Pseudomonadota;c__Gammaproteobacteria;o__Burkholderiales;f__Burkholderiaceae;g__Aphodousia;s__Aphodousia faecalis	96.23	0.872	d__Bacteria;p__Pseudomonadota;c__Gammaproteobacteria;o__Burkholderiales;f__Burkholderiaceae;g__Aphodousia;s__	taxonomic classification defined by topology and ANI	topological placement and ANI have congruent species assignments	"GCA_905212345.1, s__Aphodousia sp905212345, 95.0, 93.45, 0.81; GCA_018714755.1, s__Aphodousia faecigallinarum, 95.0, 81.24, 0.166; GCA_902388655.1, s__Aphodousia sp902388655, 95.0, 81.11, 0.198"	99.46	11	N/A	N/A
metamdbg_nextpolish_4143_SemiBin_104	d__Bacteria;p__Bacillota;c__Clostridia;o__Peptostreptococcales;f__Anaerovoracaceae;g__Lentihominibacter;s__Lentihominibacter faecis	GCF_014306095.1	95	d__Bacteria;p__Bacillota;c__Clostridia;o__Peptostreptococcales;f__Anaerovoracaceae;g__Lentihominibacter;s__Lentihominibacter faecis	98.32	0.87	GCF_014306095.1	95	d__Bacteria;p__Bacillota;c__Clostridia;o__Peptostreptococcales;f__Anaerovoracaceae;g__Lentihominibacter;s__Lentihominibacter faecis	98.32	0.87	d__Bacteria;p__Bacillota;c__Clostridia;o__Peptostreptococcales;f__Anaerovoracaceae;g__Lentihominibacter;s__	taxonomic classification defined by topology and ANI	topological placement and ANI have congruent species assignments	"GCA_934281605.1, s__Lentihominibacter sp934281605, 95.0, 86.79, 0.469; GCA_963603335.1, s__Lentihominibacter sp963603335, 95.0, 81.58, 0.212"	94.72	11	N/A	N/A
metamdbg_nextpolish_4143_SemiBin_124	d__Bacteria;p__Bacillota;c__Clostridia;o__Lachnospirales;f__Lachnospiraceae;g__Lachnospira;s__Lachnospira sp000436475	GCA_000436475.1	95	d__Bacteria;p__Bacillota;c__Clostridia;o__Lachnospirales;f__Lachnospiraceae;g__Lachnospira;s__Lachnospira sp000436475	98.03	0.882	GCA_000436475.1	95	d__Bacteria;p__Bacillota;c__Clostridia;o__Lachnospirales;f__Lachnospiraceae;g__Lachnospira;s__Lachnospira sp000436475	98.03	0.882	d__Bacteria;p__Bacillota;c__Clostridia;o__Lachnospirales;f__Lachnospiraceae;g__Lachnospira;s__	taxonomic classification defined by topology and ANI	topological placement and ANI have congruent species assignments	"GCA_019424245.1, s__Lachnospira sp019424245, 95.0, 94.67, 0.461; GCA_934358235.1, s__Lachnospira sp934358235, 95.0, 86.95, 0.315; GCA_000436535.1, s__Lachnospira sp000436535, 95.0, 84.84, 0.277; GCF_040096455.1, s__Lachnospira rogosae, 95.0, 84.61, 0.157; GCA_937902625.1, s__Lachnospira sp002435585, 95.0, 84.36, 0.277"	90.75	11	N/A	N/A
metamdbg_nextpolish_4143_SemiBin_147	d__Bacteria;p__Bacillota;c__Negativicutes;o__Veillonellales;f__Dialisteraceae;g__Dialister;s__Dialister hominis	GCF_007164725.1	95.05	d__Bacteria;p__Bacillota;c__Negativicutes;o__Veillonellales;f__Dialisteraceae;g__Dialister;s__Dialister hominis	99.07	0.926	GCF_007164725.1	95.05	d__Bacteria;p__Bacillota;c__Negativicutes;o__Veillonellales;f__Dialisteraceae;g__Dialister;s__Dialister hominis	99.07	0.926	d__Bacteria;p__Bacillota;c__Negativicutes;o__Veillonellales;f__Dialisteraceae;g__Dialister;s__	taxonomic classification defined by topology and ANI	topological placement and ANI have congruent species assignments	"GCA_025992895.1, s__Dialister sp025992895, 95.0, 95.08, 0.786"	96.54	11	N/A	N/A
metamdbg_nextpolish_4143_SemiBin_239	d__Bacteria;p__Bacillota;c__Clostridia;o__Lachnospirales;f__Lachnospiraceae;g__Blautia_A;s__Blautia_A faecis	GCF_020554845.1	95	d__Bacteria;p__Bacillota;c__Clostridia;o__Lachnospirales;f__Lachnospiraceae;g__Blautia_A;s__Blautia_A faecis	97.78	0.745	GCF_020554845.1	95	d__Bacteria;p__Bacillota;c__Clostridia;o__Lachnospirales;f__Lachnospiraceae;g__Blautia_A;s__Blautia_A faecis	97.78	0.745	d__Bacteria;p__Bacillota;c__Clostridia;o__Lachnospirales;f__Lachnospiraceae;g__Blautia_A;s__	taxonomic classification defined by topology and ANI	topological placement and ANI have congruent species assignments	"GCF_020537505.1, s__Blautia_A sp905206915, 95.0, 88.34, 0.407; GCF_934371575.1, s__Blautia_A sp934371575, 95.0, 87.09, 0.332; GCA_934394545.1, s__Blautia_A sp934394545, 95.0, 85.28, 0.276; GCA_963651655.1, s__Blautia_A sp963651655, 95.0, 84.96, 0.166; GCA_934408705.1, s__Blautia_A sp934408705, 95.0, 84.72, 0.301; GCA_900763175.1, s__Blautia_A sp900763175, 95.0, 84.07, 0.181; GCF_025566865.1, s__Blautia_A acetigignens, 95.0, 84.04, 0.228; GCA_029101305.1, s__Blautia_A sp029101305, 95.0, 83.36, 0.222; GCA_934358405.1, s__Blautia_A sp934358405, 95.0, 83.27, 0.194; GCA_934364795.1, s__Blautia_A sp934364795, 95.0, 82.12, 0.182"	91.5	11	N/A	N/A
metamdbg_nextpolish_4143_SemiBin_274	d__Bacteria;p__Bacillota;c__Clostridia;o__Lachnospirales;f__Lachnospiraceae;g__Roseburia;s__Roseburia inulinivorans	GCF_000174195.1	95	d__Bacteria;p__Bacillota;c__Clostridia;o__Lachnospirales;f__Lachnospiraceae;g__Roseburia;s__Roseburia inulinivorans	97.44	0.719	GCF_000174195.1	95	d__Bacteria;p__Bacillota;c__Clostridia;o__Lachnospirales;f__Lachnospiraceae;g__Roseburia;s__Roseburia inulinivorans	97.44	0.719	d__Bacteria;p__Bacillota;c__Clostridia;o__Lachnospirales;f__Lachnospiraceae;g__Roseburia;s__	taxonomic classification defined by topology and ANI	topological placement and ANI have congruent species assignments	"GCA_900542495.1, s__Roseburia sp900542495, 95.0, 90.82, 0.55; GCA_934292805.1, s__Roseburia sp934292805, 95.0, 83.02, 0.17"	94.66	11	N/A	N/A
metamdbg_nextpolish_4143_SemiBin_306	d__Bacteria;p__Bacillota;c__Clostridia;o__Lachnospirales;f__Lachnospiraceae;g__Lachnospira;s__Lachnospira eligens_A	GCF_009680455.1	95.58	d__Bacteria;p__Bacillota;c__Clostridia;o__Lachnospirales;f__Lachnospiraceae;g__Lachnospira;s__Lachnospira eligens_A	97.57	0.821	GCF_009680455.1	95.58	d__Bacteria;p__Bacillota;c__Clostridia;o__Lachnospirales;f__Lachnospiraceae;g__Lachnospira;s__Lachnospira eligens_A	97.57	0.821	d__Bacteria;p__Bacillota;c__Clostridia;o__Lachnospirales;f__Lachnospiraceae;g__Lachnospira;s__	taxonomic classification defined by topology and ANI	topological placement and ANI have congruent species assignments	"GCF_000146185.1, s__Lachnospira eligens, 95.0, 95.08, 0.749; GCA_003464165.1, s__Lachnospira sp003451515, 95.0, 94.89, 0.744; GCA_019424245.1, s__Lachnospira sp019424245, 95.0, 94.68, 0.491; GCF_003458705.1, s__Lachnospira sp003537285, 95.44, 94.52, 0.723; GCA_030537195.1, s__Lachnospira sp030537195, 95.0, 90.13, 0.648; GCA_963597265.1, s__Lachnospira sp963597265, 95.0, 90.11, 0.647; GCA_963590775.1, s__Lachnospira sp963590775, 95.0, 89.97, 0.628; GCA_934343805.1, s__Lachnospira sp934343805, 95.0, 88.23, 0.464; GCA_945910225.1, s__Lachnospira sp945910225, 95.0, 86.89, 0.44; GCA_963654395.1, s__Lachnospira sp963654395, 95.0, 86.41, 0.372; GCA_945939115.1, s__Lachnospira sp945939115, 95.0, 81.19, 0.201"	90.69	11	N/A	N/A
metamdbg_nextpolish_4143_SemiBin_349	d__Bacteria;p__Bacillota;c__Clostridia;o__Lachnospirales;f__Lachnospiraceae;g__Mediterraneibacter;s__Mediterraneibacter lactaris	GCF_025152405.1	95	d__Bacteria;p__Bacillota;c__Clostridia;o__Lachnospirales;f__Lachnospiraceae;g__Mediterraneibacter;s__Mediterraneibacter lactaris	98.71	0.865	GCF_025152405.1	95	d__Bacteria;p__Bacillota;c__Clostridia;o__Lachnospirales;f__Lachnospiraceae;g__Mediterraneibacter;s__Mediterraneibacter lactaris	98.71	0.865	d__Bacteria;p__Bacillota;c__Clostridia;o__Lachnospirales;f__Lachnospiraceae;g__Mediterraneibacter;s__	taxonomic classification defined by topology and ANI	topological placement and ANI have congruent species assignments	"GCF_934330165.1, s__Mediterraneibacter sp934330165, 95.13, 94.99, 0.81"	94.06	11	N/A	N/A
metamdbg_nextpolish_4143_SemiBin_559	d__Bacteria;p__Bacillota;c__Clostridia;o__Oscillospirales;f__Acutalibacteraceae;g__Fimenecus;s__Fimenecus sp000432435	GCA_000432435.1	95	d__Bacteria;p__Bacillota;c__Clostridia;o__Oscillospirales;f__Acutalibacteraceae;g__Fimenecus;s__Fimenecus sp000432435	99.45	0.968	GCA_000432435.1	95	d__Bacteria;p__Bacillota;c__Clostridia;o__Oscillospirales;f__Acutalibacteraceae;g__Fimenecus;s__Fimenecus sp000432435	99.45	0.968	d__Bacteria;p__Bacillota;c__Clostridia;o__Oscillospirales;f__Acutalibacteraceae;g__Fimenecus;s__	taxonomic classification defined by topology and ANI	topological placement and ANI have congruent species assignments	"GCA_022768065.1, s__Fimenecus sp022768065, 95.0, 90.91, 0.768; GCA_002437245.1, s__Fimenecus sp002437245, 95.0, 89.92, 0.774"	95.77	11	N/A	N/A
metamdbg_nextpolish_8366_SemiBin_109	d__Bacteria;p__Bacillota;c__Clostridia;o__Oscillospirales;f__Oscillospiraceae;g__Oscillibacter;s__Oscillibacter segnis	GCF_014297285.1	95	d__Bacteria;p__Bacillota;c__Clostridia;o__Oscillospirales;f__Oscillospiraceae;g__Oscillibacter;s__Oscillibacter segnis	95.36	0.772	GCF_014297285.1	95	d__Bacteria;p__Bacillota;c__Clostridia;o__Oscillospirales;f__Oscillospiraceae;g__Oscillibacter;s__Oscillibacter segnis	95.36	0.772	d__Bacteria;p__Bacillota;c__Clostridia;o__Oscillospirales;f__Oscillospiraceae;g__Oscillibacter;s__	taxonomic classification defined by topology and ANI	topological placement and ANI have congruent species assignments	"GCA_900544105.1, s__Oscillibacter sp900544105, 95.0, 93.98, 0.642; GCA_900550685.1, s__Oscillibacter sp900550685, 95.0, 86.43, 0.339; GCF_029218125.1, s__Oscillibacter faecalis_A, 95.0, 84.5, 0.262; GCA_900544615.1, s__Oscillibacter sp900544615, 95.0, 84.23, 0.293; GCA_934636905.1, s__Oscillibacter sp934636905, 95.0, 82.86, 0.246"	86.02	11	N/A	N/A
metamdbg_nextpolish_8366_SemiBin_182	d__Bacteria;p__Bacteroidota;c__Bacteroidia;o__Bacteroidales;f__Muribaculaceae;g__Limisoma;s__Limisoma sp000437795	GCA_022009815.1	95	d__Bacteria;p__Bacteroidota;c__Bacteroidia;o__Bacteroidales;f__Muribaculaceae;g__Limisoma;s__Limisoma sp000437795	97.7	0.873	GCA_022009815.1	95	d__Bacteria;p__Bacteroidota;c__Bacteroidia;o__Bacteroidales;f__Muribaculaceae;g__Limisoma;s__Limisoma sp000437795	97.7	0.873	d__Bacteria;p__Bacteroidota;c__Bacteroidia;o__Bacteroidales;f__Muribaculaceae;g__Limisoma;s__	taxonomic classification defined by topology and ANI	topological placement and ANI have congruent species assignments	N/A	97.82	11	N/A	N/A
metamdbg_nextpolish_8366_SemiBin_194	d__Bacteria;p__Bacillota;c__Clostridia;o__Oscillospirales;f__Ruminococcaceae;g__Gemmiger;s__Gemmiger qucibialis	GCA_004000625.1	95	d__Bacteria;p__Bacillota;c__Clostridia;o__Oscillospirales;f__Ruminococcaceae;g__Gemmiger;s__Gemmiger qucibialis	98.69	0.912	GCA_004000625.1	95	d__Bacteria;p__Bacillota;c__Clostridia;o__Oscillospirales;f__Ruminococcaceae;g__Gemmiger;s__Gemmiger qucibialis	98.69	0.912	d__Bacteria;p__Bacillota;c__Clostridia;o__Oscillospirales;f__Ruminococcaceae;g__Gemmiger;s__	taxonomic classification defined by topology and ANI	topological placement and ANI have congruent species assignments	"GCA_963626055.1, s__Gemmiger sp963626055, 95.0, 92.29, 0.667"	95.47	11	N/A	N/A
metamdbg_nextpolish_8366_SemiBin_23	d__Bacteria;p__Bacillota;c__Clostridia;o__Lachnospirales;f__Lachnospiraceae;g__Blautia_A;s__Blautia_A acetigignens	GCF_025566865.1	95	d__Bacteria;p__Bacillota;c__Clostridia;o__Lachnospirales;f__Lachnospiraceae;g__Blautia_A;s__Blautia_A acetigignens	98.83	0.885	GCF_025566865.1	95	d__Bacteria;p__Bacillota;c__Clostridia;o__Lachnospirales;f__Lachnospiraceae;g__Blautia_A;s__Blautia_A acetigignens	98.83	0.885	d__Bacteria;p__Bacillota;c__Clostridia;o__Lachnospirales;f__Lachnospiraceae;g__Blautia_A;s__	taxonomic classification defined by topology and ANI	topological placement and ANI have congruent species assignments	"GCA_963651655.1, s__Blautia_A sp963651655, 95.0, 92.93, 0.554; GCA_934358405.1, s__Blautia_A sp934358405, 95.0, 88.52, 0.469; GCF_020537505.1, s__Blautia_A sp905206915, 95.0, 84.07, 0.264; GCF_020554845.1, s__Blautia_A faecis, 95.0, 83.65, 0.237; GCF_934371575.1, s__Blautia_A sp934371575, 95.0, 82.77, 0.217; GCA_934364795.1, s__Blautia_A sp934364795, 95.0, 82.67, 0.209; GCA_029101305.1, s__Blautia_A sp029101305, 95.0, 82.44, 0.199; GCA_934408705.1, s__Blautia_A sp934408705, 95.0, 81.65, 0.165; GCA_934394545.1, s__Blautia_A sp934394545, 95.0, 81.58, 0.18"	73.37	11	N/A	N/A
metamdbg_nextpolish_8366_SemiBin_252	d__Bacteria;p__Bacillota;c__Clostridia;o__Oscillospirales;f__Oscillospiraceae;g__Vescimonas;s__Vescimonas sp003487665	GCA_003487665.1	95	d__Bacteria;p__Bacillota;c__Clostridia;o__Oscillospirales;f__Oscillospiraceae;g__Vescimonas;s__Vescimonas sp003487665	97.61	0.805	GCA_003487665.1	95	d__Bacteria;p__Bacillota;c__Clostridia;o__Oscillospirales;f__Oscillospiraceae;g__Vescimonas;s__Vescimonas sp003487665	97.61	0.805	d__Bacteria;p__Bacillota;c__Clostridia;o__Oscillospirales;f__Oscillospiraceae;g__Vescimonas;s__	taxonomic classification defined by topology and ANI	topological placement and ANI have congruent species assignments	"GCA_934590325.1, s__Vescimonas sp934590325, 95.0, 88.17, 0.496; GCA_000435555.1, s__Vescimonas sp000435555, 95.0, 88.07, 0.509; GCA_934623575.1, s__Vescimonas sp934623575, 95.0, 88.01, 0.473; GCA_002438575.1, s__Vescimonas sp002438575, 95.0, 87.89, 0.479; GCA_900551355.1, s__Vescimonas sp900551355, 95.0, 87.15, 0.355; GCA_900551995.1, s__Vescimonas sp900551995, 95.0, 86.93, 0.442; GCA_963628195.1, s__Vescimonas sp963628195, 95.0, 85.86, 0.383; GCA_945878665.1, s__Vescimonas sp945878665, 95.0, 85.8, 0.337; GCA_934591815.1, s__Vescimonas sp934591815, 95.0, 85.7, 0.3; GCA_900554275.1, s__Vescimonas sp900554275, 95.0, 85.42, 0.344; GCA_900547745.1, s__Vescimonas sp900547745, 95.0, 85.32, 0.333; GCA_900545495.1, s__Vescimonas sp900545495, 95.0, 85.17, 0.336; GCA_963632705.1, s__Vescimonas sp963632705, 95.0, 85.17, 0.306; GCA_934591745.1, s__Vescimonas sp934591745, 95.0, 85.05, 0.297; GCA_900555735.1, s__Vescimonas sp900555735, 95.0, 84.7, 0.16; GCA_963613145.1, s__Vescimonas sp963613145, 95.0, 84.58, 0.307; GCA_900545585.1, s__Vescimonas sp900545585, 95.0, 84.56, 0.269; GCA_900550585.1, s__Vescimonas sp900550585, 95.0, 84.38, 0.265; GCA_900548615.1, s__Vescimonas sp900548615, 95.0, 83.93, 0.186; GCA_900757415.1, s__Vescimonas sp900757415, 95.0, 83.85, 0.163; GCA_934589835.1, s__Vescimonas sp934589835, 95.0, 83.66, 0.251; GCA_900552725.1, s__Vescimonas sp900552725, 95.0, 83.38, 0.18; GCF_020687045.1, s__Vescimonas cirricatena, 95.0, 83.34, 0.155; GCA_945877515.1, s__Vescimonas sp945877515, 95.0, 83.3, 0.203; GCA_934597345.1, s__Vescimonas sp934597345, 95.0, 83.12, 0.171; GCA_934597585.1, s__Vescimonas sp934597585, 95.0, 83.04, 0.157; GCA_963631875.1, s__Vescimonas sp963631875, 95.0, 82.42, 0.223; GCA_934565655.1, s__Vescimonas sp934565655, 95.0, 82.23, 0.169"	95.02	11	N/A	N/A
metamdbg_nextpolish_8366_SemiBin_426	d__Bacteria;p__Bacillota;c__Clostridia;o__Oscillospirales;f__Oscillospiraceae;g__Hominicoprocola;s__	N/A	N/A	N/A	N/A	N/A	GCA_040095065.1	96.51	d__Bacteria;p__Bacillota;c__Clostridia;o__Oscillospirales;f__Oscillospiraceae;g__Hominicoprocola;s__Hominicoprocola sp934835795	96.31	0.707	d__Bacteria;p__Bacillota;c__Clostridia;o__Oscillospirales;f__Oscillospiraceae;g__Hominicoprocola;s__	taxonomic classification defined by topology and ANI	classification based on placement in class-level tree	"GCA_020687125.1, s__Hominicoprocola fusiformis, 95.0, 94.94, 0.654; GCA_937884915.1, s__Hominicoprocola sp937884915, 95.0, 92.63, 0.689; GCA_963623615.1, s__Hominicoprocola sp963623615, 95.0, 92.33, 0.719; GCA_900552015.1, s__Hominicoprocola sp900552015, 95.0, 90.76, 0.668; GCA_037343695.1, s__Hominicoprocola sp037343695, 95.0, 89.94, 0.603; GCA_900550165.1, s__Hominicoprocola sp900550165, 95.0, 89.72, 0.639; GCA_900763705.1, s__Hominicoprocola sp900763705, 95.0, 89.68, 0.668; GCA_003522105.1, s__Hominicoprocola sp003522105, 95.0, 89.02, 0.581; GCA_934597535.1, s__Hominicoprocola sp934597535, 95.0, 88.27, 0.522; GCA_900546295.1, s__Hominicoprocola sp900546295, 95.0, 87.99, 0.585; GCA_934636865.1, s__Hominicoprocola sp934636865, 95.0, 87.54, 0.566; GCA_934561515.1, s__Hominicoprocola sp900556145, 95.0, 87.42, 0.502; GCA_934572445.1, s__Hominicoprocola sp934572445, 95.0, 86.7, 0.424; GCA_002405995.1, s__Hominicoprocola sp002405995, 95.0, 86.36, 0.445; GCA_934572465.1, s__Hominicoprocola sp934572465, 95.0, 86.04, 0.447; GCA_963612845.1, s__Hominicoprocola sp963612845, 95.0, 84.85, 0.369; GCA_900768135.1, s__Hominicoprocola sp900768135, 95.0, 84.78, 0.343"	98.37	11	0.99753	Genome not assigned to closest species as it falls outside its pre-defined ANI radius
metamdbg_nextpolish_8366_SemiBin_450	d__Bacteria;p__Bacillota;c__Bacilli;o__RF39;f__UBA660;g__Scybalousia;s__Scybalousia sp900542735	GCA_900542735.1	95	d__Bacteria;p__Bacillota;c__Bacilli;o__RF39;f__UBA660;g__Scybalousia;s__Scybalousia sp900542735	97.89	0.866	GCA_900542735.1	95	d__Bacteria;p__Bacillota;c__Bacilli;o__RF39;f__UBA660;g__Scybalousia;s__Scybalousia sp900542735	97.89	0.866	d__Bacteria;p__Bacillota;c__Bacilli;o__RF39;f__UBA660;g__Scybalousia;s__	taxonomic classification defined by topology and ANI	topological placement and ANI have congruent species assignments	"GCA_934130105.1, s__Scybalousia sp934130105, 95.0, 83.08, 0.176; GCA_934167875.1, s__Scybalousia sp934167875, 95.0, 82.84, 0.201"	85.48	11	N/A	N/A
metamdbg_nextpolish_8366_SemiBin_469	d__Bacteria;p__Bacillota;c__Clostridia;o__Lachnospirales;f__Lachnospiraceae;g__CAG-882;s__CAG-882 sp003486385	GCA_003486385.1	95	d__Bacteria;p__Bacillota;c__Clostridia;o__Lachnospirales;f__Lachnospiraceae;g__CAG-882;s__CAG-882 sp003486385	98.49	0.891	GCA_003486385.1	95	d__Bacteria;p__Bacillota;c__Clostridia;o__Lachnospirales;f__Lachnospiraceae;g__CAG-882;s__CAG-882 sp003486385	98.49	0.891	d__Bacteria;p__Bacillota;c__Clostridia;o__Lachnospirales;f__Lachnospiraceae;g__CAG-882;s__	taxonomic classification defined by topology and ANI	topological placement and ANI have congruent species assignments	"GCA_958446835.1, s__CAG-882 sp958446835, 95.0, 91.66, 0.679; GCA_934351925.1, s__CAG-882 sp934351925, 95.0, 87.02, 0.304; GCA_900545175.1, s__CAG-882 sp900545175, 95.0, 83.87, 0.234; GCA_945915235.1, s__CAG-882 sp945915235, 95.0, 82.75, 0.174"	90.83	11	N/A	N/A
metamdbg_nextpolish_8366_SemiBin_54	d__Bacteria;p__Bacillota;c__Clostridia;o__Peptostreptococcales;f__Peptostreptococcaceae;g__Romboutsia;s__Romboutsia timonensis	GCF_900106845.1	95	d__Bacteria;p__Bacillota;c__Clostridia;o__Peptostreptococcales;f__Peptostreptococcaceae;g__Romboutsia;s__Romboutsia timonensis	98.68	0.824	GCF_900106845.1	95	d__Bacteria;p__Bacillota;c__Clostridia;o__Peptostreptococcales;f__Peptostreptococcaceae;g__Romboutsia;s__Romboutsia timonensis	98.68	0.824	d__Bacteria;p__Bacillota;c__Clostridia;o__Peptostreptococcales;f__Peptostreptococcaceae;g__Romboutsia;s__	taxonomic classification defined by topology and ANI	topological placement and ANI have congruent species assignments	"GCA_937880075.1, s__Romboutsia sp937880075, 95.0, 91.61, 0.54; GCF_900015215.1, s__Romboutsia ilealis, 95.0, 91.45, 0.669; GCF_904418825.1, s__Romboutsia sp904418825, 95.0, 90.09, 0.568; GCF_018336475.1, s__Romboutsia sp018336475, 95.0, 86.19, 0.455"	93.07	11	N/A	N/A
metamdbg_nextpolish_8366_SemiBin_77	d__Bacteria;p__Bacillota;c__Clostridia;o__Lachnospirales;f__Lachnospiraceae;g__CAG-303;s__CAG-303 sp000437755	GCA_000437755.1	95	d__Bacteria;p__Bacillota;c__Clostridia;o__Lachnospirales;f__Lachnospiraceae;g__CAG-303;s__CAG-303 sp000437755	98.18	0.823	GCA_000437755.1	95	d__Bacteria;p__Bacillota;c__Clostridia;o__Lachnospirales;f__Lachnospiraceae;g__CAG-303;s__CAG-303 sp000437755	98.18	0.823	d__Bacteria;p__Bacillota;c__Clostridia;o__Lachnospirales;f__Lachnospiraceae;g__CAG-303;s__	taxonomic classification defined by topology and ANI	topological placement and ANI have congruent species assignments	N/A	87.49	11	N/A	N/A
metamdbg_nextpolish_8373_SemiBin_120	d__Bacteria;p__Bacillota;c__Clostridia;o__Lachnospirales;f__Lachnospiraceae;g__Dorea_A;s__Dorea_A longicatena	GCF_025150085.1	95	d__Bacteria;p__Bacillota;c__Clostridia;o__Lachnospirales;f__Lachnospiraceae;g__Dorea_A;s__Dorea_A longicatena	98.84	0.844	GCF_025150085.1	95	d__Bacteria;p__Bacillota;c__Clostridia;o__Lachnospirales;f__Lachnospiraceae;g__Dorea_A;s__Dorea_A longicatena	98.84	0.844	d__Bacteria;p__Bacillota;c__Clostridia;o__Lachnospirales;f__Lachnospiraceae;g__Dorea_A;s__	taxonomic classification defined by topology and ANI	topological placement and ANI have congruent species assignments	"GCA_963595255.1, s__Dorea_A sp963595255, 95.0, 94.4, 0.664; GCF_025567265.1, s__Dorea_A amylophila, 96.98, 91.38, 0.575; GCF_000424345.1, s__Dorea_A longicatena_C, 95.0, 90.65, 0.561; GCA_900550865.1, s__Dorea_A sp900550865, 95.0, 89.96, 0.581; GCA_019421265.1, s__Dorea_A sp019421265, 95.0, 89.76, 0.355; GCA_934309195.1, s__Dorea_A sp934309195, 95.0, 89.48, 0.594; GCA_934295165.1, s__Dorea_A sp934295165, 95.0, 87.54, 0.437; GCF_934294775.1, s__Dorea_A sp934294775, 95.0, 85.6, 0.314"	94.06	11	N/A	N/A
metamdbg_nextpolish_8373_SemiBin_121	d__Bacteria;p__Bacillota;c__Clostridia;o__Lachnospirales;f__Lachnospiraceae;g__Dorea_A;s__Dorea_A amylophila	GCF_025567265.1	96.98	d__Bacteria;p__Bacillota;c__Clostridia;o__Lachnospirales;f__Lachnospiraceae;g__Dorea_A;s__Dorea_A amylophila	98.2	0.774	N/A	N/A	N/A	N/A	N/A	d__Bacteria;p__Bacillota;c__Clostridia;o__Lachnospirales;f__Lachnospiraceae;g__Dorea_A;s__	taxonomic classification defined by topology and ANI	topological placement and ANI have incongruent species assignments	"GCF_025567265.1, s__Dorea_A amylophila, 96.98, 98.2, 0.774; GCA_019421265.1, s__Dorea_A sp019421265, 95.0, 98.13, 0.537; GCF_000424345.1, s__Dorea_A longicatena_C, 95.0, 97.18, 0.725; GCA_934309195.1, s__Dorea_A sp934309195, 95.0, 94.62, 0.776; GCF_025150085.1, s__Dorea_A longicatena, 95.0, 91.54, 0.583; GCA_900550865.1, s__Dorea_A sp900550865, 95.0, 90.6, 0.613; GCA_963595255.1, s__Dorea_A sp963595255, 95.0, 88.14, 0.458; GCA_934295165.1, s__Dorea_A sp934295165, 95.0, 87.16, 0.424; GCF_934294775.1, s__Dorea_A sp934294775, 95.0, 84.73, 0.288"	94.06	11	N/A	N/A
metamdbg_nextpolish_8373_SemiBin_150	d__Bacteria;p__Bacillota;c__Clostridia;o__Lachnospirales;f__Lachnospiraceae;g__Lachnospira;s__Lachnospira sp900545725	GCA_900545725.1	95	d__Bacteria;p__Bacillota;c__Clostridia;o__Lachnospirales;f__Lachnospiraceae;g__Lachnospira;s__Lachnospira sp900545725	98.44	0.875	GCA_900545725.1	95	d__Bacteria;p__Bacillota;c__Clostridia;o__Lachnospirales;f__Lachnospiraceae;g__Lachnospira;s__Lachnospira sp900545725	98.44	0.875	d__Bacteria;p__Bacillota;c__Clostridia;o__Lachnospirales;f__Lachnospiraceae;g__Lachnospira;s__	taxonomic classification defined by topology and ANI	topological placement and ANI have congruent species assignments	N/A	89.87	11	N/A	N/A
metamdbg_nextpolish_8373_SemiBin_166	d__Bacteria;p__Bacillota;c__Clostridia;o__Lachnospirales;f__Lachnospiraceae;g__Anaerostipes;s__Anaerostipes hadrus	GCF_030296915.1	95	d__Bacteria;p__Bacillota;c__Clostridia;o__Lachnospirales;f__Lachnospiraceae;g__Anaerostipes;s__Anaerostipes hadrus	98.17	0.795	GCF_030296915.1	95	d__Bacteria;p__Bacillota;c__Clostridia;o__Lachnospirales;f__Lachnospiraceae;g__Anaerostipes;s__Anaerostipes hadrus	98.17	0.795	d__Bacteria;p__Bacillota;c__Clostridia;o__Lachnospirales;f__Lachnospiraceae;g__Anaerostipes;s__	taxonomic classification defined by topology and ANI	topological placement and ANI have congruent species assignments	"GCA_036312945.1, s__Anaerostipes hadrus_C, 95.0, 95.17, 0.741; GCA_019423795.1, s__Anaerostipes sp019423795, 95.0, 94.31, 0.766; GCF_025567365.1, s__Anaerostipes amylophilus, 95.0, 89.83, 0.587; GCA_902362875.1, s__Anaerostipes sp900066705, 95.0, 88.21, 0.496"	90.73	11	N/A	N/A
metamdbg_nextpolish_8373_SemiBin_185	d__Bacteria;p__Bacillota;c__Clostridia;o__Oscillospirales;f__Acutalibacteraceae;g__Ruminococcoides;s__Ruminococcoides intestinale	GCF_040096305.1	95.12	d__Bacteria;p__Bacillota;c__Clostridia;o__Oscillospirales;f__Acutalibacteraceae;g__Ruminococcoides;s__Ruminococcoides intestinale	97.47	0.787	GCF_040096305.1	95.12	d__Bacteria;p__Bacillota;c__Clostridia;o__Oscillospirales;f__Acutalibacteraceae;g__Ruminococcoides;s__Ruminococcoides intestinale	97.47	0.787	d__Bacteria;p__Bacillota;c__Clostridia;o__Oscillospirales;f__Acutalibacteraceae;g__Ruminococcoides;s__	taxonomic classification defined by topology and ANI	topological placement and ANI have congruent species assignments	"GCF_002834225.1, s__Ruminococcoides bromii, 95.0, 95.02, 0.775; GCA_905215855.1, s__Ruminococcoides sp905215855, 95.0, 94.28, 0.765; GCA_902771755.1, s__Ruminococcoides sp902771755, 95.0, 91.75, 0.671; GCA_902766775.1, s__Ruminococcoides sp902766775, 95.0, 90.48, 0.662"	95.99	11	N/A	N/A
metamdbg_nextpolish_8373_SemiBin_198	d__Bacteria;p__Bacillota;c__Clostridia;o__Oscillospirales;f__Ruminococcaceae;g__Faecalibacterium;s__Faecalibacterium prausnitzii	GCF_003324185.1	95	d__Bacteria;p__Bacillota;c__Clostridia;o__Oscillospirales;f__Ruminococcaceae;g__Faecalibacterium;s__Faecalibacterium prausnitzii	95.57	0.767	GCF_003324185.1	95	d__Bacteria;p__Bacillota;c__Clostridia;o__Oscillospirales;f__Ruminococcaceae;g__Faecalibacterium;s__Faecalibacterium prausnitzii	95.57	0.767	d__Bacteria;p__Bacillota;c__Clostridia;o__Oscillospirales;f__Ruminococcaceae;g__Faecalibacterium;s__	taxonomic classification defined by topology and ANI	topological placement and ANI have congruent species assignments	"GCA_905215595.1, s__Faecalibacterium sp905215595, 95.0, 94.44, 0.74; GCA_934503275.1, s__Faecalibacterium sp934503275, 95.0, 94.23, 0.781; GCA_934561115.1, s__Faecalibacterium sp934561115, 95.0, 94.18, 0.776; GCA_934525405.1, s__Faecalibacterium sp934525405, 95.0, 94.18, 0.768; GCA_934532365.1, s__Faecalibacterium sp934532365, 95.0, 94.13, 0.783; GCF_040096515.1, s__Faecalibacterium tardum, 95.0, 94.05, 0.696; GCA_934524985.1, s__Faecalibacterium sp934524985, 95.0, 94.01, 0.755; GCA_934525325.1, s__Faecalibacterium sp934525325, 95.0, 93.98, 0.763; GCA_900772565.1, s__Faecalibacterium sp900772565, 95.0, 93.98, 0.728; GCF_040096575.1, s__Faecalibacterium intestinale, 95.0, 93.96, 0.687; GCA_934539245.1, s__Faecalibacterium sp934539245, 95.0, 93.91, 0.784; GCA_934540955.1, s__Faecalibacterium sp934540955, 95.0, 93.88, 0.717; GCF_023347295.1, s__Faecalibacterium sp003449675, 95.0, 93.82, 0.721; GCA_934512105.1, s__Faecalibacterium sp934512105, 95.0, 93.75, 0.73; GCA_934561555.1, s__Faecalibacterium sp934561555, 95.0, 93.57, 0.71; GCA_963654645.1, s__Faecalibacterium sp963654645, 95.0, 92.96, 0.704; GCA_900765705.1, s__Faecalibacterium sp900765705, 95.0, 92.54, 0.581; GCA_902463235.1, s__Faecalibacterium sp902463235, 95.0, 91.36, 0.544; GCA_934513205.1, s__Faecalibacterium sp934513205, 95.0, 89.45, 0.52; GCA_934553285.1, s__Faecalibacterium sp934553285, 95.0, 88.79, 0.607; GCA_900765105.1, s__Faecalibacterium sp900765105, 95.0, 87.18, 0.377; GCA_902463905.1, s__Faecalibacterium sp902463905, 95.0, 87.02, 0.375; GCF_036632915.2, s__Faecalibacterium taiwanense, 95.0, 86.9, 0.426; GCA_025757845.1, s__Faecalibacterium sp900539945, 95.0, 86.88, 0.446; GCF_002549775.1, s__Faecalibacterium prausnitzii_F, 95.0, 86.57, 0.413; GCF_023347535.1, s__Faecalibacterium wellingii, 95.0, 86.47, 0.396; GCA_934511465.1, s__Faecalibacterium sp934511465, 95.0, 86.15, 0.403; GCA_934525735.1, s__Faecalibacterium sp934525735, 95.0, 85.76, 0.38; GCA_934525845.1, s__Faecalibacterium sp934525845, 95.0, 85.74, 0.373; GCF_019967995.1, s__Faecalibacterium prausnitzii_E, 95.0, 85.69, 0.357; GCF_020687245.1, s__Faecalibacterium longum, 95.36, 85.68, 0.317; GCA_004558805.1, s__Faecalibacterium prausnitzii_M, 95.0, 85.45, 0.389; GCA_934501115.1, s__Faecalibacterium sp934501115, 95.0, 85.28, 0.356; GCF_003287455.1, s__Faecalibacterium hattorii, 95.0, 85.26, 0.322; GCA_934561485.1, s__Faecalibacterium sp934561485, 95.0, 85.25, 0.367; GCF_023347275.1, s__Faecalibacterium butyricigenerans, 95.0, 85.25, 0.313; GCA_963612415.1, s__Faecalibacterium sp963612415, 95.0, 85.25, 0.228; GCA_934518555.1, s__Faecalibacterium sp934518555, 95.0, 84.92, 0.38; GCF_010509575.1, s__Faecalibacterium duncaniae, 95.0, 84.73, 0.288; GCA_963646665.1, s__Faecalibacterium sp963646665, 95.0, 84.55, 0.307; GCA_963656875.1, s__Faecalibacterium sp963656875, 95.0, 84.3, 0.247; GCA_937915335.1, s__Faecalibacterium sp937915335, 95.0, 84.21, 0.174; GCA_014858325.1, s__Faecalibacterium sp014858325, 95.0, 84.18, 0.245; GCF_003287495.1, s__Faecalibacterium prausnitzii_I, 95.0, 84.03, 0.261; GCA_963615785.1, s__Faecalibacterium sp963615785, 95.0, 83.9, 0.281; GCA_002313795.1, s__Faecalibacterium prausnitzii_L, 95.0, 83.83, 0.161; GCA_934526125.1, s__Faecalibacterium sp934526125, 95.0, 83.65, 0.284; GCA_934514285.1, s__Faecalibacterium sp934514285, 95.0, 83.48, 0.27; GCA_934547065.1, s__Faecalibacterium sp934547065, 95.0, 83.29, 0.249; GCA_937917475.1, s__Faecalibacterium sp937917475, 95.0, 83.26, 0.166; GCA_934533135.1, s__Faecalibacterium sp934533135, 95.0, 82.6, 0.214; GCA_900551435.1, s__Faecalibacterium sp900551435, 95.0, 82.59, 0.209; GCA_963660925.1, s__Faecalibacterium sp963660925, 95.0, 82.11, 0.186; GCA_900540455.1, s__Faecalibacterium sp900540455, 95.0, 81.82, 0.167"	88.2	11	N/A	N/A
metamdbg_nextpolish_8373_SemiBin_248	d__Bacteria;p__Bacillota;c__Clostridia;o__Oscillospirales;f__Ruminococcaceae;g__Gemmiger;s__Gemmiger sp900539695	GCA_025758045.1	95	d__Bacteria;p__Bacillota;c__Clostridia;o__Oscillospirales;f__Ruminococcaceae;g__Gemmiger;s__Gemmiger sp900539695	98.22	0.815	GCA_025758045.1	95	d__Bacteria;p__Bacillota;c__Clostridia;o__Oscillospirales;f__Ruminococcaceae;g__Gemmiger;s__Gemmiger sp900539695	98.22	0.815	d__Bacteria;p__Bacillota;c__Clostridia;o__Oscillospirales;f__Ruminococcaceae;g__Gemmiger;s__	taxonomic classification defined by topology and ANI	topological placement and ANI have congruent species assignments	"GCA_963655125.1, s__Gemmiger sp963655125, 95.0, 89.73, 0.615; GCA_963588145.1, s__Gemmiger sp963588145, 95.0, 89.4, 0.553; GCA_004554775.1, s__Gemmiger variabilis_B, 95.0, 88.92, 0.575; GCF_900167555.1, s__Gemmiger formicilis, 95.0, 83.68, 0.224; GCF_024462815.1, s__Gemmiger sp900554145, 95.0, 83.43, 0.218; GCF_018784445.1, s__Gemmiger sp900540775, 95.0, 83.34, 0.25; GCA_025757985.1, s__Gemmiger sp900540595, 95.0, 83.1, 0.199; GCA_934529095.1, s__Gemmiger sp934529095, 95.18, 82.38, 0.205; GCA_934502625.1, s__Gemmiger sp934502625, 95.0, 82.11, 0.219; GCF_934561205.1, s__Gemmiger sp934561205, 95.0, 81.83, 0.196; GCF_900545545.1, s__Gemmiger sp900545545, 95.0, 81.18, 0.151; GCF_963931595.1, s__Gemmiger sp944388215, 95.0, 81.17, 0.153; GCA_019115045.1, s__Gemmiger excrementipullorum, 95.0, 81.16, 0.172; GCA_019424695.1, s__Gemmiger sp019424695, 95.0, 81.16, 0.157; GCA_004552305.1, s__Gemmiger variabilis_A, 95.0, 81.02, 0.167; GCA_019116705.1, s__Gemmiger avistercoris, 95.0, 80.56, 0.166; GCA_944388175.1, s__Gemmiger sp944388175, 95.0, 80.55, 0.163"	97.12	11	N/A	N/A
metamdbg_nextpolish_8373_SemiBin_251	d__Bacteria;p__Bacillota;c__Negativicutes;o__Selenomonadales;f__Selenomonadaceae;g__Megamonas;s__Megamonas funiformis	GCF_010669225.1	95	d__Bacteria;p__Bacillota;c__Negativicutes;o__Selenomonadales;f__Selenomonadaceae;g__Megamonas;s__Megamonas funiformis	98.2	0.805	GCF_010669225.1	95	d__Bacteria;p__Bacillota;c__Negativicutes;o__Selenomonadales;f__Selenomonadaceae;g__Megamonas;s__Megamonas funiformis	98.2	0.805	d__Bacteria;p__Bacillota;c__Negativicutes;o__Selenomonadales;f__Selenomonadaceae;g__Megamonas;s__	taxonomic classification defined by topology and ANI	topological placement and ANI have congruent species assignments	"GCF_905197185.1, s__Megamonas sp905197185, 95.0, 93.2, 0.789; GCA_963558795.1, s__Megamonas sp963558795, 95.0, 84.23, 0.333; GCF_900187035.1, s__Megamonas hypermegale, 95.0, 82.28, 0.208"	93.23	11	N/A	N/A
metamdbg_nextpolish_8373_SemiBin_269	d__Bacteria;p__Bacteroidota;c__Bacteroidia;o__Bacteroidales;f__Bacteroidaceae;g__Bacteroides;s__Bacteroides finegoldii	GCA_030295565.1	95	d__Bacteria;p__Bacteroidota;c__Bacteroidia;o__Bacteroidales;f__Bacteroidaceae;g__Bacteroides;s__Bacteroides finegoldii	97.91	0.699	GCA_030295565.1	95	d__Bacteria;p__Bacteroidota;c__Bacteroidia;o__Bacteroidales;f__Bacteroidaceae;g__Bacteroides;s__Bacteroides finegoldii	97.91	0.699	d__Bacteria;p__Bacteroidota;c__Bacteroidia;o__Bacteroidales;f__Bacteroidaceae;g__Bacteroides;s__	taxonomic classification defined by topology and ANI	topological placement and ANI have congruent species assignments	"GCF_009193325.2, s__Bacteroides zhangwenhongii, 95.83, 95.32, 0.613; GCA_900556625.1, s__Bacteroides sp900556625, 95.0, 92.28, 0.535; GCF_001314995.1, s__Bacteroides ovatus, 95.0, 86.29, 0.334; GCF_000210075.1, s__Bacteroides xylanisolvens, 95.0, 86.11, 0.3; GCF_958387885.1, s__Bacteroides sp019412865, 95.22, 84.92, 0.294; GCF_009193295.2, s__Bacteroides luhongzhouii, 95.0, 84.92, 0.278; GCA_019117555.1, s__Bacteroides intestinigallinarum, 95.0, 84.57, 0.292; GCA_900755095.1, s__Bacteroides sp900755095, 95.0, 84.05, 0.2; GCF_001688725.2, s__Bacteroides caecimuris, 95.89, 83.76, 0.217; GCF_900130125.1, s__Bacteroides congonensis, 95.0, 83.64, 0.3; GCA_948742525.1, s__Bacteroides caecimuris_A, 95.0, 83.62, 0.209; GCF_034291875.1, s__Bacteroides vicugnae, 95.0, 83.56, 0.285; GCF_903181435.1, s__Bacteroides sp900765785, 95.0, 83.37, 0.254; GCF_012113595.1, s__Bacteroides faecium, 95.0, 82.89, 0.27; GCF_024623065.1, s__Bacteroides acidifaciens, 95.0, 82.83, 0.232; GCF_041227145.1, s__Bacteroides sp041227145, 95.0, 82.37, 0.188; GCF_900761785.1, s__Bacteroides sp900761785, 95.0, 82.31, 0.267; GCF_902491285.1, s__Bacteroides sp902491285, 95.0, 81.91, 0.236; GCA_947038155.1, s__Bacteroides sp947038155, 95.0, 81.85, 0.195; GCF_002222615.2, s__Bacteroides caccae, 95.0, 81.6, 0.184; GCF_014750685.1, s__Bacteroides sp014750685, 95.0, 81.54, 0.283; GCF_000011065.1, s__Bacteroides thetaiotaomicron, 95.0, 81.43, 0.156; GCA_948847595.1, s__Bacteroides sp948847595, 95.0, 80.97, 0.172; GCF_900106755.1, s__Bacteroides faecis, 95.0, 80.68, 0.151"	96.43	11	N/A	N/A
metamdbg_nextpolish_8373_SemiBin_42	d__Bacteria;p__Bacillota;c__Bacilli;o__Lactobacillales;f__Streptococcaceae;g__Streptococcus;s__Streptococcus ilei	GCF_000479335.1	95	d__Bacteria;p__Bacillota;c__Bacilli;o__Lactobacillales;f__Streptococcaceae;g__Streptococcus;s__Streptococcus ilei	95.71	0.718	GCF_000479335.1	95	d__Bacteria;p__Bacillota;c__Bacilli;o__Lactobacillales;f__Streptococcaceae;g__Streptococcus;s__Streptococcus ilei	95.71	0.718	d__Bacteria;p__Bacillota;c__Bacilli;o__Lactobacillales;f__Streptococcaceae;g__Streptococcus;s__	taxonomic classification defined by topology and ANI	topological placement and ANI have congruent species assignments	"GCF_003943615.1, s__Streptococcus australis_C, 95.0, 94.56, 0.679; GCF_015553625.1, s__Streptococcus australis_B, 95.0, 94.43, 0.702; GCA_902836505.1, s__Streptococcus sp902836505, 95.0, 94.06, 0.561; GCF_040226615.1, s__Streptococcus australis_E, 95.0, 93.76, 0.706; GCF_004166885.1, s__Streptococcus sp004166885, 95.0, 93.73, 0.694; GCF_900636365.1, s__Streptococcus viridans_A, 95.06, 93.22, 0.712; GCF_030825805.1, s__Streptococcus sp030825805, 95.05, 93.2, 0.65; GCF_021341835.1, s__Streptococcus sp021341835, 95.0, 93.15, 0.679; GCF_006385805.1, s__Streptococcus xiaochunlingii, 95.0, 93.11, 0.663; GCF_001072385.1, s__Streptococcus sp001072385, 95.0, 92.91, 0.691; GCF_019930045.1, s__Streptococcus australis_D, 95.0, 92.72, 0.667; GCF_000186465.1, s__Streptococcus australis, 95.0, 92.71, 0.686; GCA_902363395.1, s__Streptococcus sp902363395, 95.0, 92.64, 0.678; GCA_902470035.1, s__Streptococcus sp902470035, 95.0, 92.24, 0.602; GCF_905372335.1, s__Streptococcus sp905372335, 95.05, 92.11, 0.557; GCF_004785935.1, s__Streptococcus rubneri, 95.0, 91.39, 0.61; GCA_963540685.1, s__Streptococcus sp963540685, 95.0, 87.94, 0.203; GCF_000314795.2, s__Streptococcus sp000314795, 95.0, 87.32, 0.292; GCF_015557775.1, s__Streptococcus parasanguinis_AA, 95.46, 86.16, 0.272; GCF_040908565.1, s__Streptococcus parasanguinis_AC, 95.0, 86.16, 0.266; GCA_902479835.1, s__Streptococcus sp902479835, 95.0, 86.02, 0.183; GCF_039059645.1, s__Streptococcus parasanguinis_X, 95.7, 85.87, 0.252; GCF_001813105.1, s__Streptococcus sp001813105, 95.24, 85.76, 0.252; GCA_027685415.1, s__Streptococcus sp027685415, 95.68, 85.71, 0.244; GCF_031582885.1, s__Streptococcus parasanguinis_M, 95.21, 85.7, 0.243; GCF_001074805.1, s__Streptococcus parasanguinis_A, 95.0, 85.67, 0.257; GCF_001813505.1, s__Streptococcus sp001813505, 95.59, 85.65, 0.257; GCA_963543165.1, s__Streptococcus sp963543165, 95.0, 85.64, 0.161; GCF_008727815.1, s__Streptococcus sp008727815, 95.46, 85.63, 0.26; GCF_034134805.1, s__Streptococcus sp034134805, 95.65, 85.59, 0.25; GCA_902373455.1, s__Streptococcus sp902373455, 95.0, 85.59, 0.188; GCA_958445905.1, s__Streptococcus sp958445905, 95.53, 85.58, 0.182; GCF_001069785.1, s__Streptococcus parasanguinis_T, 95.15, 85.5, 0.239; GCF_040226555.1, s__Streptococcus parasanguinis_W, 95.79, 85.47, 0.269; GCF_024295625.1, s__Streptococcus sp024295625, 95.35, 85.47, 0.261; GCF_943193075.1, s__Streptococcus caecimuris, 95.77, 85.46, 0.255; GCF_000164675.2, s__Streptococcus parasanguinis, 95.0, 85.46, 0.242; GCF_024463135.1, s__Streptococcus parasanguinis_S, 95.0, 85.44, 0.261; GCF_016648925.1, s__Streptococcus sp900766505, 95.4, 85.4, 0.243; GCF_023109675.1, s__Streptococcus parasanguinis_I, 95.39, 85.32, 0.251; GCF_000507765.1, s__Streptococcus parasanguinis_J, 95.0, 85.31, 0.252; GCF_001073155.1, s__Streptococcus parasanguinis_D, 95.0, 85.31, 0.238; GCF_034137685.1, s__Streptococcus parasanguinis_C, 95.05, 85.29, 0.246; GCA_036663675.1, s__Streptococcus sp036663675, 95.48, 85.26, 0.276; GCF_015556095.1, s__Streptococcus parasanguinis_Q, 95.18, 85.25, 0.254; GCF_035544715.1, s__Streptococcus parasanguinis_F, 95.54, 85.23, 0.259; GCF_030545615.1, s__Streptococcus parasanguinis_Z, 95.54, 85.18, 0.257; GCF_016648855.1, s__Streptococcus parasanguinis_L, 95.28, 85.16, 0.26; GCA_032477695.1, s__Streptococcus parasanguinis_Y, 95.5, 85.15, 0.253; GCF_019929185.1, s__Streptococcus parasanguinis_O, 95.3, 85.12, 0.257; GCF_032163505.1, s__Streptococcus parasanguinis_V, 95.65, 85.08, 0.25; GCF_001578955.1, s__Streptococcus parasanguinis_U, 95.0, 85.05, 0.226; GCA_902480035.1, s__Streptococcus sp902480035, 95.0, 85.02, 0.173; GCA_905188195.1, s__Streptococcus parasanguinis_P, 95.0, 84.93, 0.237; GCA_018365265.1, s__Streptococcus parasanguinis_G, 95.0, 84.93, 0.234; GCF_959025735.1, s__Streptococcus sp959025735, 95.09, 84.91, 0.205; GCA_032572035.1, s__Streptococcus parasanguinis_AB, 95.55, 84.85, 0.224; GCF_000963275.1, s__Streptococcus parasanguinis_B, 95.08, 84.84, 0.249; GCA_018499505.1, s__Streptococcus parasanguinis_K, 95.0, 84.81, 0.205; GCF_001813675.1, s__Streptococcus sp001813675, 95.49, 84.79, 0.256; GCA_030825825.1, s__Streptococcus sp030825825, 95.0, 84.6, 0.15; GCA_000448565.1, s__Streptococcus sp000448565, 95.0, 84.57, 0.23; GCF_901875555.1, s__Streptococcus parasanguinis_H, 95.0, 84.44, 0.213; GCF_001813295.1, s__Streptococcus sp001813295, 95.4, 84.3, 0.245; GCA_018366675.1, s__Streptococcus parasanguinis_R, 95.6, 83.84, 0.247; GCA_934215455.1, s__Streptococcus sp934215455, 95.31, 83.74, 0.199; GCF_016642265.1, s__Streptococcus lactarius, 95.0, 83.62, 0.185; GCA_018377375.1, s__Streptococcus parasanguinis_N, 95.05, 83.53, 0.207"	56.43	11	N/A	N/A
metamdbg_nextpolish_8373_SemiBin_521	d__Bacteria;p__Bacillota;c__Bacilli;o__Erysipelotrichales;f__Coprobacillaceae;g__Faecalibacillus;s__Faecalibacillus faecis	GCF_003024675.1	95	d__Bacteria;p__Bacillota;c__Bacilli;o__Erysipelotrichales;f__Coprobacillaceae;g__Faecalibacillus;s__Faecalibacillus faecis	97.48	0.804	GCF_003024675.1	95	d__Bacteria;p__Bacillota;c__Bacilli;o__Erysipelotrichales;f__Coprobacillaceae;g__Faecalibacillus;s__Faecalibacillus faecis	97.48	0.804	d__Bacteria;p__Bacillota;c__Bacilli;o__Erysipelotrichales;f__Coprobacillaceae;g__Faecalibacillus;s__	taxonomic classification defined by topology and ANI	topological placement and ANI have congruent species assignments	"GCA_030540195.1, s__Faecalibacillus sp030540195, 95.0, 91.98, 0.677; GCF_003024685.1, s__Faecalibacillus intestinalis, 95.0, 89.99, 0.61; GCA_958421935.1, s__Faecalibacillus sp900544435, 95.0, 88.92, 0.57; GCA_963618275.1, s__Faecalibacillus sp963618275, 95.0, 88.45, 0.539"	93.09	11	N/A	N/A
metamdbg_nextpolish_8373_SemiBin_590	d__Bacteria;p__Actinomycetota;c__Actinomycetes;o__Actinomycetales;f__Bifidobacteriaceae;g__Bifidobacterium;s__Bifidobacterium pseudocatenulatum	GCF_001025215.1	95	d__Bacteria;p__Actinomycetota;c__Actinomycetes;o__Actinomycetales;f__Bifidobacteriaceae;g__Bifidobacterium;s__Bifidobacterium pseudocatenulatum	98.17	0.848	N/A	N/A	N/A	N/A	N/A	d__Bacteria;p__Actinomycetota;c__Actinomycetes;o__Actinomycetales;f__Bifidobacteriaceae;g__Bifidobacterium;s__	taxonomic classification defined by topology and ANI	topological placement and ANI have incongruent species assignments	"GCF_001025215.1, s__Bifidobacterium pseudocatenulatum, 95.0, 98.17, 0.848; GCF_040095915.1, s__Bifidobacterium hominis, 95.0, 93.6, 0.83; GCF_959028125.1, s__Bifidobacterium sp959028125, 95.0, 93.59, 0.655; GCF_000800455.1, s__Bifidobacterium kashiwanohense_A, 95.0, 92.51, 0.689; GCF_001025195.1, s__Bifidobacterium catenulatum, 95.3, 92.42, 0.738; GCF_959020145.1, s__Bifidobacterium sp959020145, 95.0, 89.96, 0.558; GCF_000010425.1, s__Bifidobacterium adolescentis, 95.0, 84.83, 0.329; GCA_963598975.1, s__Bifidobacterium sp963598975, 95.0, 82.94, 0.155; GCA_905207115.1, s__Bifidobacterium angulatum_A, 95.0, 82.69, 0.159; GCF_959020155.1, s__Bifidobacterium sp959020155, 95.0, 82.35, 0.172; GCF_000770925.1, s__Bifidobacterium ruminantium, 95.0, 82.23, 0.227; GCF_002451435.1, s__Bifidobacterium sp002451435, 95.0, 82.22, 0.188; GCF_001042595.1, s__Bifidobacterium dentium, 95.0, 81.85, 0.198; GCF_000522505.1, s__Bifidobacterium moukalabense, 95.0, 81.7, 0.183; GCA_963619615.1, s__Bifidobacterium sp963619615, 95.0, 81.68, 0.174; GCA_963590945.1, s__Bifidobacterium sp963590945, 95.0, 81.33, 0.18; GCA_963595445.1, s__Bifidobacterium sp963595445, 95.0, 81.3, 0.166"	95.23	11	N/A	N/A
metamdbg_nextpolish_8915_SemiBin_107	d__Bacteria;p__Bacteroidota;c__Bacteroidia;o__Bacteroidales;f__Marinifilaceae;g__Butyricimonas;s__Butyricimonas hominis	GCF_014287455.1	95	d__Bacteria;p__Bacteroidota;c__Bacteroidia;o__Bacteroidales;f__Marinifilaceae;g__Butyricimonas;s__Butyricimonas hominis	99.91	0.98	GCF_014287455.1	95	d__Bacteria;p__Bacteroidota;c__Bacteroidia;o__Bacteroidales;f__Marinifilaceae;g__Butyricimonas;s__Butyricimonas hominis	99.91	0.98	d__Bacteria;p__Bacteroidota;c__Bacteroidia;o__Bacteroidales;f__Marinifilaceae;g__Butyricimonas;s__	taxonomic classification defined by topology and ANI	topological placement and ANI have congruent species assignments	"GCA_900759925.1, s__Butyricimonas sp900759925, 95.0, 83.58, 0.281; GCF_000379665.1, s__Butyricimonas synergistica, 95.0, 82.57, 0.295"	88.78	11	N/A	N/A
metamdbg_nextpolish_8915_SemiBin_119	d__Bacteria;p__Bacillota;c__Clostridia;o__Oscillospirales;f__Oscillospiraceae;g__Vescimonas;s__Vescimonas sp000435975	GCA_000435975.1	95	d__Bacteria;p__Bacillota;c__Clostridia;o__Oscillospirales;f__Oscillospiraceae;g__Vescimonas;s__Vescimonas sp000435975	97.66	0.907	GCA_000435975.1	95	d__Bacteria;p__Bacillota;c__Clostridia;o__Oscillospirales;f__Oscillospiraceae;g__Vescimonas;s__Vescimonas sp000435975	97.66	0.907	d__Bacteria;p__Bacillota;c__Clostridia;o__Oscillospirales;f__Oscillospiraceae;g__Vescimonas;s__	taxonomic classification defined by topology and ANI	topological placement and ANI have congruent species assignments	"GCF_020687045.1, s__Vescimonas cirricatena, 95.0, 92.19, 0.662; GCF_018408575.1, s__Vescimonas coprocola, 95.0, 83.23, 0.199"	47.62	11	N/A	N/A
metamdbg_nextpolish_8915_SemiBin_13	d__Bacteria;p__Bacteroidota;c__Bacteroidia;o__Bacteroidales;f__Bacteroidaceae;g__Bacteroides;s__Bacteroides thetaiotaomicron	GCF_000011065.1	95	d__Bacteria;p__Bacteroidota;c__Bacteroidia;o__Bacteroidales;f__Bacteroidaceae;g__Bacteroides;s__Bacteroides thetaiotaomicron	98.16	0.779	GCF_000011065.1	95	d__Bacteria;p__Bacteroidota;c__Bacteroidia;o__Bacteroidales;f__Bacteroidaceae;g__Bacteroides;s__Bacteroides thetaiotaomicron	98.16	0.779	d__Bacteria;p__Bacteroidota;c__Bacteroidia;o__Bacteroidales;f__Bacteroidaceae;g__Bacteroides;s__	taxonomic classification defined by topology and ANI	topological placement and ANI have congruent species assignments	"GCA_947646015.1, s__Bacteroides sp947646015, 95.0, 95.75, 0.399; GCA_019412825.1, s__Bacteroides thetaiotaomicron_A, 95.0, 95.07, 0.687; GCA_947038155.1, s__Bacteroides sp947038155, 95.0, 89.62, 0.42; GCA_948847595.1, s__Bacteroides sp948847595, 95.0, 89.57, 0.401; GCA_900755095.1, s__Bacteroides sp900755095, 95.0, 89.53, 0.371; GCF_900106755.1, s__Bacteroides faecis, 95.0, 88.83, 0.546; GCF_900761785.1, s__Bacteroides sp900761785, 95.0, 82.96, 0.236; GCF_958387885.1, s__Bacteroides sp019412865, 95.22, 82.27, 0.172; GCF_000210075.1, s__Bacteroides xylanisolvens, 95.0, 82.17, 0.175; GCF_001314995.1, s__Bacteroides ovatus, 95.0, 82.01, 0.191; GCA_948742525.1, s__Bacteroides caecimuris_A, 95.0, 81.9, 0.158; GCA_019117555.1, s__Bacteroides intestinigallinarum, 95.0, 81.85, 0.162; GCF_034291875.1, s__Bacteroides vicugnae, 95.0, 81.73, 0.18; GCF_001688725.2, s__Bacteroides caecimuris, 95.89, 81.65, 0.17; GCF_009193295.2, s__Bacteroides luhongzhouii, 95.0, 81.53, 0.182; GCF_002222615.2, s__Bacteroides caccae, 95.0, 81.41, 0.206; GCF_024623065.1, s__Bacteroides acidifaciens, 95.0, 81.23, 0.16; GCF_903181435.1, s__Bacteroides sp900765785, 95.0, 81.15, 0.183; GCF_014750685.1, s__Bacteroides sp014750685, 95.0, 81.02, 0.17; GCF_900130125.1, s__Bacteroides congonensis, 95.0, 80.92, 0.151; GCF_012113595.1, s__Bacteroides faecium, 95.0, 80.88, 0.165"	88.05	11	N/A	N/A
metamdbg_nextpolish_8915_SemiBin_131	d__Bacteria;p__Bacillota;c__Clostridia;o__TANB77;f__CAG-508;g__CAG-245;s__CAG-245 sp000435175	GCA_000435175.1	95	d__Bacteria;p__Bacillota;c__Clostridia;o__TANB77;f__CAG-508;g__CAG-245;s__CAG-245 sp000435175	95.57	0.789	N/A	N/A	N/A	N/A	N/A	d__Bacteria;p__Bacillota;c__Clostridia;o__TANB77;f__CAG-508;g__CAG-245;s__	taxonomic classification defined by topology and ANI	topological placement and ANI have incongruent species assignments	"GCA_000435175.1, s__CAG-245 sp000435175, 95.0, 95.57, 0.789; GCA_934131055.1, s__CAG-245 sp934131055, 95.45, 94.11, 0.646; GCA_900761475.1, s__CAG-245 sp900761475, 95.0, 93.69, 0.523; GCA_934119935.1, s__CAG-245 sp934119935, 95.0, 90.72, 0.508"	80.62	11	N/A	N/A
metamdbg_nextpolish_8915_SemiBin_187	d__Bacteria;p__Bacillota;c__Clostridia;o__TANB77;f__CAG-508;g__CAG-269;s__CAG-269 sp001916065	GCA_001916065.1	95	d__Bacteria;p__Bacillota;c__Clostridia;o__TANB77;f__CAG-508;g__CAG-269;s__CAG-269 sp001916065	97.35	0.846	GCA_001916065.1	95	d__Bacteria;p__Bacillota;c__Clostridia;o__TANB77;f__CAG-508;g__CAG-269;s__CAG-269 sp001916065	97.35	0.846	d__Bacteria;p__Bacillota;c__Clostridia;o__TANB77;f__CAG-508;g__CAG-269;s__	taxonomic classification defined by topology and ANI	topological placement and ANI have congruent species assignments	"GCA_934162615.1, s__CAG-269 sp934162615, 95.0, 93.89, 0.625; GCA_934120675.1, s__CAG-269 sp934120675, 95.0, 90.15, 0.474; GCA_945865665.1, s__CAG-269 sp945865665, 95.23, 89.49, 0.407; GCA_900552555.1, s__CAG-269 sp900552555, 95.0, 88.79, 0.391; GCA_900753165.1, s__CAG-269 sp900753165, 95.0, 88.32, 0.416; GCA_934122385.1, s__CAG-269 sp934122385, 95.02, 88.27, 0.368; GCA_934132805.1, s__CAG-269 sp934132805, 95.0, 86.17, 0.358; GCA_900551615.1, s__CAG-269 sp900551615, 95.0, 86.0, 0.34; GCA_000438255.1, s__CAG-269 sp000438255, 95.0, 85.18, 0.296; GCA_934168305.1, s__CAG-269 sp934168305, 95.0, 83.85, 0.218; GCA_934141605.1, s__CAG-269 sp934141605, 95.0, 82.58, 0.167; GCA_934154445.1, s__CAG-269 sp934154445, 95.0, 82.49, 0.179"	88.78	11	N/A	N/A
metamdbg_nextpolish_8915_SemiBin_189	d__Bacteria;p__Bacillota;c__Clostridia;o__TANB77;f__CAG-508;g__CAG-269;s__CAG-269 sp900556345	GCA_900556345.1	95	d__Bacteria;p__Bacillota;c__Clostridia;o__TANB77;f__CAG-508;g__CAG-269;s__CAG-269 sp900556345	97.63	0.762	GCA_900556345.1	95	d__Bacteria;p__Bacillota;c__Clostridia;o__TANB77;f__CAG-508;g__CAG-269;s__CAG-269 sp900556345	97.63	0.762	d__Bacteria;p__Bacillota;c__Clostridia;o__TANB77;f__CAG-508;g__CAG-269;s__	taxonomic classification defined by topology and ANI	topological placement and ANI have congruent species assignments	"GCA_934168355.1, s__CAG-269 sp934168355, 95.0, 88.42, 0.499; GCA_900553125.1, s__CAG-269 sp900553125, 95.0, 88.04, 0.41; GCA_934121905.1, s__CAG-269 sp934121905, 95.0, 87.77, 0.41; GCA_934167225.1, s__CAG-269 sp934167225, 95.0, 85.44, 0.323; GCA_905203305.1, s__CAG-269 sp905203305, 95.0, 84.35, 0.358; GCA_934148985.1, s__CAG-269 sp934148985, 95.0, 83.81, 0.286; GCA_934141475.1, s__CAG-269 sp934141475, 95.0, 81.97, 0.208; GCA_948468315.1, s__CAG-269 sp948468315, 95.0, 80.7, 0.15"	86.58	11	N/A	N/A
metamdbg_nextpolish_8915_SemiBin_199	d__Bacteria;p__Bacillota;c__Clostridia;o__Lachnospirales;f__Lachnospiraceae;g__Laedolimicola;s__Laedolimicola intestinihominis	GCF_040096155.1	95.04	d__Bacteria;p__Bacillota;c__Clostridia;o__Lachnospirales;f__Lachnospiraceae;g__Laedolimicola;s__Laedolimicola intestinihominis	98.56	0.825	GCF_040096155.1	95.04	d__Bacteria;p__Bacillota;c__Clostridia;o__Lachnospirales;f__Lachnospiraceae;g__Laedolimicola;s__Laedolimicola intestinihominis	98.56	0.825	d__Bacteria;p__Bacillota;c__Clostridia;o__Lachnospirales;f__Lachnospiraceae;g__Laedolimicola;s__	taxonomic classification defined by topology and ANI	topological placement and ANI have congruent species assignments	"GCA_934373375.1, s__Laedolimicola sp934373375, 95.0, 94.48, 0.726; GCF_025567165.1, s__Laedolimicola ammoniilytica, 95.0, 90.37, 0.586; GCA_934402125.1, s__Laedolimicola sp934402125, 95.0, 89.05, 0.426; GCF_014290175.1, s__Laedolimicola hominis, 95.0, 86.33, 0.336; GCA_963656395.1, s__Laedolimicola sp963656395, 95.0, 85.34, 0.256; GCA_963640245.1, s__Laedolimicola sp963640245, 95.0, 81.74, 0.177; GCA_963621925.1, s__Laedolimicola sp963621925, 95.0, 81.61, 0.168"	90.09	11	N/A	N/A
metamdbg_nextpolish_8915_SemiBin_208	d__Bacteria;p__Bacillota;c__Clostridia;o__Lachnospirales;f__Lachnospiraceae;g__Lachnospira;s__Lachnospira sp000437735	GCF_020564355.1	95	d__Bacteria;p__Bacillota;c__Clostridia;o__Lachnospirales;f__Lachnospiraceae;g__Lachnospira;s__Lachnospira sp000437735	98.31	0.897	GCF_020564355.1	95	d__Bacteria;p__Bacillota;c__Clostridia;o__Lachnospirales;f__Lachnospiraceae;g__Lachnospira;s__Lachnospira sp000437735	98.31	0.897	d__Bacteria;p__Bacillota;c__Clostridia;o__Lachnospirales;f__Lachnospiraceae;g__Lachnospira;s__	taxonomic classification defined by topology and ANI	topological placement and ANI have congruent species assignments	N/A	91.58	11	N/A	N/A
metamdbg_nextpolish_8915_SemiBin_22	d__Bacteria;p__Bacillota;c__Bacilli;o__Erysipelotrichales;f__Coprobacillaceae;g__Catenibacterium;s__Catenibacterium mitsuokai	GCA_964259225.1	95	d__Bacteria;p__Bacillota;c__Bacilli;o__Erysipelotrichales;f__Coprobacillaceae;g__Catenibacterium;s__Catenibacterium mitsuokai	96.89	0.818	GCA_964259225.1	95	d__Bacteria;p__Bacillota;c__Bacilli;o__Erysipelotrichales;f__Coprobacillaceae;g__Catenibacterium;s__Catenibacterium mitsuokai	96.89	0.818	d__Bacteria;p__Bacillota;c__Bacilli;o__Erysipelotrichales;f__Coprobacillaceae;g__Catenibacterium;s__	taxonomic classification defined by topology and ANI	topological placement and ANI have congruent species assignments	"GCF_025148785.1, s__Catenibacterium mitsuokai_A, 95.0, 93.99, 0.703; GCF_900540665.1, s__Catenibacterium sp900540665, 95.0, 93.83, 0.835; GCF_900540685.1, s__Catenibacterium sp900540685, 95.0, 93.11, 0.776; GCA_900764725.1, s__Catenibacterium sp900764725, 95.0, 92.85, 0.594; GCF_900764565.1, s__Catenibacterium sp900764565, 95.0, 92.39, 0.724"	94.42	11	N/A	N/A
metamdbg_nextpolish_8915_SemiBin_242	d__Bacteria;p__Bacillota;c__Clostridia;o__Lachnospirales;f__Lachnospiraceae;g__Blautia;s__Blautia stercoris	GCA_003481745.1	95	d__Bacteria;p__Bacillota;c__Clostridia;o__Lachnospirales;f__Lachnospiraceae;g__Blautia;s__Blautia stercoris	98.51	0.859	GCA_003481745.1	95	d__Bacteria;p__Bacillota;c__Clostridia;o__Lachnospirales;f__Lachnospiraceae;g__Blautia;s__Blautia stercoris	98.51	0.859	d__Bacteria;p__Bacillota;c__Clostridia;o__Lachnospirales;f__Lachnospiraceae;g__Blautia;s__	taxonomic classification defined by topology and ANI	topological placement and ANI have congruent species assignments	"GCA_022717655.1, s__Blautia sp022717655, 95.0, 93.67, 0.617"	90.79	11	N/A	N/A
metamdbg_nextpolish_8915_SemiBin_288	d__Bacteria;p__Bacteroidota;c__Bacteroidia;o__Bacteroidales;f__Bacteroidaceae;g__Prevotella;s__Prevotella stercorea	GCF_000235885.1	95	d__Bacteria;p__Bacteroidota;c__Bacteroidia;o__Bacteroidales;f__Bacteroidaceae;g__Prevotella;s__Prevotella stercorea	97.16	0.757	GCF_000235885.1	95	d__Bacteria;p__Bacteroidota;c__Bacteroidia;o__Bacteroidales;f__Bacteroidaceae;g__Prevotella;s__Prevotella stercorea	97.16	0.757	d__Bacteria;p__Bacteroidota;c__Bacteroidia;o__Bacteroidales;f__Bacteroidaceae;g__Prevotella;s__	taxonomic classification defined by topology and ANI	topological placement and ANI have congruent species assignments	"GCF_019052365.1, s__Prevotella sp000434975, 95.0, 89.92, 0.517"	94.72	11	N/A	N/A
metamdbg_nextpolish_8915_SemiBin_301	d__Bacteria;p__Bacillota;c__Clostridia;o__Lachnospirales;f__Lachnospiraceae;g__Agathobacter;s__Agathobacter faecis	GCF_001406815.1	95	d__Bacteria;p__Bacillota;c__Clostridia;o__Lachnospirales;f__Lachnospiraceae;g__Agathobacter;s__Agathobacter faecis	97.84	0.769	GCF_001406815.1	95	d__Bacteria;p__Bacillota;c__Clostridia;o__Lachnospirales;f__Lachnospiraceae;g__Agathobacter;s__Agathobacter faecis	97.84	0.769	d__Bacteria;p__Bacillota;c__Clostridia;o__Lachnospirales;f__Lachnospiraceae;g__Agathobacter;s__	taxonomic classification defined by topology and ANI	topological placement and ANI have congruent species assignments	"GCA_002474415.1, s__Agathobacter sp002474415, 95.0, 91.27, 0.633"	90.69	11	N/A	N/A
metamdbg_nextpolish_8915_SemiBin_329	d__Bacteria;p__Pseudomonadota;c__Gammaproteobacteria;o__Burkholderiales;f__Burkholderiaceae;g__Parasutterella;s__Parasutterella gallistercoris	GCA_019113195.1	95	d__Bacteria;p__Pseudomonadota;c__Gammaproteobacteria;o__Burkholderiales;f__Burkholderiaceae;g__Parasutterella;s__Parasutterella gallistercoris	98.95	0.899	GCA_019113195.1	95	d__Bacteria;p__Pseudomonadota;c__Gammaproteobacteria;o__Burkholderiales;f__Burkholderiaceae;g__Parasutterella;s__Parasutterella gallistercoris	98.95	0.899	d__Bacteria;p__Pseudomonadota;c__Gammaproteobacteria;o__Burkholderiales;f__Burkholderiaceae;g__Parasutterella;s__	taxonomic classification defined by topology and ANI	topological placement and ANI have congruent species assignments	"GCF_900766055.1, s__Parasutterella sp900766055, 95.0, 92.7, 0.695; GCA_002492145.1, s__Parasutterella sp900552195, 95.0, 91.44, 0.697; GCF_000205025.1, s__Parasutterella excrementihominis, 95.74, 90.65, 0.713; GCA_900554375.1, s__Parasutterella sp900554375, 95.0, 87.07, 0.433"	99.23	11	N/A	N/A
metamdbg_nextpolish_8915_SemiBin_373	d__Bacteria;p__Bacteroidota;c__Bacteroidia;o__Bacteroidales;f__Bacteroidaceae;g__Prevotella;s__Prevotella sp900313215	GCF_009495355.1	95	d__Bacteria;p__Bacteroidota;c__Bacteroidia;o__Bacteroidales;f__Bacteroidaceae;g__Prevotella;s__Prevotella sp900313215	97.22	0.782	GCF_009495355.1	95	d__Bacteria;p__Bacteroidota;c__Bacteroidia;o__Bacteroidales;f__Bacteroidaceae;g__Prevotella;s__Prevotella sp900313215	97.22	0.782	d__Bacteria;p__Bacteroidota;c__Bacteroidia;o__Bacteroidales;f__Bacteroidaceae;g__Prevotella;s__	taxonomic classification defined by topology and ANI	topological placement and ANI have congruent species assignments	"GCA_963587495.1, s__Prevotella sp963587495, 95.0, 94.83, 0.723; GCA_900556395.1, s__Prevotella caccae, 95.0, 87.01, 0.442; GCA_002439605.1, s__Prevotella mututuai, 95.0, 84.34, 0.35"	97.26	11	N/A	N/A
metamdbg_nextpolish_8915_SemiBin_38	d__Bacteria;p__Bacteroidota;c__Bacteroidia;o__Bacteroidales;f__Rikenellaceae;g__Alistipes;s__Alistipes finegoldii	GCF_000265365.1	95	d__Bacteria;p__Bacteroidota;c__Bacteroidia;o__Bacteroidales;f__Rikenellaceae;g__Alistipes;s__Alistipes finegoldii	98.43	0.906	GCF_000265365.1	95	d__Bacteria;p__Bacteroidota;c__Bacteroidia;o__Bacteroidales;f__Rikenellaceae;g__Alistipes;s__Alistipes finegoldii	98.43	0.906	d__Bacteria;p__Bacteroidota;c__Bacteroidia;o__Bacteroidales;f__Rikenellaceae;g__Alistipes;s__	taxonomic classification defined by topology and ANI	topological placement and ANI have congruent species assignments	"GCF_021204515.1, s__Alistipes sp021204515, 95.0, 93.48, 0.763; GCA_934754975.1, s__Alistipes sp934754975, 95.0, 90.65, 0.641; GCF_025145285.1, s__Alistipes onderdonkii, 95.0, 86.3, 0.425; GCF_902388705.1, s__Alistipes sp902388705, 95.0, 84.36, 0.337; GCF_025145845.1, s__Alistipes shahii, 95.0, 84.27, 0.242; GCF_025145645.1, s__Alistipes senegalensis, 95.0, 83.16, 0.224; GCF_900083545.1, s__Alistipes provencensis, 95.0, 83.03, 0.221; GCF_900541585.1, s__Alistipes sp900541585, 95.0, 82.87, 0.202; GCF_900107675.1, s__Alistipes timonensis, 95.0, 82.49, 0.189; GCA_001941065.1, s__Alistipes sp001941065, 95.0, 82.24, 0.185; GCF_020026455.1, s__Alistipes sp020026455, 95.0, 81.94, 0.174; GCF_018362775.1, s__Alistipes montrealensis, 95.0, 81.8, 0.187; GCA_023443765.1, s__Alistipes sp023443765, 95.0, 81.63, 0.184"	57.19	11	N/A	N/A
metamdbg_nextpolish_8915_SemiBin_408	d__Bacteria;p__Bacteroidota;c__Bacteroidia;o__Bacteroidales;f__UBA932;g__Cryptobacteroides;s__Cryptobacteroides sp900544195	GCA_900544195.1	95	d__Bacteria;p__Bacteroidota;c__Bacteroidia;o__Bacteroidales;f__UBA932;g__Cryptobacteroides;s__Cryptobacteroides sp900544195	98.06	0.888	GCA_900544195.1	95	d__Bacteria;p__Bacteroidota;c__Bacteroidia;o__Bacteroidales;f__UBA932;g__Cryptobacteroides;s__Cryptobacteroides sp900544195	98.06	0.888	d__Bacteria;p__Bacteroidota;c__Bacteroidia;o__Bacteroidales;f__UBA932;g__Cryptobacteroides;s__	taxonomic classification defined by topology and ANI	topological placement and ANI have congruent species assignments	"GCA_000433355.1, s__Cryptobacteroides sp000433355, 95.0, 93.16, 0.621; GCA_000431015.1, s__Cryptobacteroides sp000431015, 95.0, 90.26, 0.486; GCA_934725575.1, s__Cryptobacteroides sp934725575, 95.0, 87.71, 0.393; GCA_963604455.1, s__Cryptobacteroides sp963604455, 95.0, 85.94, 0.261; GCA_963660255.1, s__Cryptobacteroides sp963660255, 95.0, 85.7, 0.255; GCA_963642795.1, s__Cryptobacteroides sp963642795, 95.0, 85.43, 0.404; GCA_002438845.1, s__Cryptobacteroides sp002438845, 95.0, 84.37, 0.374; GCA_963604245.1, s__Cryptobacteroides sp963604245, 95.0, 84.21, 0.281; GCA_934698975.1, s__Cryptobacteroides sp934698975, 95.0, 84.2, 0.3; GCA_963642565.1, s__Cryptobacteroides sp963642565, 95.0, 84.13, 0.348; GCA_934667175.1, s__Cryptobacteroides sp934667175, 95.0, 84.12, 0.32; GCA_963657715.1, s__Cryptobacteroides sp963657715, 95.0, 84.09, 0.336; GCA_963623745.1, s__Cryptobacteroides sp963623745, 95.0, 84.07, 0.326; GCA_963617915.1, s__Cryptobacteroides sp963617915, 95.0, 83.93, 0.274; GCA_963596515.1, s__Cryptobacteroides sp963596515, 95.0, 83.88, 0.246; GCA_002314195.1, s__Cryptobacteroides sp002314195, 95.0, 83.79, 0.312; GCA_002439875.1, s__Cryptobacteroides sp002439875, 95.0, 83.68, 0.334; GCA_002321335.1, s__Cryptobacteroides sp002321335, 95.0, 83.58, 0.292; GCA_963639865.1, s__Cryptobacteroides sp963639865, 95.0, 83.52, 0.323; GCA_934725285.1, s__Cryptobacteroides sp934725285, 95.0, 83.51, 0.226; GCA_002437305.1, s__Cryptobacteroides sp002437305, 95.0, 82.61, 0.259; GCA_934678915.1, s__Cryptobacteroides sp934678915, 95.0, 81.74, 0.17; GCA_002297815.1, s__Cryptobacteroides sp002297815, 95.0, 81.68, 0.225"	95.63	11	N/A	N/A
metamdbg_nextpolish_8915_SemiBin_580	d__Bacteria;p__Bacillota;c__Bacilli;o__RF39;f__UBA660;g__HGM10766;s__HGM10766 sp900757295	GCA_025992315.1	95	d__Bacteria;p__Bacillota;c__Bacilli;o__RF39;f__UBA660;g__HGM10766;s__HGM10766 sp900757295	98.91	0.941	GCA_025992315.1	95	d__Bacteria;p__Bacillota;c__Bacilli;o__RF39;f__UBA660;g__HGM10766;s__HGM10766 sp900757295	98.91	0.941	d__Bacteria;p__Bacillota;c__Bacilli;o__RF39;f__UBA660;g__HGM10766;s__	taxonomic classification defined by topology and ANI	topological placement and ANI have congruent species assignments	N/A	83.18	11	N/A	N/A
metamdbg_nextpolish_8915_SemiBin_74	d__Bacteria;p__Bacillota;c__Bacilli;o__RF39;f__UBA660;g__CAG-302;s__CAG-302 sp000431795	GCA_000431795.1	95	d__Bacteria;p__Bacillota;c__Bacilli;o__RF39;f__UBA660;g__CAG-302;s__CAG-302 sp000431795	98.22	0.684	GCA_000431795.1	95	d__Bacteria;p__Bacillota;c__Bacilli;o__RF39;f__UBA660;g__CAG-302;s__CAG-302 sp000431795	98.22	0.684	d__Bacteria;p__Bacillota;c__Bacilli;o__RF39;f__UBA660;g__CAG-302;s__	taxonomic classification defined by topology and ANI	topological placement and ANI have congruent species assignments	"GCA_934096105.1, s__CAG-302 sp934096105, 95.0, 93.45, 0.627; GCA_934101345.1, s__CAG-302 sp934101345, 95.0, 93.02, 0.571; GCA_934096555.1, s__CAG-302 sp934096555, 95.11, 92.41, 0.581; GCA_900549325.1, s__CAG-302 sp900549325, 95.0, 91.81, 0.555; GCA_934162325.1, s__CAG-302 sp934162325, 95.42, 83.24, 0.199; GCA_001916775.1, s__CAG-302 sp001916775, 95.0, 83.06, 0.16; GCA_934182615.1, s__CAG-302 sp934182615, 95.0, 82.95, 0.164"	60.17	11	N/A	N/A
metamdbg_nextpolish_8915_SemiBin_9	d__Bacteria;p__Bacteroidota;c__Bacteroidia;o__Bacteroidales;f__Bacteroidaceae;g__Bacteroides;s__Bacteroides eggerthii	GCF_025146565.1	95	d__Bacteria;p__Bacteroidota;c__Bacteroidia;o__Bacteroidales;f__Bacteroidaceae;g__Bacteroides;s__Bacteroides eggerthii	98.8	0.822	GCF_025146565.1	95	d__Bacteria;p__Bacteroidota;c__Bacteroidia;o__Bacteroidales;f__Bacteroidaceae;g__Bacteroides;s__Bacteroides eggerthii	98.8	0.822	d__Bacteria;p__Bacteroidota;c__Bacteroidia;o__Bacteroidales;f__Bacteroidaceae;g__Bacteroides;s__	taxonomic classification defined by topology and ANI	topological placement and ANI have congruent species assignments	"GCA_958432865.1, s__Bacteroides stercoris_A, 95.0, 84.46, 0.222; GCF_018390535.1, s__Bacteroides propionicigenes, 95.0, 84.33, 0.378; GCF_900129655.1, s__Bacteroides clarus, 95.0, 84.2, 0.359; GCF_025147325.1, s__Bacteroides stercoris, 95.0, 84.01, 0.34; GCF_910578895.1, s__Bacteroides sp910578895, 95.0, 81.6, 0.202; GCF_000374365.1, s__Bacteroides gallinarum, 95.0, 81.59, 0.215"	97.2	11	N/A	N/A
myloasm_8366_SemiBin_23	d__Bacteria;p__Bacillota;c__Clostridia;o__Lachnospirales;f__Lachnospiraceae;g__Coprococcus_A;s__Coprococcus_A intestinihominis	GCF_040096555.1	95	d__Bacteria;p__Bacillota;c__Clostridia;o__Lachnospirales;f__Lachnospiraceae;g__Coprococcus_A;s__Coprococcus_A intestinihominis	97.11	0.515	GCF_040096555.1	95	d__Bacteria;p__Bacillota;c__Clostridia;o__Lachnospirales;f__Lachnospiraceae;g__Coprococcus_A;s__Coprococcus_A intestinihominis	97.11	0.515	d__Bacteria;p__Bacillota;c__Clostridia;o__Lachnospirales;f__Lachnospiraceae;g__Coprococcus_A;s__	taxonomic classification defined by topology and ANI	topological placement and ANI have congruent species assignments	"GCF_019734885.1, s__Coprococcus_A catus, 95.0, 91.52, 0.4"	62.85	11	N/A	N/A
myloasm_8366_SemiBin_374	d__Bacteria;p__Bacillota;c__Clostridia;o__Lachnospirales;f__Lachnospiraceae;g__Wujia;s__Wujia hominis	GCF_020687505.1	95	d__Bacteria;p__Bacillota;c__Clostridia;o__Lachnospirales;f__Lachnospiraceae;g__Wujia;s__Wujia hominis	98.22	0.866	GCF_020687505.1	95	d__Bacteria;p__Bacillota;c__Clostridia;o__Lachnospirales;f__Lachnospiraceae;g__Wujia;s__Wujia hominis	98.22	0.866	d__Bacteria;p__Bacillota;c__Clostridia;o__Lachnospirales;f__Lachnospiraceae;g__Wujia;s__	taxonomic classification defined by topology and ANI	topological placement and ANI have congruent species assignments	"GCA_963659815.1, s__Wujia sp963659815, 95.0, 92.75, 0.665; GCA_018918185.1, s__Wujia sp900539705, 95.0, 91.54, 0.708; GCA_937894705.1, s__Wujia sp002431865, 95.0, 90.84, 0.63; GCA_963631525.1, s__Wujia sp963631525, 95.0, 90.84, 0.629; GCA_900553925.1, s__Wujia sp900553925, 95.0, 90.71, 0.554; GCA_002404515.1, s__Wujia sp002404515, 95.0, 90.18, 0.587; GCA_934318045.1, s__Wujia sp934318045, 95.0, 89.54, 0.485; GCF_022174665.1, s__Wujia sp022174665, 95.0, 89.53, 0.561; GCA_900767585.1, s__Wujia sp900767585, 95.0, 89.18, 0.473"	91.38	11	N/A	N/A
myloasm_8366_SemiBin_38	d__Bacteria;p__Bacillota;c__Clostridia;o__Lachnospirales;f__Lachnospiraceae;g__COE1;s__COE1 sp001916965	GCA_001916965.1	95	d__Bacteria;p__Bacillota;c__Clostridia;o__Lachnospirales;f__Lachnospiraceae;g__COE1;s__COE1 sp001916965	98.25	0.708	GCA_001916965.1	95	d__Bacteria;p__Bacillota;c__Clostridia;o__Lachnospirales;f__Lachnospiraceae;g__COE1;s__COE1 sp001916965	98.25	0.708	d__Bacteria;p__Bacillota;c__Clostridia;o__Lachnospirales;f__Lachnospiraceae;g__COE1;s__	taxonomic classification defined by topology and ANI	topological placement and ANI have congruent species assignments	"GCA_963596435.1, s__COE1 sp963596435, 95.0, 93.85, 0.55; GCA_900753305.1, s__COE1 sp900753305, 95.0, 85.45, 0.261"	48.25	11	N/A	Genome has more than 16.7% of markers with multiple hits
myloasm_8366_SemiBin_97	d__Bacteria;p__Bacillota;c__Clostridia;o__Lachnospirales;f__Lachnospiraceae;g__Butyribacter;s__Butyribacter hominis	GCF_014384965.1	95	d__Bacteria;p__Bacillota;c__Clostridia;o__Lachnospirales;f__Lachnospiraceae;g__Butyribacter;s__Butyribacter hominis	98.88	0.85	GCF_014384965.1	95	d__Bacteria;p__Bacillota;c__Clostridia;o__Lachnospirales;f__Lachnospiraceae;g__Butyribacter;s__Butyribacter hominis	98.88	0.85	d__Bacteria;p__Bacillota;c__Clostridia;o__Lachnospirales;f__Lachnospiraceae;g__Butyribacter;s__	taxonomic classification defined by topology and ANI	topological placement and ANI have congruent species assignments	N/A	84.77	11	N/A	N/A
myloasm_8373_SemiBin_119	d__Bacteria;p__Bacteroidota;c__Bacteroidia;o__Bacteroidales;f__Rikenellaceae;g__Alistipes;s__Alistipes putredinis	GCF_000154465.1	95	d__Bacteria;p__Bacteroidota;c__Bacteroidia;o__Bacteroidales;f__Rikenellaceae;g__Alistipes;s__Alistipes putredinis	98.49	0.776	GCF_000154465.1	95	d__Bacteria;p__Bacteroidota;c__Bacteroidia;o__Bacteroidales;f__Rikenellaceae;g__Alistipes;s__Alistipes putredinis	98.49	0.776	d__Bacteria;p__Bacteroidota;c__Bacteroidia;o__Bacteroidales;f__Rikenellaceae;g__Alistipes;s__	taxonomic classification defined by topology and ANI	topological placement and ANI have congruent species assignments	N/A	91.46	11	N/A	N/A
myloasm_8373_SemiBin_138	d__Bacteria;p__Bacteroidota;c__Bacteroidia;o__Bacteroidales;f__Bacteroidaceae;g__Prevotella;s__Prevotella sp900553595	GCA_900553595.1	95	d__Bacteria;p__Bacteroidota;c__Bacteroidia;o__Bacteroidales;f__Bacteroidaceae;g__Prevotella;s__Prevotella sp900553595	98.24	0.907	GCA_900553595.1	95	d__Bacteria;p__Bacteroidota;c__Bacteroidia;o__Bacteroidales;f__Bacteroidaceae;g__Prevotella;s__Prevotella sp900553595	98.24	0.907	d__Bacteria;p__Bacteroidota;c__Bacteroidia;o__Bacteroidales;f__Bacteroidaceae;g__Prevotella;s__	taxonomic classification defined by topology and ANI	topological placement and ANI have congruent species assignments	"GCA_963599085.1, s__Prevotella sp963599085, 95.0, 86.33, 0.489"	81.16	11	N/A	N/A
myloasm_8915_SemiBin_105	d__Bacteria;p__Bacillota;c__Clostridia;o__TANB77;f__CAG-508;g__CAG-269;s__CAG-269 sp900551615	GCA_900551615.1	95	d__Bacteria;p__Bacillota;c__Clostridia;o__TANB77;f__CAG-508;g__CAG-269;s__CAG-269 sp900551615	98.02	0.834	GCA_900551615.1	95	d__Bacteria;p__Bacillota;c__Clostridia;o__TANB77;f__CAG-508;g__CAG-269;s__CAG-269 sp900551615	98.02	0.834	d__Bacteria;p__Bacillota;c__Clostridia;o__TANB77;f__CAG-508;g__CAG-269;s__	taxonomic classification defined by topology and ANI	topological placement and ANI have congruent species assignments	"GCA_900753165.1, s__CAG-269 sp900753165, 95.0, 87.68, 0.464; GCA_900552555.1, s__CAG-269 sp900552555, 95.0, 86.5, 0.367; GCA_934162615.1, s__CAG-269 sp934162615, 95.0, 86.22, 0.335; GCA_001916065.1, s__CAG-269 sp001916065, 95.0, 86.11, 0.366; GCA_945865665.1, s__CAG-269 sp945865665, 95.23, 85.76, 0.295; GCA_000438255.1, s__CAG-269 sp000438255, 95.0, 85.68, 0.371; GCA_934120675.1, s__CAG-269 sp934120675, 95.0, 85.52, 0.33; GCA_934179885.1, s__CAG-269 sp934179885, 95.0, 84.94, 0.184; GCA_934132805.1, s__CAG-269 sp934132805, 95.0, 84.91, 0.33; GCA_934122385.1, s__CAG-269 sp934122385, 95.02, 84.27, 0.272; GCA_934168305.1, s__CAG-269 sp934168305, 95.0, 83.8, 0.223; GCA_934149005.1, s__CAG-269 sp934149005, 95.0, 82.85, 0.177; GCA_934141605.1, s__CAG-269 sp934141605, 95.0, 82.6, 0.211; GCA_934120645.1, s__CAG-269 sp934120645, 95.0, 82.58, 0.204; GCA_934154445.1, s__CAG-269 sp934154445, 95.0, 82.11, 0.195; GCA_945877035.1, s__CAG-269 sp945877035, 95.0, 81.74, 0.181"	71.43	11	N/A	N/A
myloasm_8915_SemiBin_225	d__Bacteria;p__Bacillota;c__Bacilli;o__RF39;f__UBA660;g__CAG-302;s__CAG-302 sp900543825	GCA_900543825.1	95	d__Bacteria;p__Bacillota;c__Bacilli;o__RF39;f__UBA660;g__CAG-302;s__CAG-302 sp900543825	98.42	0.874	GCA_900543825.1	95	d__Bacteria;p__Bacillota;c__Bacilli;o__RF39;f__UBA660;g__CAG-302;s__CAG-302 sp900543825	98.42	0.874	d__Bacteria;p__Bacillota;c__Bacilli;o__RF39;f__UBA660;g__CAG-302;s__	taxonomic classification defined by topology and ANI	topological placement and ANI have congruent species assignments	"GCA_934098435.1, s__CAG-302 sp934098435, 95.0, 93.65, 0.801; GCA_963601985.1, s__CAG-302 sp963601985, 95.0, 87.07, 0.423; GCA_001916775.1, s__CAG-302 sp001916775, 95.0, 81.68, 0.169; GCA_934162325.1, s__CAG-302 sp934162325, 95.42, 81.58, 0.16; GCA_934182615.1, s__CAG-302 sp934182615, 95.0, 81.16, 0.166"	86.8	11	N/A	N/A
myloasm_8915_SemiBin_39	d__Bacteria;p__Bacteroidota;c__Bacteroidia;o__Bacteroidales;f__Bacteroidaceae;g__Bacteroides;s__Bacteroides sp900557355	GCA_900557355.1	95	d__Bacteria;p__Bacteroidota;c__Bacteroidia;o__Bacteroidales;f__Bacteroidaceae;g__Bacteroides;s__Bacteroides sp900557355	98.29	0.612	GCF_000172175.1	95	d__Bacteria;p__Bacteroidota;c__Bacteroidia;o__Bacteroidales;f__Bacteroidaceae;g__Bacteroides;s__Bacteroides intestinalis	96.59	0.718	d__Bacteria;p__Bacteroidota;c__Bacteroidia;o__Bacteroidales;f__Bacteroidaceae;g__Bacteroides;s__	taxonomic classification defined by topology and ANI	N/A	"GCF_003464595.1, s__Bacteroides intestinalis_A, 95.0, 92.3, 0.642; GCF_902364365.1, s__Bacteroides sp900556215, 95.07, 92.1, 0.604; GCF_020091405.1, s__Bacteroides sp900552405, 95.23, 88.53, 0.481; GCF_036416795.1, s__Bacteroides sp036416795, 95.05, 88.09, 0.451; GCF_000513195.1, s__Bacteroides timonensis, 95.0, 86.73, 0.429; GCF_028539415.1, s__Bacteroides cellulosilyticus, 95.26, 86.33, 0.431; GCF_905207245.1, s__Bacteroides sp905207245, 95.0, 85.37, 0.341; GCA_947071285.1, s__Bacteroides sp947071285, 95.0, 85.08, 0.287; GCF_900142015.1, s__Bacteroides stercorirosoris, 95.0, 84.95, 0.334; GCF_000315485.1, s__Bacteroides oleiciplenus, 95.0, 84.7, 0.363; GCA_905215555.1, s__Bacteroides sp905215555, 95.0, 82.96, 0.259"	78.97	11	N/A	N/A
myloasm_nextpolish_0942_SemiBin_115	d__Bacteria;p__Bacillota;c__Clostridia;o__Lachnospirales;f__Lachnospiraceae;g__Anaerobutyricum;s__Anaerobutyricum hallii	GCF_000173975.1	95	d__Bacteria;p__Bacillota;c__Clostridia;o__Lachnospirales;f__Lachnospiraceae;g__Anaerobutyricum;s__Anaerobutyricum hallii	97.95	0.826	GCF_000173975.1	95	d__Bacteria;p__Bacillota;c__Clostridia;o__Lachnospirales;f__Lachnospiraceae;g__Anaerobutyricum;s__Anaerobutyricum hallii	97.95	0.826	d__Bacteria;p__Bacillota;c__Clostridia;o__Lachnospirales;f__Lachnospiraceae;g__Anaerobutyricum;s__	taxonomic classification defined by topology and ANI	topological placement and ANI have congruent species assignments	"GCF_934307085.1, s__Anaerobutyricum sp934307085, 95.0, 88.76, 0.416; GCF_900209925.1, s__Anaerobutyricum soehngenii, 95.0, 86.46, 0.313; GCA_963600375.1, s__Anaerobutyricum sp963600375, 95.0, 85.91, 0.305; GCA_934317185.1, s__Anaerobutyricum sp934317185, 95.0, 83.73, 0.167"	57.72	11	N/A	N/A
myloasm_nextpolish_0942_SemiBin_118	d__Bacteria;p__Bacillota;c__Clostridia;o__Lachnospirales;f__Lachnospiraceae;g__Brotonthovivens;s__Brotonthovivens sp905193415	GCA_905193415.1	95	d__Bacteria;p__Bacillota;c__Clostridia;o__Lachnospirales;f__Lachnospiraceae;g__Brotonthovivens;s__Brotonthovivens sp905193415	97.46	0.624	GCA_905193415.1	95	d__Bacteria;p__Bacillota;c__Clostridia;o__Lachnospirales;f__Lachnospiraceae;g__Brotonthovivens;s__Brotonthovivens sp905193415	97.46	0.624	d__Bacteria;p__Bacillota;c__Clostridia;o__Lachnospirales;f__Lachnospiraceae;g__Brotonthovivens;s__	taxonomic classification defined by topology and ANI	topological placement and ANI have congruent species assignments	N/A	52.56	11	N/A	N/A
myloasm_nextpolish_0942_SemiBin_295	d__Bacteria;p__Actinomycetota;c__Coriobacteriia;o__Coriobacteriales;f__Coriobacteriaceae;g__Collinsella;s__Collinsella sp027669365	GCA_027669365.1	95	d__Bacteria;p__Actinomycetota;c__Coriobacteriia;o__Coriobacteriales;f__Coriobacteriaceae;g__Collinsella;s__Collinsella sp027669365	95.69	0.853	N/A	N/A	N/A	N/A	N/A	d__Bacteria;p__Actinomycetota;c__Coriobacteriia;o__Coriobacteriales;f__Coriobacteriaceae;g__Collinsella;s__	taxonomic classification defined by topology and ANI	topological placement and ANI have incongruent species assignments	"GCA_027669365.1, s__Collinsella sp027669365, 95.0, 95.69, 0.853; GCA_905205405.1, s__Collinsella sp905205405, 95.06, 95.18, 0.845; GCA_958451615.1, s__Collinsella sp958451615, 95.17, 94.93, 0.84; GCA_902490405.1, s__Collinsella sp902490405, 95.0, 94.89, 0.848; GCA_937922225.1, s__Collinsella sp937922225, 95.14, 94.87, 0.852; GCA_905197595.1, s__Collinsella sp905197595, 95.0, 94.85, 0.856; GCA_905214435.1, s__Collinsella sp905214435, 95.07, 94.83, 0.857; GCF_003436275.1, s__Collinsella sp003436275, 95.62, 94.67, 0.819; GCA_900544895.1, s__Collinsella sp900544895, 95.07, 94.65, 0.863; GCA_958433005.1, s__Collinsella sp958433005, 95.0, 94.63, 0.841; GCF_028207065.1, s__Collinsella aerofaciens_AR, 95.07, 94.63, 0.805; GCA_900540855.1, s__Collinsella sp900540855, 95.0, 94.61, 0.828; GCA_905214285.1, s__Collinsella sp905214285, 95.26, 94.56, 0.832; GCA_902493145.1, s__Collinsella sp902493145, 95.02, 94.52, 0.858; GCA_902466075.1, s__Collinsella sp902466075, 95.04, 94.52, 0.837; GCA_019419425.1, s__Collinsella sp019419425, 95.0, 94.47, 0.815; GCA_958443265.1, s__Collinsella sp958443265, 95.0, 94.35, 0.8; GCF_009876115.1, s__Collinsella aerofaciens_N, 95.0, 94.35, 0.799; GCA_938011935.1, s__Collinsella sp938011935, 95.06, 94.35, 0.732; GCA_019413925.1, s__Collinsella sp019413925, 95.0, 94.33, 0.827; GCA_902494855.1, s__Collinsella sp902494855, 95.0, 94.26, 0.816; GCA_900551015.1, s__Collinsella sp900551015, 95.0, 94.23, 0.838; GCA_900552995.1, s__Collinsella sp900552995, 95.09, 94.18, 0.778; GCA_900552895.1, s__Collinsella sp900552895, 95.0, 94.02, 0.799; GCA_900754275.1, s__Collinsella sp900754275, 95.06, 93.96, 0.817; GCA_902462065.1, s__Collinsella sp902462065, 95.0, 93.86, 0.824; GCA_902478865.1, s__Collinsella sp902478865, 95.12, 93.85, 0.792; GCA_959020715.1, s__Collinsella sp959020715, 95.0, 93.82, 0.809; GCA_905199455.1, s__Collinsella aerofaciens_AW, 95.3, 93.81, 0.802; GCA_900754435.1, s__Collinsella sp900754435, 95.32, 93.81, 0.781; GCA_900549575.1, s__Collinsella sp900549575, 95.0, 93.81, 0.779; GCA_900546965.1, s__Collinsella sp900546965, 95.3, 93.73, 0.792; GCA_902468695.1, s__Collinsella sp902468695, 95.0, 93.7, 0.787; GCA_958441355.1, s__Collinsella sp958441355, 95.28, 93.69, 0.815; GCA_900550515.1, s__Collinsella sp900550515, 95.01, 93.62, 0.79; GCA_008668795.1, s__Collinsella aerofaciens_AS, 95.0, 93.6, 0.717; GCA_900551185.1, s__Collinsella sp900551185, 95.3, 93.58, 0.778; GCA_902489955.1, s__Collinsella sp902489955, 95.04, 93.56, 0.798; GCA_902494605.1, s__Collinsella sp902494605, 95.0, 93.56, 0.792; GCA_902474645.1, s__Collinsella sp902474645, 95.18, 93.56, 0.786; GCA_937934165.1, s__Collinsella sp937934165, 95.08, 93.55, 0.772; GCA_900549745.1, s__Collinsella sp900549745, 95.0, 93.54, 0.801; GCA_900554905.1, s__Collinsella sp900554905, 95.02, 93.54, 0.784; GCA_958408685.1, s__Collinsella sp958408685, 95.02, 93.52, 0.822; GCA_902490305.1, s__Collinsella sp902490305, 95.0, 93.52, 0.812; GCA_900541005.1, s__Collinsella sp900541005, 95.0, 93.52, 0.799; GCA_900541245.1, s__Collinsella sp900541245, 95.0, 93.48, 0.781; GCA_902465015.1, s__Collinsella sp902465015, 95.0, 93.47, 0.822; GCA_905197585.1, s__Collinsella sp905197585, 95.06, 93.47, 0.762; GCA_902495945.1, s__Collinsella sp902495945, 95.0, 93.45, 0.79; GCA_014871665.1, s__Collinsella sp014871665, 95.0, 93.44, 0.777; GCA_900550195.1, s__Collinsella sp900550195, 95.04, 93.43, 0.793; GCA_902363125.1, s__Collinsella sp902363125, 95.02, 93.43, 0.776; GCA_938023085.1, s__Collinsella sp938023085, 95.0, 93.42, 0.778; GCA_905207495.1, s__Collinsella sp905207495, 95.66, 93.41, 0.768; GCA_902470915.1, s__Collinsella sp902470915, 95.0, 93.4, 0.798; GCF_025289055.1, s__Collinsella sp900549025, 95.15, 93.38, 0.785; GCA_902492935.1, s__Collinsella sp902492935, 95.0, 93.38, 0.781; GCA_902491915.1, s__Collinsella sp902491915, 95.0, 93.36, 0.797; GCF_964239575.1, s__Collinsella aerofaciens_BQ, 95.02, 93.35, 0.75; GCA_900752015.1, s__Collinsella sp900752015, 95.16, 93.32, 0.792; GCA_902494035.1, s__Collinsella sp902494035, 95.0, 93.32, 0.786; GCA_902493985.1, s__Collinsella sp902493985, 95.0, 93.31, 0.793; GCA_900541055.1, s__Collinsella sp900541055, 95.0, 93.29, 0.778; GCA_900541125.1, s__Collinsella sp900541125, 95.0, 93.27, 0.78; GCA_937982065.1, s__Collinsella sp937982065, 95.01, 93.27, 0.759; GCA_902475475.1, s__Collinsella sp902475475, 95.3, 93.26, 0.811; GCA_963657575.1, s__Collinsella sp963657575, 95.32, 93.25, 0.629; GCA_958348225.1, s__Collinsella sp958348225, 95.0, 93.22, 0.815; GCA_900755685.1, s__Collinsella sp900755685, 95.04, 93.22, 0.802; GCA_963621725.1, s__Collinsella sp963621725, 95.13, 93.22, 0.767; GCA_905199225.1, s__Collinsella sp900554665, 95.0, 93.22, 0.763; GCA_900542125.1, s__Collinsella sp900542125, 95.0, 93.21, 0.783; GCF_040098165.1, s__Collinsella sp040098165, 95.33, 93.21, 0.774; GCA_900543515.1, s__Collinsella sp900543515, 95.0, 93.21, 0.773; GCA_902493545.1, s__Collinsella sp902493545, 95.03, 93.21, 0.772; GCA_958420205.1, s__Collinsella sp958420205, 95.17, 93.19, 0.802; GCA_018368055.1, s__Collinsella sp018368055, 95.0, 93.18, 0.764; GCF_964240045.1, s__Collinsella sp902469555, 95.11, 93.18, 0.743; GCA_900541875.1, s__Collinsella sp900541875, 95.0, 93.16, 0.807; GCA_900541205.1, s__Collinsella sp900541205, 95.0, 93.16, 0.784; GCA_018382125.1, s__Collinsella sp018382125, 95.0, 93.16, 0.784; GCA_036298225.1, s__Collinsella sp036298225, 95.0, 93.16, 0.777; GCA_902497065.1, s__Collinsella sp902497065, 95.0, 93.16, 0.776; GCA_937950325.1, s__Collinsella sp937950325, 95.01, 93.16, 0.756; GCA_938045065.1, s__Collinsella sp938045065, 95.11, 93.16, 0.715; GCA_900759565.1, s__Collinsella sp900759565, 95.0, 93.11, 0.804; GCF_039752955.1, s__Collinsella aerofaciens_BI, 95.0, 93.11, 0.78; GCA_902494715.1, s__Collinsella sp902494715, 95.0, 93.1, 0.786; GCA_900751695.1, s__Collinsella sp900751695, 95.0, 93.08, 0.804; GCA_900551555.1, s__Collinsella sp900551555, 95.0, 93.08, 0.787; GCA_900765115.1, s__Collinsella sp900765115, 95.0, 93.08, 0.752; GCA_902470265.1, s__Collinsella sp902470265, 95.0, 93.07, 0.73; GCA_900754445.1, s__Collinsella sp900754445, 95.0, 93.06, 0.785; GCA_902496375.1, s__Collinsella sp902496375, 95.0, 93.05, 0.771; GCA_905204735.1, s__Collinsella sp905204735, 95.08, 93.01, 0.763; GCA_900545605.1, s__Collinsella sp900545605, 95.0, 92.98, 0.761; GCA_902495085.1, s__Collinsella sp902495085, 95.09, 92.96, 0.754; GCF_015546965.1, s__Collinsella aerofaciens_X, 95.0, 92.73, 0.77; GCF_015548375.1, s__Collinsella aerofaciens_AB, 95.01, 92.7, 0.71"	97.02	11	N/A	N/A
myloasm_nextpolish_0942_SemiBin_296	d__Bacteria;p__Bacillota;c__Bacilli;o__Erysipelotrichales;f__Coprobacillaceae;g__Faecalibacillus;s__Faecalibacillus intestinalis	GCF_003024685.1	95	d__Bacteria;p__Bacillota;c__Bacilli;o__Erysipelotrichales;f__Coprobacillaceae;g__Faecalibacillus;s__Faecalibacillus intestinalis	98.59	0.869	GCF_003024685.1	95	d__Bacteria;p__Bacillota;c__Bacilli;o__Erysipelotrichales;f__Coprobacillaceae;g__Faecalibacillus;s__Faecalibacillus intestinalis	98.59	0.869	d__Bacteria;p__Bacillota;c__Bacilli;o__Erysipelotrichales;f__Coprobacillaceae;g__Faecalibacillus;s__	taxonomic classification defined by topology and ANI	topological placement and ANI have congruent species assignments	"GCA_958421935.1, s__Faecalibacillus sp900544435, 95.0, 92.22, 0.712; GCA_963618275.1, s__Faecalibacillus sp963618275, 95.0, 90.53, 0.599; GCF_003024675.1, s__Faecalibacillus faecis, 95.0, 90.49, 0.616; GCA_030540195.1, s__Faecalibacillus sp030540195, 95.0, 89.3, 0.534"	93.03	11	N/A	N/A
myloasm_nextpolish_0942_SemiBin_304	d__Bacteria;p__Bacillota;c__Clostridia;o__Oscillospirales;f__Ruminococcaceae;g__Gemmiger;s__Gemmiger formicilis	GCF_900167555.1	95	d__Bacteria;p__Bacillota;c__Clostridia;o__Oscillospirales;f__Ruminococcaceae;g__Gemmiger;s__Gemmiger formicilis	96.67	0.792	GCF_900167555.1	95	d__Bacteria;p__Bacillota;c__Clostridia;o__Oscillospirales;f__Ruminococcaceae;g__Gemmiger;s__Gemmiger formicilis	96.67	0.792	d__Bacteria;p__Bacillota;c__Clostridia;o__Oscillospirales;f__Ruminococcaceae;g__Gemmiger;s__	taxonomic classification defined by topology and ANI	topological placement and ANI have congruent species assignments	"GCA_025757985.1, s__Gemmiger sp900540595, 95.0, 88.93, 0.51; GCF_018784445.1, s__Gemmiger sp900540775, 95.0, 88.37, 0.475; GCA_934502625.1, s__Gemmiger sp934502625, 95.0, 87.32, 0.484; GCF_024462815.1, s__Gemmiger sp900554145, 95.0, 86.5, 0.42; GCA_025758045.1, s__Gemmiger sp900539695, 95.0, 84.68, 0.253; GCA_004554775.1, s__Gemmiger variabilis_B, 95.0, 83.13, 0.231; GCF_934561205.1, s__Gemmiger sp934561205, 95.0, 82.65, 0.221; GCA_934529095.1, s__Gemmiger sp934529095, 95.18, 82.49, 0.198; GCA_963588145.1, s__Gemmiger sp963588145, 95.0, 82.06, 0.184; GCA_963655125.1, s__Gemmiger sp963655125, 95.0, 81.89, 0.187; GCA_004552305.1, s__Gemmiger variabilis_A, 95.0, 81.42, 0.189"	97.28	11	N/A	N/A
myloasm_nextpolish_0942_SemiBin_36	d__Bacteria;p__Bacillota;c__Clostridia;o__Lachnospirales;f__Lachnospiraceae;g__Pilosibacter;s__Pilosibacter sp900066785	GCA_003478035.1	95	d__Bacteria;p__Bacillota;c__Clostridia;o__Lachnospirales;f__Lachnospiraceae;g__Pilosibacter;s__Pilosibacter sp900066785	98.12	0.879	GCA_003478035.1	95	d__Bacteria;p__Bacillota;c__Clostridia;o__Lachnospirales;f__Lachnospiraceae;g__Pilosibacter;s__Pilosibacter sp900066785	98.12	0.879	d__Bacteria;p__Bacillota;c__Clostridia;o__Lachnospirales;f__Lachnospiraceae;g__Pilosibacter;s__	taxonomic classification defined by topology and ANI	topological placement and ANI have congruent species assignments	"GCA_003480435.1, s__Pilosibacter sp900066055, 95.0, 88.34, 0.465; GCF_032490495.1, s__Pilosibacter fragilis, 95.0, 87.43, 0.41; GCA_934370915.1, s__Pilosibacter sp934370915, 95.0, 87.12, 0.319; GCA_902496665.1, s__Pilosibacter sp902496665, 95.0, 86.82, 0.411; GCA_963622995.1, s__Pilosibacter sp963622995, 95.0, 85.28, 0.351; GCA_963646925.1, s__Pilosibacter sp963646925, 95.0, 85.23, 0.358"	40.49	11	N/A	N/A
myloasm_nextpolish_0942_SemiBin_74	d__Bacteria;p__Bacillota;c__Clostridia;o__Lachnospirales;f__Lachnospiraceae;g__Otoolea;s__Otoolea fessa	GCF_003024715.1	95	d__Bacteria;p__Bacillota;c__Clostridia;o__Lachnospirales;f__Lachnospiraceae;g__Otoolea;s__Otoolea fessa	98.26	0.845	GCF_003024715.1	95	d__Bacteria;p__Bacillota;c__Clostridia;o__Lachnospirales;f__Lachnospiraceae;g__Otoolea;s__Otoolea fessa	98.26	0.845	d__Bacteria;p__Bacillota;c__Clostridia;o__Lachnospirales;f__Lachnospiraceae;g__Otoolea;s__	taxonomic classification defined by topology and ANI	topological placement and ANI have congruent species assignments	N/A	94.72	11	N/A	N/A
myloasm_nextpolish_0942_SemiBin_82	d__Bacteria;p__Fusobacteriota;c__Fusobacteriia;o__Fusobacteriales;f__Fusobacteriaceae;g__Fusobacterium_A;s__Fusobacterium_A varium	GCA_900637705.1	95	d__Bacteria;p__Fusobacteriota;c__Fusobacteriia;o__Fusobacteriales;f__Fusobacteriaceae;g__Fusobacterium_A;s__Fusobacterium_A varium	98.83	0.867	GCA_900637705.1	95	d__Bacteria;p__Fusobacteriota;c__Fusobacteriia;o__Fusobacteriales;f__Fusobacteriaceae;g__Fusobacterium_A;s__Fusobacterium_A varium	98.83	0.867	d__Bacteria;p__Fusobacteriota;c__Fusobacteriia;o__Fusobacteriales;f__Fusobacteriaceae;g__Fusobacterium_A;s__	taxonomic classification defined by topology and ANI	topological placement and ANI have congruent species assignments	"GCA_002356455.1, s__Fusobacterium_A varium_A, 95.0, 89.96, 0.712; GCF_900683735.1, s__Fusobacterium_A ulcerans_A, 95.0, 89.5, 0.695; GCA_040395555.1, s__Fusobacterium_A ulcerans_B, 95.0, 89.48, 0.383; GCF_032477075.1, s__Fusobacterium_A sp032477075, 95.0, 89.02, 0.626; GCF_003019675.1, s__Fusobacterium_A ulcerans, 95.0, 88.5, 0.622"	52.12	11	N/A	N/A
myloasm_nextpolish_0942_SemiBin_85	d__Bacteria;p__Bacillota;c__Bacilli;o__Lactobacillales;f__Enterococcaceae;g__Enterococcus_B;s__Enterococcus_B faecium	GCF_029023785.1	95	d__Bacteria;p__Bacillota;c__Bacilli;o__Lactobacillales;f__Enterococcaceae;g__Enterococcus_B;s__Enterococcus_B faecium	99.45	0.947	GCF_029023785.1	95	d__Bacteria;p__Bacillota;c__Bacilli;o__Lactobacillales;f__Enterococcaceae;g__Enterococcus_B;s__Enterococcus_B faecium	99.45	0.947	d__Bacteria;p__Bacillota;c__Bacilli;o__Lactobacillales;f__Enterococcaceae;g__Enterococcus_B;s__	taxonomic classification defined by topology and ANI	topological placement and ANI have congruent species assignments	"GCF_015751045.1, s__Enterococcus_B lactis, 95.0, 94.11, 0.838; GCF_011038845.1, s__Enterococcus_B sp011038845, 95.0, 80.9, 0.17"	93.49	11	N/A	N/A
myloasm_nextpolish_0942_SemiBin_90	d__Bacteria;p__Bacteroidota;c__Bacteroidia;o__Bacteroidales;f__Barnesiellaceae;g__Barnesiella;s__Barnesiella intestinihominis	GCF_000296465.1	95	d__Bacteria;p__Bacteroidota;c__Bacteroidia;o__Bacteroidales;f__Barnesiellaceae;g__Barnesiella;s__Barnesiella intestinihominis	97.97	0.937	GCF_000296465.1	95	d__Bacteria;p__Bacteroidota;c__Bacteroidia;o__Bacteroidales;f__Barnesiellaceae;g__Barnesiella;s__Barnesiella intestinihominis	97.97	0.937	d__Bacteria;p__Bacteroidota;c__Bacteroidia;o__Bacteroidales;f__Barnesiellaceae;g__Barnesiella;s__	taxonomic classification defined by topology and ANI	topological placement and ANI have congruent species assignments	N/A	54.37	11	N/A	N/A
myloasm_nextpolish_4143_SemiBin_103	d__Bacteria;p__Bacillota;c__Clostridia;o__Lachnospirales;f__Lachnospiraceae;g__Coprococcus;s__Coprococcus sp000433075	GCF_003482105.1	95	d__Bacteria;p__Bacillota;c__Clostridia;o__Lachnospirales;f__Lachnospiraceae;g__Coprococcus;s__Coprococcus sp000433075	98.06	0.858	GCF_003482105.1	95	d__Bacteria;p__Bacillota;c__Clostridia;o__Lachnospirales;f__Lachnospiraceae;g__Coprococcus;s__Coprococcus sp000433075	98.06	0.858	d__Bacteria;p__Bacillota;c__Clostridia;o__Lachnospirales;f__Lachnospiraceae;g__Coprococcus;s__	taxonomic classification defined by topology and ANI	topological placement and ANI have congruent species assignments	N/A	93.55	11	N/A	N/A
myloasm_nextpolish_4143_SemiBin_109	d__Bacteria;p__Bacillota;c__Clostridia;o__Lachnospirales;f__Lachnospiraceae;g__Limivivens;s__Limivivens sp905214955	GCA_905214955.1	95	d__Bacteria;p__Bacillota;c__Clostridia;o__Lachnospirales;f__Lachnospiraceae;g__Limivivens;s__Limivivens sp905214955	98.88	0.863	GCA_905214955.1	95	d__Bacteria;p__Bacillota;c__Clostridia;o__Lachnospirales;f__Lachnospiraceae;g__Limivivens;s__Limivivens sp905214955	98.88	0.863	d__Bacteria;p__Bacillota;c__Clostridia;o__Lachnospirales;f__Lachnospiraceae;g__Limivivens;s__	taxonomic classification defined by topology and ANI	topological placement and ANI have congruent species assignments	N/A	57.05	11	N/A	N/A
myloasm_nextpolish_4143_SemiBin_119	d__Bacteria;p__Bacillota;c__Clostridia;o__Oscillospirales;f__Oscillospiraceae;g__Vescimonas;s__Vescimonas cirricatena	GCF_020687045.1	95	d__Bacteria;p__Bacillota;c__Clostridia;o__Oscillospirales;f__Oscillospiraceae;g__Vescimonas;s__Vescimonas cirricatena	96.76	0.868	GCF_020687045.1	95	d__Bacteria;p__Bacillota;c__Clostridia;o__Oscillospirales;f__Oscillospiraceae;g__Vescimonas;s__Vescimonas cirricatena	96.76	0.868	d__Bacteria;p__Bacillota;c__Clostridia;o__Oscillospirales;f__Oscillospiraceae;g__Vescimonas;s__	taxonomic classification defined by topology and ANI	topological placement and ANI have congruent species assignments	"GCA_000435975.1, s__Vescimonas sp000435975, 95.0, 90.88, 0.617; GCF_018408575.1, s__Vescimonas coprocola, 95.0, 82.91, 0.205"	69.3	11	N/A	N/A
myloasm_nextpolish_4143_SemiBin_140	d__Bacteria;p__Bacillota;c__Clostridia;o__Christensenellales;f__Aristaeellaceae;g__Ventricola;s__Ventricola sp900542395	GCA_900542395.1	95	d__Bacteria;p__Bacillota;c__Clostridia;o__Christensenellales;f__Aristaeellaceae;g__Ventricola;s__Ventricola sp900542395	95.69	0.689	GCA_900542395.1	95	d__Bacteria;p__Bacillota;c__Clostridia;o__Christensenellales;f__Aristaeellaceae;g__Ventricola;s__Ventricola sp900542395	95.69	0.689	d__Bacteria;p__Bacillota;c__Clostridia;o__Christensenellales;f__Aristaeellaceae;g__Ventricola;s__	taxonomic classification defined by topology and ANI	topological placement and ANI have congruent species assignments	"GCA_900542445.1, s__Ventricola sp900542445, 95.0, 91.46, 0.599; GCA_934630975.1, s__Ventricola sp934630975, 95.0, 89.07, 0.518; GCA_934636105.1, s__Ventricola sp934636105, 95.0, 88.0, 0.466; GCA_934675735.1, s__Ventricola sp934675735, 95.0, 87.78, 0.437; GCA_900548125.1, s__Ventricola sp900548125, 95.0, 83.76, 0.156; GCA_934643825.1, s__Ventricola sp934643825, 95.0, 82.91, 0.157; GCA_934631055.1, s__Ventricola sp934631055, 95.0, 82.86, 0.161"	45.67	11	N/A	N/A
myloasm_nextpolish_4143_SemiBin_162	d__Bacteria;p__Bacillota;c__Clostridia;o__Oscillospirales;f__Oscillospiraceae;g__Oscillibacter;s__Oscillibacter welbionis	GCF_005121165.3	95	d__Bacteria;p__Bacillota;c__Clostridia;o__Oscillospirales;f__Oscillospiraceae;g__Oscillibacter;s__Oscillibacter welbionis	99.25	0.948	GCF_005121165.3	95	d__Bacteria;p__Bacillota;c__Clostridia;o__Oscillospirales;f__Oscillospiraceae;g__Oscillibacter;s__Oscillibacter welbionis	99.25	0.948	d__Bacteria;p__Bacillota;c__Clostridia;o__Oscillospirales;f__Oscillospiraceae;g__Oscillibacter;s__	taxonomic classification defined by topology and ANI	topological placement and ANI have congruent species assignments	"GCA_019118935.1, s__Oscillibacter pullicola, 95.0, 93.44, 0.801; GCA_019118505.1, s__Oscillibacter excrementavium, 95.0, 87.84, 0.555; GCA_019118245.1, s__Oscillibacter excrementigallinarum, 95.0, 87.64, 0.596; GCA_019119105.1, s__Oscillibacter avistercoris, 95.0, 87.55, 0.5; GCA_946494635.1, s__Oscillibacter sp946494635, 95.0, 86.47, 0.279; GCA_944382995.1, s__Oscillibacter sp944382995, 95.0, 85.43, 0.336; GCA_018228705.1, s__Oscillibacter sp018228705, 95.0, 83.16, 0.26; GCA_945873695.1, s__Oscillibacter sp945873695, 95.0, 82.13, 0.162; GCA_944387015.1, s__Oscillibacter sp944387015, 95.0, 82.0, 0.181; GCF_902476875.1, s__Oscillibacter sp902476875, 95.0, 81.67, 0.159; GCF_947625655.1, s__Oscillibacter sp947625655, 95.0, 81.4, 0.155; GCF_900544955.1, s__Oscillibacter sp900544955, 95.0, 81.28, 0.157; GCA_036321865.1, s__Oscillibacter sp905200545, 95.0, 81.25, 0.184; GCF_900770295.1, s__Oscillibacter sp900770295, 95.0, 81.2, 0.162"	75.28	11	N/A	N/A
myloasm_nextpolish_4143_SemiBin_167	d__Bacteria;p__Bacillota;c__Clostridia;o__Peptostreptococcales;f__Anaerovoracaceae;g__CAG-238;s__CAG-238 sp900542245	GCA_900542245.1	95	d__Bacteria;p__Bacillota;c__Clostridia;o__Peptostreptococcales;f__Anaerovoracaceae;g__CAG-238;s__CAG-238 sp900542245	96.72	0.608	GCA_900542245.1	95	d__Bacteria;p__Bacillota;c__Clostridia;o__Peptostreptococcales;f__Anaerovoracaceae;g__CAG-238;s__CAG-238 sp900542245	96.72	0.608	d__Bacteria;p__Bacillota;c__Clostridia;o__Peptostreptococcales;f__Anaerovoracaceae;g__CAG-238;s__	taxonomic classification defined by topology and ANI	topological placement and ANI have congruent species assignments	"GCA_900551415.1, s__CAG-238 sp900551415, 95.0, 89.09, 0.337; GCA_934271235.1, s__CAG-238 sp934271235, 95.0, 84.3, 0.188"	48.09	11	N/A	N/A
myloasm_nextpolish_4143_SemiBin_19	d__Bacteria;p__Bacillota;c__Clostridia;o__Oscillospirales;f__Oscillospiraceae;g__CAG-170;s__CAG-170 sp900553545	GCA_900553545.1	95	d__Bacteria;p__Bacillota;c__Clostridia;o__Oscillospirales;f__Oscillospiraceae;g__CAG-170;s__CAG-170 sp900553545	98.16	0.74	GCA_900553545.1	95	d__Bacteria;p__Bacillota;c__Clostridia;o__Oscillospirales;f__Oscillospiraceae;g__CAG-170;s__CAG-170 sp900553545	98.16	0.74	d__Bacteria;p__Bacillota;c__Clostridia;o__Oscillospirales;f__Oscillospiraceae;g__CAG-170;s__	taxonomic classification defined by topology and ANI	topological placement and ANI have congruent species assignments	"GCA_905214155.1, s__CAG-170 sp905214155, 95.0, 92.94, 0.539; GCA_900555665.1, s__CAG-170 sp900555665, 95.0, 86.31, 0.311; GCA_002298695.1, s__CAG-170 sp002298695, 95.0, 85.63, 0.273; GCA_934661135.1, s__CAG-170 sp934661135, 95.0, 83.44, 0.227"	70.95	11	N/A	N/A
myloasm_nextpolish_4143_SemiBin_2	d__Bacteria;p__Bacillota;c__Clostridia;o__Lachnospirales;f__Lachnospiraceae;g__Blautia_A;s__	N/A	N/A	N/A	N/A	N/A	N/A	N/A	N/A	N/A	N/A	d__Bacteria;p__Bacillota;c__Clostridia;o__Lachnospirales;f__Lachnospiraceae;g__Blautia_A;s__	taxonomic classification defined by topology and ANI	classification based on placement in class-level tree	"GCF_033096465.1, s__Blautia_A luti, 95.0, 94.23, 0.538; GCF_014297245.1, s__Blautia_A difficilis, 95.0, 91.62, 0.39; GCA_934426285.1, s__Blautia_A sp934426285, 95.0, 90.11, 0.312; GCF_013300825.1, s__Blautia_A wexlerae_B, 95.0, 85.45, 0.215; GCA_003471165.1, s__Blautia_A sp003471165, 95.0, 85.28, 0.227; GCF_025148125.1, s__Blautia_A wexlerae, 95.13, 85.24, 0.195; GCF_018919065.1, s__Blautia_A sp018919065, 95.0, 84.76, 0.171; GCF_934416185.1, s__Blautia_A sp934416185, 95.0, 83.96, 0.168; GCA_003477525.1, s__Blautia_A sp003477525, 95.0, 83.79, 0.168; GCA_934409175.1, s__Blautia_A sp934409175, 95.0, 83.07, 0.197"	34.45	11	0.98654	Genome not assigned to closest species as it falls outside its pre-defined ANI radius;Genome has more than 11.7% of markers with multiple hits
myloasm_nextpolish_4143_SemiBin_226	d__Bacteria;p__Bacillota;c__Clostridia;o__Oscillospirales;f__Oscillospiraceae;g__Oscillibacter;s__Oscillibacter faecalis_A	GCF_029218125.1	95	d__Bacteria;p__Bacillota;c__Clostridia;o__Oscillospirales;f__Oscillospiraceae;g__Oscillibacter;s__Oscillibacter faecalis_A	98.11	0.896	GCF_029218125.1	95	d__Bacteria;p__Bacillota;c__Clostridia;o__Oscillospirales;f__Oscillospiraceae;g__Oscillibacter;s__Oscillibacter faecalis_A	98.11	0.896	d__Bacteria;p__Bacillota;c__Clostridia;o__Oscillospirales;f__Oscillospiraceae;g__Oscillibacter;s__	taxonomic classification defined by topology and ANI	topological placement and ANI have congruent species assignments	"GCF_014297285.1, s__Oscillibacter segnis, 95.0, 84.13, 0.286; GCA_900544105.1, s__Oscillibacter sp900544105, 95.0, 83.47, 0.214; GCA_900550685.1, s__Oscillibacter sp900550685, 95.0, 82.11, 0.189; GCA_900544615.1, s__Oscillibacter sp900544615, 95.0, 81.23, 0.178"	37.75	11	N/A	N/A
myloasm_nextpolish_4143_SemiBin_46	d__Bacteria;p__Bacillota;c__Clostridia;o__Peptostreptococcales;f__Anaerovoracaceae;g__Lentihominibacter;s__Lentihominibacter excrementipullorum	GCA_018713975.1	95	d__Bacteria;p__Bacillota;c__Clostridia;o__Peptostreptococcales;f__Anaerovoracaceae;g__Lentihominibacter;s__Lentihominibacter excrementipullorum	98.7	0.682	GCA_018713975.1	95	d__Bacteria;p__Bacillota;c__Clostridia;o__Peptostreptococcales;f__Anaerovoracaceae;g__Lentihominibacter;s__Lentihominibacter excrementipullorum	98.7	0.682	d__Bacteria;p__Bacillota;c__Clostridia;o__Peptostreptococcales;f__Anaerovoracaceae;g__Lentihominibacter;s__	taxonomic classification defined by topology and ANI	topological placement and ANI have congruent species assignments	N/A	66.78	11	N/A	N/A
myloasm_nextpolish_4143_SemiBin_503	d__Bacteria;p__Actinomycetota;c__Actinomycetes;o__Actinomycetales;f__Bifidobacteriaceae;g__Bifidobacterium;s__Bifidobacterium bifidum	GCF_001025135.1	95	d__Bacteria;p__Actinomycetota;c__Actinomycetes;o__Actinomycetales;f__Bifidobacteriaceae;g__Bifidobacterium;s__Bifidobacterium bifidum	98.75	0.932	GCF_001025135.1	95	d__Bacteria;p__Actinomycetota;c__Actinomycetes;o__Actinomycetales;f__Bifidobacteriaceae;g__Bifidobacterium;s__Bifidobacterium bifidum	98.75	0.932	d__Bacteria;p__Actinomycetota;c__Actinomycetes;o__Actinomycetales;f__Bifidobacteriaceae;g__Bifidobacterium;s__	taxonomic classification defined by topology and ANI	topological placement and ANI have congruent species assignments	"GCF_009193355.1, s__Bifidobacterium leontopitheci, 95.0, 82.21, 0.198; GCF_001042635.1, s__Bifidobacterium scardovii, 95.0, 81.67, 0.151"	96.01	11	N/A	N/A
myloasm_nextpolish_4143_SemiBin_509	d__Bacteria;p__Actinomycetota;c__Coriobacteriia;o__Coriobacteriales;f__Coriobacteriaceae;g__Collinsella;s__	N/A	N/A	N/A	N/A	N/A	N/A	N/A	N/A	N/A	N/A	d__Bacteria;p__Actinomycetota;c__Coriobacteriia;o__Coriobacteriales;f__Coriobacteriaceae;g__Collinsella;s__	taxonomic classification defined by topology and ANI	classification based on placement in class-level tree	"GCA_900542335.1, s__Collinsella sp900542335, 95.0, 94.47, 0.834; GCA_902479075.1, s__Collinsella sp902479075, 95.06, 94.2, 0.817; GCA_902472315.1, s__Collinsella sp902472315, 95.0, 93.88, 0.825; GCA_902479205.1, s__Collinsella sp902479205, 95.0, 93.65, 0.777; GCA_902491895.1, s__Collinsella sp902491895, 95.0, 93.21, 0.821; GCA_900543845.1, s__Collinsella sp900543845, 95.0, 93.17, 0.787; GCA_902497065.1, s__Collinsella sp902497065, 95.0, 93.16, 0.78; GCA_958348225.1, s__Collinsella sp958348225, 95.0, 93.11, 0.794; GCA_902493835.1, s__Collinsella sp902493835, 95.0, 93.04, 0.778; GCA_900542635.1, s__Collinsella sp900542635, 95.0, 92.96, 0.78; GCA_902474885.1, s__Collinsella sp900754745, 95.0, 92.93, 0.753; GCA_900751665.1, s__Collinsella sp900751665, 95.0, 92.9, 0.761; GCA_905209765.1, s__Collinsella sp905209765, 95.0, 92.89, 0.745; GCA_958424475.1, s__Collinsella sp958424475, 95.25, 92.88, 0.734; GCA_963634045.1, s__Collinsella sp963634045, 95.15, 92.86, 0.788; GCA_008668795.1, s__Collinsella aerofaciens_AS, 95.0, 92.84, 0.659; GCA_958441355.1, s__Collinsella sp958441355, 95.28, 92.77, 0.787; GCA_900546425.1, s__Collinsella sp900546425, 95.0, 92.77, 0.741; GCA_902495265.1, s__Collinsella sp902495265, 95.0, 92.77, 0.737; GCA_902494545.1, s__Collinsella sp902494545, 95.2, 92.77, 0.734; GCA_900764415.1, s__Collinsella sp900764415, 95.13, 92.77, 0.692; GCA_937934165.1, s__Collinsella sp937934165, 95.08, 92.71, 0.742; GCA_900756765.1, s__Collinsella sp900756765, 95.0, 92.7, 0.785; GCA_900542165.1, s__Collinsella sp900542165, 95.01, 92.7, 0.775; GCA_900758475.1, s__Collinsella sp900758475, 95.0, 92.7, 0.77; GCA_900752475.1, s__Collinsella sp900752475, 95.0, 92.68, 0.753; GCA_900550515.1, s__Collinsella sp900550515, 95.01, 92.66, 0.75; GCA_905202145.1, s__Collinsella sp905202145, 95.0, 92.66, 0.746; GCA_036550515.1, s__Collinsella sp036550515, 95.0, 92.63, 0.768; GCA_900761945.1, s__Collinsella sp900761945, 95.0, 92.62, 0.717; GCA_902465265.1, s__Collinsella sp902465265, 95.0, 92.61, 0.792; GCA_902470345.1, s__Collinsella sp902470345, 95.0, 92.61, 0.762; GCA_900552345.1, s__Collinsella sp900552345, 95.0, 92.61, 0.74; GCA_905215865.1, s__Collinsella sp905215865, 95.12, 92.58, 0.745; GCA_905196265.1, s__Collinsella sp905196265, 95.42, 92.58, 0.711; GCA_900551655.1, s__Collinsella sp900551655, 95.0, 92.56, 0.695; GCA_902482045.1, s__Collinsella sp902482045, 95.0, 92.55, 0.717; GCA_947003675.1, s__Collinsella sp947003675, 95.0, 92.51, 0.726; GCA_902479145.1, s__Collinsella sp902479145, 95.46, 92.5, 0.763; GCA_900762405.1, s__Collinsella sp900762405, 95.0, 92.49, 0.76; GCA_900548265.1, s__Collinsella sp900548265, 95.0, 92.48, 0.783; GCA_937925715.1, s__Collinsella sp937925715, 95.13, 92.48, 0.722; GCA_937981515.1, s__Collinsella sp937981515, 95.0, 92.48, 0.718; GCF_040910245.1, s__Collinsella sp902494175, 95.32, 92.46, 0.725; GCA_905199455.1, s__Collinsella aerofaciens_AW, 95.3, 92.41, 0.745; GCA_900556205.1, s__Collinsella sp900556205, 95.0, 92.4, 0.744; GCF_964239575.1, s__Collinsella aerofaciens_BQ, 95.02, 92.4, 0.728; GCA_031292915.1, s__Collinsella sp031292915, 95.0, 92.39, 0.776; GCA_958427975.1, s__Collinsella sp958427975, 95.0, 92.39, 0.775; GCA_900759435.1, s__Collinsella sp900759435, 95.0, 92.33, 0.711; GCA_900541745.1, s__Collinsella sp900541745, 95.0, 92.32, 0.768; GCA_900543595.1, s__Collinsella sp900543595, 95.0, 92.31, 0.749; GCA_036304385.1, s__Collinsella sp036304385, 95.0, 92.3, 0.779; GCA_958452935.1, s__Collinsella sp958452935, 95.33, 92.3, 0.723; GCA_902490305.1, s__Collinsella sp902490305, 95.0, 92.29, 0.752; GCF_040092405.1, s__Collinsella sp040092405, 95.0, 92.29, 0.744; GCA_900545605.1, s__Collinsella sp900545605, 95.0, 92.29, 0.741; GCA_900551815.1, s__Collinsella sp900551815, 95.0, 92.28, 0.765; GCA_958365315.1, s__Collinsella sp958365315, 95.0, 92.25, 0.757; GCA_958431945.1, s__Collinsella sp958431945, 95.0, 92.24, 0.709; GCA_937989885.1, s__Collinsella sp937989885, 95.47, 92.23, 0.711; GCA_902478365.1, s__Collinsella sp902478365, 95.0, 92.22, 0.76; GCA_905204735.1, s__Collinsella sp905204735, 95.08, 92.21, 0.741; GCF_018785265.1, s__Collinsella aerofaciens_AI, 95.01, 92.2, 0.748; GCA_018382125.1, s__Collinsella sp018382125, 95.0, 92.2, 0.74; GCF_964259375.1, s__Collinsella aerofaciens_BO, 95.0, 92.18, 0.754; GCA_900556875.1, s__Collinsella sp900556875, 95.24, 92.18, 0.745; GCF_040098065.1, s__Collinsella sp040098065, 95.29, 92.16, 0.712; GCA_959019775.1, s__Collinsella sp959019775, 95.0, 92.14, 0.748; GCA_958370785.1, s__Collinsella sp958370785, 95.0, 92.13, 0.736; GCA_900544725.1, s__Collinsella sp900544725, 95.0, 92.11, 0.793; GCA_958372035.1, s__Collinsella sp958372035, 95.0, 92.1, 0.69; GCA_958347015.1, s__Collinsella sp958347015, 95.2, 92.08, 0.757; GCA_022739635.1, s__Collinsella sp022739635, 95.0, 92.05, 0.73; GCF_039062385.1, s__Collinsella sp937969105, 95.0, 92.03, 0.735; GCA_963621725.1, s__Collinsella sp963621725, 95.13, 92.01, 0.724; GCA_905200715.1, s__Collinsella sp905200715, 95.13, 92.0, 0.721; GCA_958369225.1, s__Collinsella sp958369225, 95.0, 91.97, 0.746; GCA_900765185.1, s__Collinsella sp900765185, 95.0, 91.94, 0.703; GCA_900541785.1, s__Collinsella sp900541785, 95.0, 91.93, 0.762; GCA_934630735.1, s__Collinsella sp934630735, 95.0, 91.93, 0.731; GCA_905199225.1, s__Collinsella sp900554665, 95.0, 91.93, 0.725; GCA_900542155.1, s__Collinsella sp900542155, 95.0, 91.85, 0.753; GCA_905216105.1, s__Collinsella sp905216105, 95.0, 91.75, 0.722; GCA_900767675.1, s__Collinsella sp900767675, 95.0, 91.75, 0.718; GCA_902406155.1, s__Collinsella sp900554155, 95.0, 91.74, 0.724; GCA_958447915.1, s__Collinsella sp958447915, 95.0, 91.7, 0.694; GCA_900757495.1, s__Collinsella sp900757495, 95.0, 91.65, 0.729; GCA_958348565.1, s__Collinsella sp958348565, 95.0, 91.62, 0.683; GCA_019414055.1, s__Collinsella sp019414055, 95.0, 91.58, 0.735; GCA_900548075.1, s__Collinsella sp900548075, 95.0, 91.53, 0.739; GCA_937995345.1, s__Collinsella sp937995345, 95.0, 91.52, 0.74; GCA_900768265.1, s__Collinsella sp900768265, 95.0, 91.51, 0.703; GCA_902496645.1, s__Collinsella sp902496645, 95.0, 91.5, 0.719; GCA_963599935.1, s__Collinsella sp963599935, 95.0, 91.32, 0.661; GCA_937930475.1, s__Collinsella sp937930475, 95.0, 91.11, 0.631; GCF_901212495.1, s__Collinsella aerofaciens_H, 95.0, 90.89, 0.692; GCA_937949355.1, s__Collinsella sp937949355, 95.0, 90.86, 0.692; GCA_934654775.1, s__Collinsella sp934654775, 95.0, 90.77, 0.69; GCA_934650975.1, s__Collinsella sp934650975, 95.0, 89.84, 0.638"	97.22	11	0.99673	Genome not assigned to closest species as it falls outside its pre-defined ANI radius
myloasm_nextpolish_4143_SemiBin_67	d__Bacteria;p__Desulfobacterota_I;c__Desulfovibrionia;o__Desulfovibrionales;f__Desulfovibrionaceae;g__Desulfovibrio;s__Desulfovibrio sp900319575	GCA_900319575.1	95	d__Bacteria;p__Desulfobacterota_I;c__Desulfovibrionia;o__Desulfovibrionales;f__Desulfovibrionaceae;g__Desulfovibrio;s__Desulfovibrio sp900319575	98.23	0.946	GCA_900319575.1	95	d__Bacteria;p__Desulfobacterota_I;c__Desulfovibrionia;o__Desulfovibrionales;f__Desulfovibrionaceae;g__Desulfovibrio;s__Desulfovibrio sp900319575	98.23	0.946	d__Bacteria;p__Desulfobacterota_I;c__Desulfovibrionia;o__Desulfovibrionales;f__Desulfovibrionaceae;g__Desulfovibrio;s__	taxonomic classification defined by topology and ANI	topological placement and ANI have congruent species assignments	"GCA_900546145.1, s__Desulfovibrio sp900546145, 95.0, 93.99, 0.893"	92.67	11	N/A	N/A
myloasm_nextpolish_4143_SemiBin_98	d__Bacteria;p__Bacillota;c__Clostridia;o__Oscillospirales;f__Ruminococcaceae;g__Faecalibacterium;s__Faecalibacterium sp900539945	GCA_025757845.1	95	d__Bacteria;p__Bacillota;c__Clostridia;o__Oscillospirales;f__Ruminococcaceae;g__Faecalibacterium;s__Faecalibacterium sp900539945	97.38	0.869	GCA_025757845.1	95	d__Bacteria;p__Bacillota;c__Clostridia;o__Oscillospirales;f__Ruminococcaceae;g__Faecalibacterium;s__Faecalibacterium sp900539945	97.38	0.869	d__Bacteria;p__Bacillota;c__Clostridia;o__Oscillospirales;f__Ruminococcaceae;g__Faecalibacterium;s__	taxonomic classification defined by topology and ANI	topological placement and ANI have congruent species assignments	"GCA_902463905.1, s__Faecalibacterium sp902463905, 95.0, 92.71, 0.622; GCA_934525845.1, s__Faecalibacterium sp934525845, 95.0, 87.98, 0.488; GCF_002549775.1, s__Faecalibacterium prausnitzii_F, 95.0, 87.25, 0.481; GCA_900765705.1, s__Faecalibacterium sp900765705, 95.0, 86.58, 0.334; GCF_036632915.2, s__Faecalibacterium taiwanense, 95.0, 86.54, 0.443; GCA_900765105.1, s__Faecalibacterium sp900765105, 95.0, 86.53, 0.428; GCF_023347535.1, s__Faecalibacterium wellingii, 95.0, 86.32, 0.418; GCF_023347295.1, s__Faecalibacterium sp003449675, 95.0, 86.25, 0.408; GCA_934561485.1, s__Faecalibacterium sp934561485, 95.0, 86.08, 0.422; GCA_934525735.1, s__Faecalibacterium sp934525735, 95.0, 86.04, 0.399; GCF_040096575.1, s__Faecalibacterium intestinale, 95.0, 86.02, 0.411; GCA_902463235.1, s__Faecalibacterium sp902463235, 95.0, 85.88, 0.309; GCF_040096515.1, s__Faecalibacterium tardum, 95.0, 85.78, 0.399; GCA_934513205.1, s__Faecalibacterium sp934513205, 95.0, 85.7, 0.351; GCF_019967995.1, s__Faecalibacterium prausnitzii_E, 95.0, 85.68, 0.364; GCF_003324185.1, s__Faecalibacterium prausnitzii, 95.0, 85.67, 0.404; GCA_963615785.1, s__Faecalibacterium sp963615785, 95.0, 85.6, 0.388; GCA_934518555.1, s__Faecalibacterium sp934518555, 95.0, 85.56, 0.395; GCA_963612415.1, s__Faecalibacterium sp963612415, 95.0, 85.54, 0.206; GCA_934561555.1, s__Faecalibacterium sp934561555, 95.0, 85.5, 0.396; GCA_963646665.1, s__Faecalibacterium sp963646665, 95.0, 85.5, 0.386; GCA_934511465.1, s__Faecalibacterium sp934511465, 95.0, 85.47, 0.35; GCA_934503275.1, s__Faecalibacterium sp934503275, 95.0, 85.4, 0.383; GCA_934524985.1, s__Faecalibacterium sp934524985, 95.0, 85.17, 0.361; GCA_963654645.1, s__Faecalibacterium sp963654645, 95.0, 85.04, 0.272; GCA_900772565.1, s__Faecalibacterium sp900772565, 95.0, 84.99, 0.383; GCF_010509575.1, s__Faecalibacterium duncaniae, 95.0, 84.97, 0.321; GCA_934525325.1, s__Faecalibacterium sp934525325, 95.0, 84.97, 0.296; GCA_905215595.1, s__Faecalibacterium sp905215595, 95.0, 84.88, 0.284; GCA_934540955.1, s__Faecalibacterium sp934540955, 95.0, 84.81, 0.356; GCA_934525405.1, s__Faecalibacterium sp934525405, 95.0, 84.79, 0.326; GCA_934539245.1, s__Faecalibacterium sp934539245, 95.0, 84.74, 0.36; GCA_934532365.1, s__Faecalibacterium sp934532365, 95.0, 84.7, 0.352; GCA_934561115.1, s__Faecalibacterium sp934561115, 95.0, 84.69, 0.319; GCA_934553285.1, s__Faecalibacterium sp934553285, 95.0, 84.64, 0.339; GCA_934501115.1, s__Faecalibacterium sp934501115, 95.0, 84.52, 0.329; GCA_934512105.1, s__Faecalibacterium sp934512105, 95.0, 84.44, 0.325; GCF_003287455.1, s__Faecalibacterium hattorii, 95.0, 84.35, 0.312; GCA_963656875.1, s__Faecalibacterium sp963656875, 95.0, 84.31, 0.344; GCA_014858325.1, s__Faecalibacterium sp014858325, 95.0, 84.23, 0.207; GCF_003287495.1, s__Faecalibacterium prausnitzii_I, 95.0, 84.13, 0.281; GCF_023347275.1, s__Faecalibacterium butyricigenerans, 95.0, 84.02, 0.28; GCA_004558805.1, s__Faecalibacterium prausnitzii_M, 95.0, 83.92, 0.351; GCA_937915335.1, s__Faecalibacterium sp937915335, 95.0, 83.75, 0.167; GCF_020687245.1, s__Faecalibacterium longum, 95.36, 83.71, 0.299; GCA_934526125.1, s__Faecalibacterium sp934526125, 95.0, 83.65, 0.274; GCA_934547065.1, s__Faecalibacterium sp934547065, 95.0, 83.29, 0.245; GCA_934514285.1, s__Faecalibacterium sp934514285, 95.0, 82.75, 0.257; GCA_934533135.1, s__Faecalibacterium sp934533135, 95.0, 82.06, 0.193; GCA_900551435.1, s__Faecalibacterium sp900551435, 95.0, 81.56, 0.203; GCA_963660925.1, s__Faecalibacterium sp963660925, 95.0, 81.43, 0.204; GCA_934548045.1, s__Faecalibacterium sp934548045, 95.0, 80.63, 0.156"	54.86	11	N/A	N/A
myloasm_nextpolish_4143_SemiBin_99	d__Bacteria;p__Bacillota;c__Clostridia;o__Oscillospirales;f__Oscillospiraceae;g__Evtepia;s__Evtepia excrementipullorum	GCA_019118615.1	95	d__Bacteria;p__Bacillota;c__Clostridia;o__Oscillospirales;f__Oscillospiraceae;g__Evtepia;s__Evtepia excrementipullorum	97.92	0.778	GCA_019118615.1	95	d__Bacteria;p__Bacillota;c__Clostridia;o__Oscillospirales;f__Oscillospiraceae;g__Evtepia;s__Evtepia excrementipullorum	97.92	0.778	d__Bacteria;p__Bacillota;c__Clostridia;o__Oscillospirales;f__Oscillospiraceae;g__Evtepia;s__	taxonomic classification defined by topology and ANI	topological placement and ANI have congruent species assignments	"GCA_019115545.1, s__Evtepia faecavium, 95.0, 89.35, 0.516; GCA_019115225.1, s__Evtepia faecigallinarum, 95.0, 84.25, 0.232; GCA_004554585.1, s__Evtepia sp004554585, 95.0, 83.06, 0.235; GCA_016296565.1, s__Evtepia sp016296565, 95.0, 82.87, 0.153; GCA_934597725.1, s__Evtepia sp934597725, 95.0, 82.63, 0.219; GCA_022764045.1, s__Evtepia sp022764045, 95.0, 82.28, 0.205; GCF_003425665.1, s__Evtepia gabavorous, 95.0, 81.69, 0.198; GCA_004551945.1, s__Evtepia sp004551945, 95.0, 81.3, 0.168; GCA_004556345.1, s__Evtepia sp004556345, 95.0, 81.08, 0.152"	81.65	11	N/A	N/A
myloasm_nextpolish_8366_SemiBin_111	d__Bacteria;p__Bacillota;c__Clostridia;o__Lachnospirales;f__Lachnospiraceae;g__Pilosibacter;s__Pilosibacter sp900066055	GCA_003480435.1	95	d__Bacteria;p__Bacillota;c__Clostridia;o__Lachnospirales;f__Lachnospiraceae;g__Pilosibacter;s__Pilosibacter sp900066055	95.74	0.642	GCA_003480435.1	95	d__Bacteria;p__Bacillota;c__Clostridia;o__Lachnospirales;f__Lachnospiraceae;g__Pilosibacter;s__Pilosibacter sp900066055	95.74	0.642	d__Bacteria;p__Bacillota;c__Clostridia;o__Lachnospirales;f__Lachnospiraceae;g__Pilosibacter;s__	taxonomic classification defined by topology and ANI	topological placement and ANI have congruent species assignments	"GCF_032490495.1, s__Pilosibacter fragilis, 95.0, 94.07, 0.549; GCA_934370915.1, s__Pilosibacter sp934370915, 95.0, 92.78, 0.471; GCA_902496665.1, s__Pilosibacter sp902496665, 95.0, 91.51, 0.513; GCA_003478035.1, s__Pilosibacter sp900066785, 95.0, 90.25, 0.437; GCA_963622995.1, s__Pilosibacter sp963622995, 95.0, 87.75, 0.356; GCA_963646925.1, s__Pilosibacter sp963646925, 95.0, 87.37, 0.331"	64.71	11	N/A	N/A
myloasm_nextpolish_8366_SemiBin_118	d__Bacteria;p__Bacillota;c__Clostridia;o__Lachnospirales;f__Lachnospiraceae;g__Otoolea;s__Otoolea sp000435655	GCA_018223375.1	95	d__Bacteria;p__Bacillota;c__Clostridia;o__Lachnospirales;f__Lachnospiraceae;g__Otoolea;s__Otoolea sp000435655	98.96	0.905	GCA_018223375.1	95	d__Bacteria;p__Bacillota;c__Clostridia;o__Lachnospirales;f__Lachnospiraceae;g__Otoolea;s__Otoolea sp000435655	98.96	0.905	d__Bacteria;p__Bacillota;c__Clostridia;o__Lachnospirales;f__Lachnospiraceae;g__Otoolea;s__	taxonomic classification defined by topology and ANI	topological placement and ANI have congruent species assignments	"GCA_958442925.1, s__Otoolea sp958442925, 95.0, 87.44, 0.443; GCA_018377235.1, s__Otoolea sp018377235, 95.0, 87.32, 0.561; GCA_027698105.1, s__Otoolea sp027698105, 95.0, 86.34, 0.501"	44.8	11	N/A	N/A
myloasm_nextpolish_8366_SemiBin_132	d__Bacteria;p__Bacillota;c__Clostridia;o__Lachnospirales;f__Lachnospiraceae;g__Lachnospira;s__Lachnospira hominis	GCF_014287955.1	95	d__Bacteria;p__Bacillota;c__Clostridia;o__Lachnospirales;f__Lachnospiraceae;g__Lachnospira;s__Lachnospira hominis	98.34	0.853	GCF_014287955.1	95	d__Bacteria;p__Bacillota;c__Clostridia;o__Lachnospirales;f__Lachnospiraceae;g__Lachnospira;s__Lachnospira hominis	98.34	0.853	d__Bacteria;p__Bacillota;c__Clostridia;o__Lachnospirales;f__Lachnospiraceae;g__Lachnospira;s__	taxonomic classification defined by topology and ANI	topological placement and ANI have congruent species assignments	N/A	89.06	11	N/A	N/A
myloasm_nextpolish_8366_SemiBin_155	d__Bacteria;p__Bacillota;c__Clostridia;o__Oscillospirales;f__Oscillospiraceae;g__Pseudoscillospira;s__Pseudoscillospira faecavium	GCA_904420565.1	95	d__Bacteria;p__Bacillota;c__Clostridia;o__Oscillospirales;f__Oscillospiraceae;g__Pseudoscillospira;s__Pseudoscillospira faecavium	95.44	0.704	GCA_904420565.1	95	d__Bacteria;p__Bacillota;c__Clostridia;o__Oscillospirales;f__Oscillospiraceae;g__Pseudoscillospira;s__Pseudoscillospira faecavium	95.44	0.704	d__Bacteria;p__Bacillota;c__Clostridia;o__Oscillospirales;f__Oscillospiraceae;g__Pseudoscillospira;s__	taxonomic classification defined by topology and ANI	topological placement and ANI have congruent species assignments	N/A	36.68	11	N/A	N/A
myloasm_nextpolish_8366_SemiBin_165	d__Bacteria;p__Desulfobacterota_I;c__Desulfovibrionia;o__Desulfovibrionales;f__Desulfovibrionaceae;g__Bilophila;s__Bilophila wadsworthia	GCF_000701705.1	95	d__Bacteria;p__Desulfobacterota_I;c__Desulfovibrionia;o__Desulfovibrionales;f__Desulfovibrionaceae;g__Bilophila;s__Bilophila wadsworthia	97.12	0.864	GCF_000701705.1	95	d__Bacteria;p__Desulfobacterota_I;c__Desulfovibrionia;o__Desulfovibrionales;f__Desulfovibrionaceae;g__Bilophila;s__Bilophila wadsworthia	97.12	0.864	d__Bacteria;p__Desulfobacterota_I;c__Desulfovibrionia;o__Desulfovibrionales;f__Desulfovibrionaceae;g__Bilophila;s__	taxonomic classification defined by topology and ANI	topological placement and ANI have congruent species assignments	"GCA_900550745.1, s__Bilophila sp900550745, 95.0, 93.12, 0.763; GCA_900553145.1, s__Bilophila sp900553145, 95.0, 90.29, 0.686; GCA_959604115.1, s__Bilophila sp959604115, 95.0, 85.65, 0.322; GCF_902373525.1, s__Bilophila sp902373525, 95.0, 84.95, 0.354; GCA_019114025.1, s__Bilophila faecipullorum, 95.0, 84.68, 0.202"	95.45	11	N/A	N/A
myloasm_nextpolish_8366_SemiBin_17	d__Bacteria;p__Bacillota;c__Clostridia;o__Lachnospirales;f__Lachnospiraceae;g__Oliverpabstia;s__Oliverpabstia faecicola	GCF_004123145.1	95	d__Bacteria;p__Bacillota;c__Clostridia;o__Lachnospirales;f__Lachnospiraceae;g__Oliverpabstia;s__Oliverpabstia faecicola	98.46	0.843	GCF_004123145.1	95	d__Bacteria;p__Bacillota;c__Clostridia;o__Lachnospirales;f__Lachnospiraceae;g__Oliverpabstia;s__Oliverpabstia faecicola	98.46	0.843	d__Bacteria;p__Bacillota;c__Clostridia;o__Lachnospirales;f__Lachnospiraceae;g__Oliverpabstia;s__	taxonomic classification defined by topology and ANI	topological placement and ANI have congruent species assignments	"GCF_009696065.1, s__Oliverpabstia intestinalis, 95.0, 91.73, 0.615; GCA_019421285.1, s__Oliverpabstia tarda, 95.0, 91.45, 0.428; GCA_934359255.1, s__Oliverpabstia sp934359255, 95.0, 90.81, 0.691"	93.03	11	N/A	N/A
myloasm_nextpolish_8366_SemiBin_33	d__Bacteria;p__Bacillota;c__Clostridia;o__Lachnospirales;f__Lachnospiraceae;g__Fusicatenibacter;s__Fusicatenibacter saccharivorans	GCF_027667425.1	95	d__Bacteria;p__Bacillota;c__Clostridia;o__Lachnospirales;f__Lachnospiraceae;g__Fusicatenibacter;s__Fusicatenibacter saccharivorans	98.58	0.821	GCF_027667425.1	95	d__Bacteria;p__Bacillota;c__Clostridia;o__Lachnospirales;f__Lachnospiraceae;g__Fusicatenibacter;s__Fusicatenibacter saccharivorans	98.58	0.821	d__Bacteria;p__Bacillota;c__Clostridia;o__Lachnospirales;f__Lachnospiraceae;g__Fusicatenibacter;s__	taxonomic classification defined by topology and ANI	topological placement and ANI have congruent species assignments	"GCA_900772675.1, s__Fusicatenibacter sp900772675, 95.0, 91.09, 0.571; GCA_963596755.1, s__Fusicatenibacter sp963596755, 95.0, 89.11, 0.516; GCA_963661155.1, s__Fusicatenibacter massiliensis_A, 95.0, 88.29, 0.51"	94.76	11	N/A	N/A
myloasm_nextpolish_8366_SemiBin_339	d__Bacteria;p__Bacillota;c__Clostridia;o__UBA1381;f__UBA1381;g__Hominilimicola;s__Hominilimicola fabiformis	GCF_020687385.1	95	d__Bacteria;p__Bacillota;c__Clostridia;o__UBA1381;f__UBA1381;g__Hominilimicola;s__Hominilimicola fabiformis	97.53	0.719	GCF_020687385.1	95	d__Bacteria;p__Bacillota;c__Clostridia;o__UBA1381;f__UBA1381;g__Hominilimicola;s__Hominilimicola fabiformis	97.53	0.719	d__Bacteria;p__Bacillota;c__Clostridia;o__UBA1381;f__UBA1381;g__Hominilimicola;s__	taxonomic classification defined by topology and ANI	topological placement and ANI have congruent species assignments	N/A	95.93	11	N/A	N/A
myloasm_nextpolish_8366_SemiBin_350	d__Bacteria;p__Bacillota;c__Clostridia;o__Oscillospirales;f__Acutalibacteraceae;g__Ruminococcoides;s__Ruminococcoides intestinihominis	GCF_040096285.1	95.45	d__Bacteria;p__Bacillota;c__Clostridia;o__Oscillospirales;f__Acutalibacteraceae;g__Ruminococcoides;s__Ruminococcoides intestinihominis	98.63	0.86	GCF_040096285.1	95.45	d__Bacteria;p__Bacillota;c__Clostridia;o__Oscillospirales;f__Acutalibacteraceae;g__Ruminococcoides;s__Ruminococcoides intestinihominis	98.63	0.86	d__Bacteria;p__Bacillota;c__Clostridia;o__Oscillospirales;f__Acutalibacteraceae;g__Ruminococcoides;s__	taxonomic classification defined by topology and ANI	topological placement and ANI have congruent species assignments	"GCF_005601135.1, s__Ruminococcoides bovis, 95.0, 94.62, 0.768"	96.53	11	N/A	N/A
myloasm_nextpolish_8366_SemiBin_363	d__Bacteria;p__Bacillota;c__Clostridia;o__Lachnospirales;f__CAG-274;g__CAG-274;s__CAG-274 sp000432155	GCA_000432155.1	95	d__Bacteria;p__Bacillota;c__Clostridia;o__Lachnospirales;f__CAG-274;g__CAG-274;s__CAG-274 sp000432155	99.22	0.942	GCA_000432155.1	95	d__Bacteria;p__Bacillota;c__Clostridia;o__Lachnospirales;f__CAG-274;g__CAG-274;s__CAG-274 sp000432155	99.22	0.942	d__Bacteria;p__Bacillota;c__Clostridia;o__Lachnospirales;f__CAG-274;g__CAG-274;s__	taxonomic classification defined by topology and ANI	topological placement and ANI have congruent species assignments	"GCA_900545305.1, s__CAG-274 sp900545305, 95.0, 93.99, 0.824"	95.97	11	N/A	N/A
myloasm_nextpolish_8366_SemiBin_381	d__Bacteria;p__Bacteroidota;c__Bacteroidia;o__Bacteroidales;f__Bacteroidaceae;g__Paraprevotella;s__Paraprevotella clara	GCF_000233955.1	95	d__Bacteria;p__Bacteroidota;c__Bacteroidia;o__Bacteroidales;f__Bacteroidaceae;g__Paraprevotella;s__Paraprevotella clara	97.08	0.765	GCF_000233955.1	95	d__Bacteria;p__Bacteroidota;c__Bacteroidia;o__Bacteroidales;f__Bacteroidaceae;g__Paraprevotella;s__Paraprevotella clara	97.08	0.765	d__Bacteria;p__Bacteroidota;c__Bacteroidia;o__Bacteroidales;f__Bacteroidaceae;g__Paraprevotella;s__	taxonomic classification defined by topology and ANI	topological placement and ANI have congruent species assignments	"GCF_000205165.1, s__Paraprevotella xylaniphila, 95.0, 92.72, 0.737"	94.82	11	N/A	N/A
myloasm_nextpolish_8366_SemiBin_51	d__Bacteria;p__Bacteroidota;c__Bacteroidia;o__Bacteroidales;f__Bacteroidaceae;g__Bacteroides;s__Bacteroides ovatus	GCF_001314995.1	95	d__Bacteria;p__Bacteroidota;c__Bacteroidia;o__Bacteroidales;f__Bacteroidaceae;g__Bacteroides;s__Bacteroides ovatus	97.08	0.723	GCF_001314995.1	95	d__Bacteria;p__Bacteroidota;c__Bacteroidia;o__Bacteroidales;f__Bacteroidaceae;g__Bacteroides;s__Bacteroides ovatus	97.08	0.723	d__Bacteria;p__Bacteroidota;c__Bacteroidia;o__Bacteroidales;f__Bacteroidaceae;g__Bacteroides;s__	taxonomic classification defined by topology and ANI	topological placement and ANI have congruent species assignments	"GCF_958387885.1, s__Bacteroides sp019412865, 95.22, 95.2, 0.719; GCA_019117555.1, s__Bacteroides intestinigallinarum, 95.0, 93.88, 0.672; GCA_900755095.1, s__Bacteroides sp900755095, 95.0, 93.16, 0.507; GCF_034291875.1, s__Bacteroides vicugnae, 95.0, 92.56, 0.642; GCF_000210075.1, s__Bacteroides xylanisolvens, 95.0, 92.13, 0.606; GCF_009193295.2, s__Bacteroides luhongzhouii, 95.0, 90.88, 0.609; GCA_948742525.1, s__Bacteroides caecimuris_A, 95.0, 89.95, 0.485; GCF_001688725.2, s__Bacteroides caecimuris, 95.89, 88.89, 0.444; GCF_041227145.1, s__Bacteroides sp041227145, 95.0, 87.77, 0.427; GCA_030295565.1, s__Bacteroides finegoldii, 95.0, 86.19, 0.32; GCF_024623065.1, s__Bacteroides acidifaciens, 95.0, 85.41, 0.336; GCF_009193325.2, s__Bacteroides zhangwenhongii, 95.83, 85.22, 0.297; GCA_900556625.1, s__Bacteroides sp900556625, 95.0, 84.18, 0.284; GCF_903181435.1, s__Bacteroides sp900765785, 95.0, 83.7, 0.313; GCF_012113595.1, s__Bacteroides faecium, 95.0, 83.3, 0.281; GCA_947038155.1, s__Bacteroides sp947038155, 95.0, 83.25, 0.281; GCF_902491285.1, s__Bacteroides sp902491285, 95.0, 83.16, 0.291; GCF_900130125.1, s__Bacteroides congonensis, 95.0, 83.11, 0.294; GCF_014750685.1, s__Bacteroides sp014750685, 95.0, 83.08, 0.289; GCF_900761785.1, s__Bacteroides sp900761785, 95.0, 82.92, 0.269; GCF_002222615.2, s__Bacteroides caccae, 95.0, 82.34, 0.256; GCA_948847595.1, s__Bacteroides sp948847595, 95.0, 81.86, 0.224; GCF_900547205.1, s__Bacteroides sp900547205, 95.0, 81.27, 0.166; GCF_900106755.1, s__Bacteroides faecis, 95.0, 80.86, 0.162; GCF_910586915.1, s__Bacteroides sp910586915, 95.0, 80.59, 0.151"	91.32	11	N/A	N/A
myloasm_nextpolish_8366_SemiBin_57	d__Bacteria;p__Bacillota;c__Clostridia;o__Christensenellales;f__QAND01;g__UMGS1975;s__UMGS1975 sp959600905	GCA_959600905.1	95	d__Bacteria;p__Bacillota;c__Clostridia;o__Christensenellales;f__QAND01;g__UMGS1975;s__UMGS1975 sp959600905	99.37	0.897	GCA_959600905.1	95	d__Bacteria;p__Bacillota;c__Clostridia;o__Christensenellales;f__QAND01;g__UMGS1975;s__UMGS1975 sp959600905	99.37	0.897	d__Bacteria;p__Bacillota;c__Clostridia;o__Christensenellales;f__QAND01;g__UMGS1975;s__	taxonomic classification defined by topology and ANI	topological placement and ANI have congruent species assignments	"GCA_900546685.1, s__UMGS1975 sp900546685, 95.0, 94.31, 0.726; GCA_905208455.1, s__UMGS1975 sp900556815, 95.0, 85.58, 0.515"	45.49	11	N/A	N/A
myloasm_nextpolish_8366_SemiBin_87	d__Bacteria;p__Bacillota;c__Clostridia;o__Oscillospirales;f__Ruminococcaceae;g__Avimicrobium;s__Avimicrobium caecorum	GCA_904394705.1	95	d__Bacteria;p__Bacillota;c__Clostridia;o__Oscillospirales;f__Ruminococcaceae;g__Avimicrobium;s__Avimicrobium caecorum	97.68	0.764	GCA_904394705.1	95	d__Bacteria;p__Bacillota;c__Clostridia;o__Oscillospirales;f__Ruminococcaceae;g__Avimicrobium;s__Avimicrobium caecorum	97.68	0.764	d__Bacteria;p__Bacillota;c__Clostridia;o__Oscillospirales;f__Ruminococcaceae;g__Avimicrobium;s__	taxonomic classification defined by topology and ANI	topological placement and ANI have congruent species assignments	"GCA_934845495.1, s__Avimicrobium sp934845495, 95.0, 86.54, 0.367"	55.6	11	N/A	N/A
myloasm_nextpolish_8366_SemiBin_91	d__Bacteria;p__Bacillota;c__Clostridia;o__Oscillospirales;f__Oscillospiraceae;g__Evtepia;s__Evtepia gabavorous	GCF_003425665.1	95	d__Bacteria;p__Bacillota;c__Clostridia;o__Oscillospirales;f__Oscillospiraceae;g__Evtepia;s__Evtepia gabavorous	98.97	0.916	GCF_003425665.1	95	d__Bacteria;p__Bacillota;c__Clostridia;o__Oscillospirales;f__Oscillospiraceae;g__Evtepia;s__Evtepia gabavorous	98.97	0.916	d__Bacteria;p__Bacillota;c__Clostridia;o__Oscillospirales;f__Oscillospiraceae;g__Evtepia;s__	taxonomic classification defined by topology and ANI	topological placement and ANI have congruent species assignments	"GCA_019115225.1, s__Evtepia faecigallinarum, 95.0, 83.42, 0.233; GCA_019115545.1, s__Evtepia faecavium, 95.0, 83.41, 0.263; GCA_019118615.1, s__Evtepia excrementipullorum, 95.0, 83.18, 0.213; GCA_004554585.1, s__Evtepia sp004554585, 95.0, 82.52, 0.282; GCA_934597725.1, s__Evtepia sp934597725, 95.0, 82.33, 0.237; GCA_022764045.1, s__Evtepia sp022764045, 95.0, 82.13, 0.228; GCA_016296565.1, s__Evtepia sp016296565, 95.0, 81.93, 0.162; GCA_004551945.1, s__Evtepia sp004551945, 95.0, 81.05, 0.177; GCA_004556345.1, s__Evtepia sp004556345, 95.0, 80.43, 0.16"	95.71	11	N/A	N/A
myloasm_nextpolish_8366_SemiBin_92	d__Bacteria;p__Bacillota;c__Clostridia;o__Oscillospirales;f__Acutalibacteraceae;g__Hominenteromicrobium;s__Hominenteromicrobium mulieris	GCF_020687165.1	95	d__Bacteria;p__Bacillota;c__Clostridia;o__Oscillospirales;f__Acutalibacteraceae;g__Hominenteromicrobium;s__Hominenteromicrobium mulieris	97.21	0.801	GCF_020687165.1	95	d__Bacteria;p__Bacillota;c__Clostridia;o__Oscillospirales;f__Acutalibacteraceae;g__Hominenteromicrobium;s__Hominenteromicrobium mulieris	97.21	0.801	d__Bacteria;p__Bacillota;c__Clostridia;o__Oscillospirales;f__Acutalibacteraceae;g__Hominenteromicrobium;s__	taxonomic classification defined by topology and ANI	topological placement and ANI have congruent species assignments	"GCA_934643185.1, s__Hominenteromicrobium sp934643185, 95.0, 94.4, 0.76"	98.13	11	N/A	N/A
myloasm_nextpolish_8373_SemiBin_103	d__Bacteria;p__Bacillota;c__Clostridia;o__Oscillospirales;f__Oscillospiraceae;g__Vescimonas;s__Vescimonas sp900545585	GCA_900545585.1	95	d__Bacteria;p__Bacillota;c__Clostridia;o__Oscillospirales;f__Oscillospiraceae;g__Vescimonas;s__Vescimonas sp900545585	97.68	0.827	GCA_900545585.1	95	d__Bacteria;p__Bacillota;c__Clostridia;o__Oscillospirales;f__Oscillospiraceae;g__Vescimonas;s__Vescimonas sp900545585	97.68	0.827	d__Bacteria;p__Bacillota;c__Clostridia;o__Oscillospirales;f__Oscillospiraceae;g__Vescimonas;s__	taxonomic classification defined by topology and ANI	topological placement and ANI have congruent species assignments	"GCA_900551355.1, s__Vescimonas sp900551355, 95.0, 87.66, 0.414; GCA_900545495.1, s__Vescimonas sp900545495, 95.0, 87.26, 0.48; GCA_900547745.1, s__Vescimonas sp900547745, 95.0, 87.2, 0.452; GCA_900550585.1, s__Vescimonas sp900550585, 95.0, 87.15, 0.465; GCA_934591815.1, s__Vescimonas sp934591815, 95.0, 86.54, 0.428; GCA_934591745.1, s__Vescimonas sp934591745, 95.0, 85.86, 0.369; GCA_934589835.1, s__Vescimonas sp934589835, 95.0, 85.78, 0.408; GCA_945878665.1, s__Vescimonas sp945878665, 95.0, 83.88, 0.234; GCA_003487665.1, s__Vescimonas sp003487665, 95.0, 83.45, 0.19; GCA_963632705.1, s__Vescimonas sp963632705, 95.0, 83.42, 0.225; GCA_934590325.1, s__Vescimonas sp934590325, 95.0, 83.05, 0.193; GCA_900554275.1, s__Vescimonas sp900554275, 95.0, 82.67, 0.186; GCA_934623575.1, s__Vescimonas sp934623575, 95.0, 82.51, 0.183; GCA_000435555.1, s__Vescimonas sp000435555, 95.0, 81.94, 0.155; GCA_900551995.1, s__Vescimonas sp900551995, 95.0, 81.73, 0.179"	47.32	11	N/A	N/A
myloasm_nextpolish_8373_SemiBin_105	d__Bacteria;p__Bacillota;c__Clostridia;o__Lachnospirales;f__Lachnospiraceae;g__Alitiscatomonas;s__Alitiscatomonas aceti	GCF_025567195.1	95	d__Bacteria;p__Bacillota;c__Clostridia;o__Lachnospirales;f__Lachnospiraceae;g__Alitiscatomonas;s__Alitiscatomonas aceti	98.06	0.875	GCF_025567195.1	95	d__Bacteria;p__Bacillota;c__Clostridia;o__Lachnospirales;f__Lachnospiraceae;g__Alitiscatomonas;s__Alitiscatomonas aceti	98.06	0.875	d__Bacteria;p__Bacillota;c__Clostridia;o__Lachnospirales;f__Lachnospiraceae;g__Alitiscatomonas;s__	taxonomic classification defined by topology and ANI	topological placement and ANI have congruent species assignments	"GCA_905215775.1, s__Alitiscatomonas sp905215775, 95.0, 90.63, 0.683"	53.2	11	N/A	N/A
myloasm_nextpolish_8373_SemiBin_115	d__Bacteria;p__Bacillota;c__Clostridia;o__Lachnospirales;f__Lachnospiraceae;g__Blautia_A;s__	N/A	N/A	N/A	N/A	N/A	GCA_934394595.1	95	d__Bacteria;p__Bacillota;c__Clostridia;o__Lachnospirales;f__Lachnospiraceae;g__Blautia_A;s__Blautia_A sp934394595	92.35	0.43	d__Bacteria;p__Bacillota;c__Clostridia;o__Lachnospirales;f__Lachnospiraceae;g__Blautia_A;s__	taxonomic classification defined by topology and ANI	classification based on placement in class-level tree	"GCF_025566865.1, s__Blautia_A acetigignens, 95.0, 89.44, 0.344; GCA_963651655.1, s__Blautia_A sp963651655, 95.0, 88.78, 0.197; GCA_900763175.1, s__Blautia_A sp900763175, 95.0, 87.16, 0.226; GCA_934358405.1, s__Blautia_A sp934358405, 95.0, 83.43, 0.178"	32.45	11	0.99166	Genome has more than 10.8% of markers with multiple hits
myloasm_nextpolish_8373_SemiBin_133	d__Bacteria;p__Bacteroidota;c__Bacteroidia;o__Bacteroidales;f__Bacteroidaceae;g__Prevotella;s__Prevotella rara	GCF_001275135.1	95	d__Bacteria;p__Bacteroidota;c__Bacteroidia;o__Bacteroidales;f__Bacteroidaceae;g__Prevotella;s__Prevotella rara	97.62	0.806	GCF_001275135.1	95	d__Bacteria;p__Bacteroidota;c__Bacteroidia;o__Bacteroidales;f__Bacteroidaceae;g__Prevotella;s__Prevotella rara	97.62	0.806	d__Bacteria;p__Bacteroidota;c__Bacteroidia;o__Bacteroidales;f__Bacteroidaceae;g__Prevotella;s__	taxonomic classification defined by topology and ANI	topological placement and ANI have congruent species assignments	"GCF_937930345.1, s__Prevotella sp905214625, 95.0, 88.55, 0.485; GCA_000436695.1, s__Prevotella sp000436695, 95.0, 86.42, 0.433"	96.31	11	N/A	N/A
myloasm_nextpolish_8373_SemiBin_137	d__Bacteria;p__Bacteroidota;c__Bacteroidia;o__Bacteroidales;f__Marinifilaceae;g__Butyricimonas;s__Butyricimonas faecalis	GCF_003991565.1	95	d__Bacteria;p__Bacteroidota;c__Bacteroidia;o__Bacteroidales;f__Marinifilaceae;g__Butyricimonas;s__Butyricimonas faecalis	98.27	0.764	GCF_003991565.1	95	d__Bacteria;p__Bacteroidota;c__Bacteroidia;o__Bacteroidales;f__Marinifilaceae;g__Butyricimonas;s__Butyricimonas faecalis	98.27	0.764	d__Bacteria;p__Bacteroidota;c__Bacteroidia;o__Bacteroidales;f__Marinifilaceae;g__Butyricimonas;s__	taxonomic classification defined by topology and ANI	topological placement and ANI have congruent species assignments	"GCF_025148635.1, s__Butyricimonas virosa, 95.8, 91.13, 0.526; GCA_020743075.1, s__Butyricimonas virosa_A, 95.62, 89.64, 0.48; GCA_019423345.1, s__Butyricimonas sp019423345, 95.0, 89.61, 0.423; GCF_032878955.1, s__Butyricimonas paravirosa, 95.0, 88.2, 0.454; GCF_033096445.1, s__Butyricimonas faecihominis, 95.05, 88.19, 0.423; GCA_019117165.1, s__Butyricimonas faecavium, 95.0, 86.01, 0.326; GCF_003479425.1, s__Butyricimonas sp003479425, 95.0, 82.05, 0.164; GCA_900761485.1, s__Butyricimonas sp900761485, 95.0, 81.68, 0.177"	48.19	11	N/A	N/A
myloasm_nextpolish_8373_SemiBin_139	d__Bacteria;p__Pseudomonadota;c__Alphaproteobacteria;o__RF32;f__CAG-239;g__Scatocola;s__Scatocola faecipullorum	GCA_018714685.1	95	d__Bacteria;p__Pseudomonadota;c__Alphaproteobacteria;o__RF32;f__CAG-239;g__Scatocola;s__Scatocola faecipullorum	99.64	0.969	GCA_018714685.1	95	d__Bacteria;p__Pseudomonadota;c__Alphaproteobacteria;o__RF32;f__CAG-239;g__Scatocola;s__Scatocola faecipullorum	99.64	0.969	d__Bacteria;p__Pseudomonadota;c__Alphaproteobacteria;o__RF32;f__CAG-239;g__Scatocola;s__	taxonomic classification defined by topology and ANI	topological placement and ANI have congruent species assignments	N/A	95.04	11	N/A	N/A
myloasm_nextpolish_8373_SemiBin_156	d__Bacteria;p__Actinomycetota;c__Coriobacteriia;o__Coriobacteriales;f__QAMH01;g__QAMH01;s__QAMH01 sp900756605	GCA_900756605.1	95	d__Bacteria;p__Actinomycetota;c__Coriobacteriia;o__Coriobacteriales;f__QAMH01;g__QAMH01;s__QAMH01 sp900756605	97.64	0.788	GCA_900756605.1	95	d__Bacteria;p__Actinomycetota;c__Coriobacteriia;o__Coriobacteriales;f__QAMH01;g__QAMH01;s__QAMH01 sp900756605	97.64	0.788	d__Bacteria;p__Actinomycetota;c__Coriobacteriia;o__Coriobacteriales;f__QAMH01;g__QAMH01;s__	taxonomic classification defined by topology and ANI	topological placement and ANI have congruent species assignments	"GCA_902475535.1, s__QAMH01 sp900556425, 96.26, 96.05, 0.851; GCA_025992705.1, s__QAMH01 sp025992705, 95.0, 94.68, 0.816; GCA_003149935.1, s__QAMH01 sp003149935, 95.0, 93.19, 0.822; GCA_902493755.1, s__QAMH01 sp902493755, 95.0, 91.16, 0.562; GCA_902478425.1, s__QAMH01 sp902478425, 95.0, 86.51, 0.441; GCA_959608885.1, s__QAMH01 sp959608885, 95.0, 86.12, 0.424; GCA_900544245.1, s__QAMH01 sp900544245, 95.0, 85.74, 0.416; GCA_949879855.1, s__QAMH01 sp949879855, 95.0, 85.09, 0.338; GCA_948466335.1, s__QAMH01 sp948466335, 95.0, 84.98, 0.411"	71.27	11	N/A	N/A
myloasm_nextpolish_8373_SemiBin_179	d__Bacteria;p__Bacillota;c__Clostridia;o__Lachnospirales;f__Lachnospiraceae;g__Mediterraneibacter;s__Mediterraneibacter faecis	GCA_001312505.1	95	d__Bacteria;p__Bacillota;c__Clostridia;o__Lachnospirales;f__Lachnospiraceae;g__Mediterraneibacter;s__Mediterraneibacter faecis	97.56	0.717	GCA_001312505.1	95	d__Bacteria;p__Bacillota;c__Clostridia;o__Lachnospirales;f__Lachnospiraceae;g__Mediterraneibacter;s__Mediterraneibacter faecis	97.56	0.717	d__Bacteria;p__Bacillota;c__Clostridia;o__Lachnospirales;f__Lachnospiraceae;g__Mediterraneibacter;s__	taxonomic classification defined by topology and ANI	topological placement and ANI have congruent species assignments	"GCF_934309345.1, s__Mediterraneibacter sp934309345, 95.0, 93.93, 0.667"	93.15	11	N/A	N/A
myloasm_nextpolish_8373_SemiBin_2	d__Bacteria;p__Bacteroidota;c__Bacteroidia;o__Bacteroidales;f__Rikenellaceae;g__Alistipes;s__Alistipes onderdonkii	GCF_025145285.1	95	d__Bacteria;p__Bacteroidota;c__Bacteroidia;o__Bacteroidales;f__Rikenellaceae;g__Alistipes;s__Alistipes onderdonkii	97	0.88	GCF_025145285.1	95	d__Bacteria;p__Bacteroidota;c__Bacteroidia;o__Bacteroidales;f__Rikenellaceae;g__Alistipes;s__Alistipes onderdonkii	97	0.88	d__Bacteria;p__Bacteroidota;c__Bacteroidia;o__Bacteroidales;f__Rikenellaceae;g__Alistipes;s__	taxonomic classification defined by topology and ANI	topological placement and ANI have congruent species assignments	"GCF_000265365.1, s__Alistipes finegoldii, 95.0, 86.11, 0.399; GCF_902388705.1, s__Alistipes sp902388705, 95.0, 84.78, 0.431; GCF_021204515.1, s__Alistipes sp021204515, 95.0, 84.39, 0.345; GCA_934754975.1, s__Alistipes sp934754975, 95.0, 84.11, 0.239; GCF_025145845.1, s__Alistipes shahii, 95.0, 83.43, 0.213; GCF_900541585.1, s__Alistipes sp900541585, 95.0, 81.81, 0.197; GCF_025145645.1, s__Alistipes senegalensis, 95.0, 81.77, 0.191; GCF_900107675.1, s__Alistipes timonensis, 95.0, 81.7, 0.184; GCF_900083545.1, s__Alistipes provencensis, 95.0, 81.48, 0.178; GCA_001941065.1, s__Alistipes sp001941065, 95.0, 81.42, 0.179; GCF_018362775.1, s__Alistipes montrealensis, 95.0, 80.86, 0.165"	66.84	11	N/A	N/A
myloasm_nextpolish_8373_SemiBin_213	d__Bacteria;p__Bacillota;c__Clostridia;o__Lachnospirales;f__Lachnospiraceae;g__Mediterraneibacter_A;s__Mediterraneibacter_A butyricigenes	GCF_003574295.1	95	d__Bacteria;p__Bacillota;c__Clostridia;o__Lachnospirales;f__Lachnospiraceae;g__Mediterraneibacter_A;s__Mediterraneibacter_A butyricigenes	98.68	0.905	GCF_003574295.1	95	d__Bacteria;p__Bacillota;c__Clostridia;o__Lachnospirales;f__Lachnospiraceae;g__Mediterraneibacter_A;s__Mediterraneibacter_A butyricigenes	98.68	0.905	d__Bacteria;p__Bacillota;c__Clostridia;o__Lachnospirales;f__Lachnospiraceae;g__Mediterraneibacter_A;s__	taxonomic classification defined by topology and ANI	topological placement and ANI have congruent species assignments	N/A	56.37	11	N/A	N/A
myloasm_nextpolish_8373_SemiBin_4	d__Bacteria;p__Bacteroidota;c__Bacteroidia;o__Bacteroidales;f__Bacteroidaceae;g__Bacteroides;s__	N/A	N/A	N/A	N/A	N/A	GCA_958432865.1	95	d__Bacteria;p__Bacteroidota;c__Bacteroidia;o__Bacteroidales;f__Bacteroidaceae;g__Bacteroides;s__Bacteroides stercoris_A	N/A	N/A	d__Bacteria;p__Bacteroidota;c__Bacteroidia;o__Bacteroidales;f__Bacteroidaceae;g__Bacteroides;s__	taxonomic classification defined by topology and ANI	classification based on placement in class-level tree	"GCF_025147485.1, s__Bacteroides uniformis, 95.0, 96.17, 0.238; GCF_000614125.1, s__Bacteroides rodentium, 95.0, 91.51, 0.166"	59.41	11	0.99782	N/A
myloasm_nextpolish_8373_SemiBin_489	d__Bacteria;p__Bacillota;c__Clostridia;o__Lachnospirales;f__Lachnospiraceae;g__Roseburia;s__Roseburia rectibacter	GCF_014287515.2	95	d__Bacteria;p__Bacillota;c__Clostridia;o__Lachnospirales;f__Lachnospiraceae;g__Roseburia;s__Roseburia rectibacter	98.46	0.845	GCF_014287515.2	95	d__Bacteria;p__Bacillota;c__Clostridia;o__Lachnospirales;f__Lachnospiraceae;g__Roseburia;s__Roseburia rectibacter	98.46	0.845	d__Bacteria;p__Bacillota;c__Clostridia;o__Lachnospirales;f__Lachnospiraceae;g__Roseburia;s__	taxonomic classification defined by topology and ANI	topological placement and ANI have congruent species assignments	"GCF_900537995.1, s__Roseburia intestinalis, 95.0, 91.08, 0.605; GCA_003483745.1, s__Roseburia sp003483745, 95.0, 89.81, 0.624; GCA_934317215.1, s__Roseburia sp934317215, 95.0, 89.56, 0.599"	91.4	11	N/A	N/A
myloasm_nextpolish_8373_SemiBin_497	d__Bacteria;p__Actinomycetota;c__Coriobacteriia;o__Coriobacteriales;f__Coriobacteriaceae;g__Collinsella;s__Collinsella sp003466125	GCF_003466125.1	95	d__Bacteria;p__Actinomycetota;c__Coriobacteriia;o__Coriobacteriales;f__Coriobacteriaceae;g__Collinsella;s__Collinsella sp003466125	97.74	0.892	GCF_003466125.1	95	d__Bacteria;p__Actinomycetota;c__Coriobacteriia;o__Coriobacteriales;f__Coriobacteriaceae;g__Collinsella;s__Collinsella sp003466125	97.74	0.892	d__Bacteria;p__Actinomycetota;c__Coriobacteriia;o__Coriobacteriales;f__Coriobacteriaceae;g__Collinsella;s__	taxonomic classification defined by topology and ANI	topological placement and ANI have congruent species assignments	"GCA_019414385.1, s__Collinsella sp019414385, 95.0, 93.16, 0.775; GCA_900546475.1, s__Collinsella sp900546475, 95.02, 93.1, 0.765; GCA_900550515.1, s__Collinsella sp900550515, 95.01, 93.01, 0.719; GCA_905214525.1, s__Collinsella sp905214525, 95.07, 92.98, 0.743; GCA_902496455.1, s__Collinsella sp902496455, 95.0, 92.96, 0.749; GCA_900544875.1, s__Collinsella sp900544875, 95.0, 92.95, 0.738; GCA_902478835.1, s__Collinsella sp900549335, 95.0, 92.93, 0.768; GCA_959604825.1, s__Collinsella sp959604825, 95.02, 92.93, 0.75; GCA_000434535.1, s__Collinsella sp000434535, 95.0, 92.92, 0.757; GCA_902469055.1, s__Collinsella sp902469055, 95.01, 92.92, 0.745; GCA_902466855.1, s__Collinsella sp902466855, 95.18, 92.92, 0.742; GCA_905199455.1, s__Collinsella aerofaciens_AW, 95.3, 92.9, 0.745; GCA_900549195.1, s__Collinsella sp900549195, 95.0, 92.88, 0.737; GCA_958424475.1, s__Collinsella sp958424475, 95.25, 92.88, 0.708; GCA_900550415.1, s__Collinsella sp900550415, 95.0, 92.84, 0.724; GCA_018382125.1, s__Collinsella sp018382125, 95.0, 92.82, 0.73; GCA_958441355.1, s__Collinsella sp958441355, 95.28, 92.8, 0.78; GCA_900554655.1, s__Collinsella sp900554655, 95.0, 92.77, 0.743; GCA_902490095.1, s__Collinsella sp902490095, 95.0, 92.77, 0.735; GCA_900550185.1, s__Collinsella sp900550185, 95.0, 92.77, 0.682; GCA_900542635.1, s__Collinsella sp900542635, 95.0, 92.75, 0.769; GCF_002736145.1, s__Collinsella aerofaciens_A, 95.06, 92.75, 0.75; GCA_902494565.1, s__Collinsella sp902494565, 95.0, 92.75, 0.745; GCF_015561195.1, s__Collinsella aerofaciens_AC, 95.0, 92.75, 0.742; GCA_905215115.1, s__Collinsella sp905215115, 95.0, 92.75, 0.659; GCA_900764025.1, s__Collinsella sp900764025, 95.0, 92.75, 0.635; GCA_958445985.1, s__Collinsella sp958445985, 95.28, 92.73, 0.729; GCA_023708985.1, s__Collinsella sp023708985, 95.0, 92.72, 0.754; GCA_036304905.1, s__Collinsella sp036304905, 95.01, 92.72, 0.749; GCA_900551205.1, s__Collinsella sp900551205, 95.18, 92.72, 0.739; GCA_958445895.1, s__Collinsella sp958445895, 95.0, 92.71, 0.736; GCA_900752475.1, s__Collinsella sp900752475, 95.0, 92.7, 0.752; GCA_902362275.1, s__Collinsella sp902362275, 95.0, 92.7, 0.746; GCA_902490305.1, s__Collinsella sp902490305, 95.0, 92.7, 0.739; GCA_900542165.1, s__Collinsella sp900542165, 95.01, 92.7, 0.734; GCA_037237765.1, s__Collinsella sp037237765, 95.0, 92.67, 0.771; GCA_902481895.1, s__Collinsella sp902481895, 95.14, 92.67, 0.76; GCA_900548075.1, s__Collinsella sp900548075, 95.0, 92.67, 0.743; GCA_905214425.1, s__Collinsella sp905214425, 95.0, 92.67, 0.726; GCA_019414685.1, s__Collinsella sp019414685, 95.0, 92.66, 0.74; GCA_900541715.1, s__Collinsella sp900541715, 95.0, 92.64, 0.751; GCA_900547805.1, s__Collinsella sp900547805, 95.0, 92.64, 0.737; GCA_905211535.1, s__Collinsella sp905211535, 95.0, 92.63, 0.71; GCA_902475595.1, s__Collinsella sp902475595, 95.18, 92.61, 0.744; GCA_900556515.1, s__Collinsella sp900556515, 95.0, 92.61, 0.712; GCA_958403395.1, s__Collinsella sp958403395, 95.07, 92.6, 0.766; GCA_900556205.1, s__Collinsella sp900556205, 95.0, 92.6, 0.73; GCA_902490325.1, s__Collinsella sp902490325, 95.0, 92.59, 0.768; GCA_937934165.1, s__Collinsella sp937934165, 95.08, 92.59, 0.71; GCA_902475425.1, s__Collinsella sp902475425, 95.24, 92.57, 0.753; GCA_018376265.1, s__Collinsella sp018376265, 95.01, 92.56, 0.714; GCA_900555355.1, s__Collinsella sp900555355, 95.0, 92.56, 0.704; GCA_902494685.1, s__Collinsella sp902494685, 95.0, 92.55, 0.717; GCF_039062315.1, s__Collinsella aerofaciens_BG, 95.0, 92.5, 0.732; GCA_958431945.1, s__Collinsella sp958431945, 95.0, 92.47, 0.693; GCA_019419525.1, s__Collinsella sp019419525, 95.0, 92.46, 0.727; GCF_902501475.1, s__Collinsella aerofaciens_AL, 95.17, 92.46, 0.703; GCA_902497025.1, s__Collinsella sp902497025, 95.0, 92.44, 0.722; GCA_958419975.1, s__Collinsella sp958419975, 95.0, 92.43, 0.706; GCA_902479145.1, s__Collinsella sp902479145, 95.46, 92.4, 0.72; GCA_019419605.1, s__Collinsella sp019419605, 95.0, 92.4, 0.719; GCA_900543025.1, s__Collinsella sp900543025, 95.0, 92.39, 0.761; GCA_902479095.1, s__Collinsella sp902479095, 95.05, 92.39, 0.734; GCA_958413455.1, s__Collinsella sp958413455, 95.17, 92.39, 0.709; GCA_905213265.1, s__Collinsella sp905213265, 95.0, 92.39, 0.706; GCA_963621725.1, s__Collinsella sp963621725, 95.13, 92.39, 0.704; GCA_902470765.1, s__Collinsella sp902470765, 95.0, 92.37, 0.735; GCA_902497065.1, s__Collinsella sp902497065, 95.0, 92.37, 0.732; GCA_022745215.1, s__Collinsella sp022745215, 95.0, 92.35, 0.761; GCA_900757465.1, s__Collinsella sp900757465, 95.0, 92.34, 0.701; GCA_900768435.1, s__Collinsella sp900768435, 95.0, 92.33, 0.734; GCA_900549655.1, s__Collinsella sp900549655, 95.0, 92.31, 0.688; GCA_905204735.1, s__Collinsella sp905204735, 95.08, 92.29, 0.72; GCA_019419625.1, s__Collinsella sp019419625, 95.0, 92.23, 0.749; GCF_964239575.1, s__Collinsella aerofaciens_BQ, 95.02, 92.23, 0.717; GCA_900545615.1, s__Collinsella sp900545615, 95.0, 92.22, 0.726; GCA_902464035.1, s__Collinsella sp902464035, 95.0, 92.2, 0.699; GCF_005845035.1, s__Collinsella aerofaciens_I, 95.0, 92.18, 0.743; GCA_905214385.1, s__Collinsella sp905214385, 95.15, 92.16, 0.715; GCA_031292915.1, s__Collinsella sp031292915, 95.0, 92.13, 0.729; GCA_900556875.1, s__Collinsella sp900556875, 95.24, 92.1, 0.711; GCA_958348225.1, s__Collinsella sp958348225, 95.0, 92.09, 0.742; GCA_958427895.1, s__Collinsella sp958427895, 95.0, 92.09, 0.715; GCA_900544065.1, s__Collinsella sp900544065, 95.0, 92.06, 0.727; GCA_934668345.1, s__Collinsella sp934668345, 95.0, 92.05, 0.715; GCA_958421035.1, s__Collinsella sp958421035, 95.0, 92.03, 0.73; GCA_958407085.1, s__Collinsella sp958407085, 95.12, 92.03, 0.691; GCA_008668795.1, s__Collinsella aerofaciens_AS, 95.0, 92.02, 0.638; GCA_900542315.1, s__Collinsella sp900542315, 95.0, 92.01, 0.721; GCF_039836695.1, s__Collinsella aerofaciens_BD, 95.25, 92.0, 0.736; GCA_900542965.1, s__Collinsella sp900542965, 95.0, 91.99, 0.738; GCA_902497075.1, s__Collinsella sp902497075, 95.0, 91.97, 0.739; GCA_900761035.1, s__Collinsella sp900761035, 95.0, 91.97, 0.705; GCA_958403205.1, s__Collinsella sp958403205, 95.01, 91.93, 0.714; GCA_900545605.1, s__Collinsella sp900545605, 95.0, 91.92, 0.725; GCA_905199225.1, s__Collinsella sp900554665, 95.0, 91.86, 0.712; GCA_902463875.1, s__Collinsella sp902463875, 95.0, 91.85, 0.684; GCA_934654765.1, s__Collinsella sp934654765, 95.0, 91.77, 0.699; GCA_934668875.1, s__Collinsella sp934668875, 95.0, 91.31, 0.703"	97.04	11	N/A	N/A
myloasm_nextpolish_8373_SemiBin_505	d__Bacteria;p__Actinomycetota;c__Actinomycetes;o__Actinomycetales;f__Bifidobacteriaceae;g__Bifidobacterium;s__Bifidobacterium longum	GCF_000196555.1	95	d__Bacteria;p__Actinomycetota;c__Actinomycetes;o__Actinomycetales;f__Bifidobacteriaceae;g__Bifidobacterium;s__Bifidobacterium longum	98.58	0.832	GCF_000196555.1	95	d__Bacteria;p__Actinomycetota;c__Actinomycetes;o__Actinomycetales;f__Bifidobacteriaceae;g__Bifidobacterium;s__Bifidobacterium longum	98.58	0.832	d__Bacteria;p__Actinomycetota;c__Actinomycetes;o__Actinomycetales;f__Bifidobacteriaceae;g__Bifidobacterium;s__	taxonomic classification defined by topology and ANI	topological placement and ANI have congruent species assignments	"GCF_000269965.1, s__Bifidobacterium infantis, 95.05, 94.73, 0.669; GCA_022739095.1, s__Bifidobacterium sp022739095, 95.0, 94.54, 0.609; GCF_959020155.1, s__Bifidobacterium sp959020155, 95.0, 91.72, 0.522; GCF_001025175.1, s__Bifidobacterium breve, 95.0, 86.73, 0.345; GCF_003129905.1, s__Bifidobacterium callitrichidarum, 95.0, 83.3, 0.23; GCF_019331675.1, s__Bifidobacterium miconisargentati, 95.0, 82.73, 0.233; GCF_002802915.1, s__Bifidobacterium felsineum, 95.0, 82.06, 0.17; GCF_009193305.1, s__Bifidobacterium cebidarum, 95.0, 82.01, 0.188; GCF_002259745.1, s__Bifidobacterium myosotis, 95.0, 82.01, 0.173; GCF_000741715.1, s__Bifidobacterium saguini, 95.0, 81.73, 0.153; GCF_000741695.1, s__Bifidobacterium reuteri, 95.0, 81.66, 0.175; GCF_018555455.1, s__Bifidobacterium colobi, 95.0, 81.48, 0.168; GCF_002860405.1, s__Bifidobacterium imperatoris, 95.0, 81.01, 0.158"	95.81	11	N/A	N/A
myloasm_nextpolish_8373_SemiBin_507	d__Bacteria;p__Bacillota;c__Clostridia;o__Lachnospirales;f__Lachnospiraceae;g__Mediterraneibacter;s__Mediterraneibacter torques	GCF_000153925.1	95	d__Bacteria;p__Bacillota;c__Clostridia;o__Lachnospirales;f__Lachnospiraceae;g__Mediterraneibacter;s__Mediterraneibacter torques	99.66	0.861	GCF_000153925.1	95	d__Bacteria;p__Bacillota;c__Clostridia;o__Lachnospirales;f__Lachnospiraceae;g__Mediterraneibacter;s__Mediterraneibacter torques	99.66	0.861	d__Bacteria;p__Bacillota;c__Clostridia;o__Lachnospirales;f__Lachnospiraceae;g__Mediterraneibacter;s__	taxonomic classification defined by topology and ANI	topological placement and ANI have congruent species assignments	"GCA_905209865.1, s__Mediterraneibacter sp900752395, 95.0, 85.56, 0.463"	94.96	11	N/A	N/A
myloasm_nextpolish_8373_SemiBin_54	d__Bacteria;p__Bacillota;c__Clostridia;o__Lachnospirales;f__Lachnospiraceae;g__Pararoseburia;s__Pararoseburia lenta	GCF_014287435.1	95	d__Bacteria;p__Bacillota;c__Clostridia;o__Lachnospirales;f__Lachnospiraceae;g__Pararoseburia;s__Pararoseburia lenta	98.92	0.903	GCF_014287435.1	95	d__Bacteria;p__Bacillota;c__Clostridia;o__Lachnospirales;f__Lachnospiraceae;g__Pararoseburia;s__Pararoseburia lenta	98.92	0.903	d__Bacteria;p__Bacillota;c__Clostridia;o__Lachnospirales;f__Lachnospiraceae;g__Pararoseburia;s__	taxonomic classification defined by topology and ANI	topological placement and ANI have congruent species assignments	"GCA_934899185.1, s__Pararoseburia sp934899185, 95.0, 91.93, 0.758; GCA_963661325.1, s__Pararoseburia sp963661325, 95.0, 90.82, 0.676; GCA_963629085.1, s__Pararoseburia sp963629085, 95.0, 89.98, 0.679; GCA_900546435.1, s__Pararoseburia sp900546435, 95.0, 83.37, 0.26; GCA_934352055.1, s__Pararoseburia sp934352055, 95.0, 82.76, 0.241"	94.12	11	N/A	N/A
myloasm_nextpolish_8373_SemiBin_77	d__Bacteria;p__Actinomycetota;c__Actinomycetes;o__Actinomycetales;f__Micrococcaceae;g__Rothia;s__Rothia mucilaginosa_B	GCF_001548235.1	95	d__Bacteria;p__Actinomycetota;c__Actinomycetes;o__Actinomycetales;f__Micrococcaceae;g__Rothia;s__Rothia mucilaginosa_B	95.33	0.88	N/A	N/A	N/A	N/A	N/A	d__Bacteria;p__Actinomycetota;c__Actinomycetes;o__Actinomycetales;f__Micrococcaceae;g__Rothia;s__	taxonomic classification defined by topology and ANI	topological placement and ANI have incongruent species assignments	"GCF_001548235.1, s__Rothia mucilaginosa_B, 95.0, 95.33, 0.88; GCF_963534775.1, s__Rothia mucilaginosa_D, 95.0, 95.2, 0.849; GCA_916720455.1, s__Rothia sp916720455, 95.0, 94.94, 0.782; GCA_937935205.1, s__Rothia sp937935205, 95.16, 94.73, 0.787; GCF_019334805.1, s__Rothia mucilaginosa_C, 95.37, 94.65, 0.853; GCF_937976295.1, s__Rothia sp937976295, 95.14, 94.63, 0.783; GCF_963507905.1, s__Rothia sp963507905, 95.0, 94.35, 0.84; GCF_916715725.1, s__Rothia sp916715725, 95.0, 94.07, 0.83; GCF_000175615.1, s__Rothia mucilaginosa, 95.0, 94.05, 0.841; GCF_001808955.1, s__Rothia sp001808955, 95.0, 93.96, 0.833; GCF_001836735.1, s__Rothia sp001836735, 95.0, 93.9, 0.844; GCA_963542785.1, s__Rothia mucilaginosa_G, 95.0, 93.86, 0.793; GCF_963555405.1, s__Rothia sp963555405, 95.0, 93.43, 0.834; GCF_015265375.1, s__Rothia sp015265375, 95.02, 93.43, 0.813; GCF_964210535.1, s__Rothia mucilaginosa_F, 95.0, 93.38, 0.835; GCF_024294905.1, s__Rothia sp024294905, 95.0, 93.32, 0.782; GCF_963544205.1, s__Rothia sp963544205, 95.0, 93.28, 0.826; GCF_029850875.1, s__Rothia sp029850875, 95.0, 93.09, 0.808; GCF_916049665.1, s__Rothia sp916049665, 95.0, 93.07, 0.811; GCF_964211445.1, s__Rothia mucilaginosa_E, 95.0, 93.02, 0.811; GCF_001061665.1, s__Rothia mucilaginosa_A, 95.0, 88.59, 0.557; GCF_901875305.1, s__Rothia sp902373285, 95.0, 87.81, 0.513; GCA_963521575.1, s__Rothia sp963521575, 95.0, 82.9, 0.219"	78.49	11	N/A	N/A
myloasm_nextpolish_8373_SemiBin_84	d__Bacteria;p__Bacillota;c__Clostridia;o__Oscillospirales;f__Ruminococcaceae;g__Hominimerdicola;s__Hominimerdicola aceti	GCF_025567495.1	95	d__Bacteria;p__Bacillota;c__Clostridia;o__Oscillospirales;f__Ruminococcaceae;g__Hominimerdicola;s__Hominimerdicola aceti	97	0.787	GCF_025567495.1	95	d__Bacteria;p__Bacillota;c__Clostridia;o__Oscillospirales;f__Ruminococcaceae;g__Hominimerdicola;s__Hominimerdicola aceti	97	0.787	d__Bacteria;p__Bacillota;c__Clostridia;o__Oscillospirales;f__Ruminococcaceae;g__Hominimerdicola;s__	taxonomic classification defined by topology and ANI	topological placement and ANI have congruent species assignments	"GCA_934435205.1, s__Hominimerdicola sp934435205, 95.0, 94.94, 0.778; GCA_937898375.1, s__Hominimerdicola sp937898375, 95.0, 91.64, 0.689; GCF_900539095.1, s__Hominimerdicola sp900539095, 95.0, 89.87, 0.705; GCF_019423705.1, s__Hominimerdicola sp019423705, 95.0, 81.89, 0.206"	96.25	11	N/A	N/A
myloasm_nextpolish_8915_SemiBin_133	d__Bacteria;p__Bacillota;c__Clostridia;o__TANB77;f__CAG-508;g__CAG-269;s__CAG-269 sp000437215	GCA_000437215.1	95	d__Bacteria;p__Bacillota;c__Clostridia;o__TANB77;f__CAG-508;g__CAG-269;s__CAG-269 sp000437215	98.96	0.843	GCA_000437215.1	95	d__Bacteria;p__Bacillota;c__Clostridia;o__TANB77;f__CAG-508;g__CAG-269;s__CAG-269 sp000437215	98.96	0.843	d__Bacteria;p__Bacillota;c__Clostridia;o__TANB77;f__CAG-508;g__CAG-269;s__	taxonomic classification defined by topology and ANI	topological placement and ANI have congruent species assignments	N/A	87.15	11	N/A	N/A
myloasm_nextpolish_8915_SemiBin_153	d__Bacteria;p__Bacillota;c__Clostridia;o__Oscillospirales;f__Oscillospiraceae;g__Vescimonas;s__Vescimonas sp900548615	GCA_900548615.1	95	d__Bacteria;p__Bacillota;c__Clostridia;o__Oscillospirales;f__Oscillospiraceae;g__Vescimonas;s__Vescimonas sp900548615	95.67	0.614	GCA_900548615.1	95	d__Bacteria;p__Bacillota;c__Clostridia;o__Oscillospirales;f__Oscillospiraceae;g__Vescimonas;s__Vescimonas sp900548615	95.67	0.614	d__Bacteria;p__Bacillota;c__Clostridia;o__Oscillospirales;f__Oscillospiraceae;g__Vescimonas;s__	taxonomic classification defined by topology and ANI	topological placement and ANI have congruent species assignments	"GCA_934574095.1, s__Vescimonas sp934574095, 95.0, 89.74, 0.387; GCA_900552725.1, s__Vescimonas sp900552725, 95.0, 87.93, 0.385; GCA_934597585.1, s__Vescimonas sp934597585, 95.0, 87.64, 0.324; GCA_963636325.1, s__Vescimonas sp963636325, 95.0, 87.41, 0.278; GCA_963593515.1, s__Vescimonas sp963593515, 95.0, 87.24, 0.321; GCA_934597345.1, s__Vescimonas sp934597345, 95.0, 87.1, 0.359; GCA_934589145.1, s__Vescimonas sp934589145, 95.01, 86.86, 0.357; GCA_900555735.1, s__Vescimonas sp900555735, 95.0, 86.75, 0.312; GCA_934573935.1, s__Vescimonas sp934573935, 95.0, 86.61, 0.29; GCA_934635545.1, s__Vescimonas sp934635545, 95.0, 86.24, 0.279; GCA_934565655.1, s__Vescimonas sp934565655, 95.0, 86.1, 0.362; GCA_963640475.1, s__Vescimonas sp963640475, 95.0, 86.08, 0.376; GCA_934597125.1, s__Vescimonas sp934597125, 95.0, 85.82, 0.292; GCA_900757415.1, s__Vescimonas sp900757415, 95.0, 84.25, 0.198; GCA_945877515.1, s__Vescimonas sp945877515, 95.0, 84.15, 0.207; GCA_945915065.1, s__Vescimonas sp945915065, 95.0, 84.04, 0.239; GCA_934569425.1, s__Vescimonas sp934569425, 95.0, 83.94, 0.18; GCA_934573945.1, s__Vescimonas sp934573945, 95.0, 83.06, 0.162; GCA_902475745.1, s__Vescimonas sp902475745, 95.0, 82.45, 0.173"	42.39	11	N/A	N/A
myloasm_nextpolish_8915_SemiBin_177	d__Bacteria;p__Bacillota;c__Clostridia;o__Oscillospirales;f__Ruminococcaceae;g__RGIG3102;s__RGIG3102 sp934526065	GCA_934526065.1	95	d__Bacteria;p__Bacillota;c__Clostridia;o__Oscillospirales;f__Ruminococcaceae;g__RGIG3102;s__RGIG3102 sp934526065	96.64	0.834	GCA_934526065.1	95	d__Bacteria;p__Bacillota;c__Clostridia;o__Oscillospirales;f__Ruminococcaceae;g__RGIG3102;s__RGIG3102 sp934526065	96.64	0.834	d__Bacteria;p__Bacillota;c__Clostridia;o__Oscillospirales;f__Ruminococcaceae;g__RGIG3102;s__	taxonomic classification defined by topology and ANI	topological placement and ANI have congruent species assignments	N/A	84.17	11	N/A	N/A
myloasm_nextpolish_8915_SemiBin_179	d__Bacteria;p__Bacillota;c__Clostridia;o__Lachnospirales;f__Lachnospiraceae;g__Butyribacter;s__Butyribacter intestini	GCF_001414325.1	95	d__Bacteria;p__Bacillota;c__Clostridia;o__Lachnospirales;f__Lachnospiraceae;g__Butyribacter;s__Butyribacter intestini	98.8	0.913	GCF_001414325.1	95	d__Bacteria;p__Bacillota;c__Clostridia;o__Lachnospirales;f__Lachnospiraceae;g__Butyribacter;s__Butyribacter intestini	98.8	0.913	d__Bacteria;p__Bacillota;c__Clostridia;o__Lachnospirales;f__Lachnospiraceae;g__Butyribacter;s__	taxonomic classification defined by topology and ANI	topological placement and ANI have congruent species assignments	"GCF_018918235.1, s__Butyribacter sp018918235, 95.0, 84.45, 0.242; GCA_934320895.1, s__Butyribacter sp934320895, 95.0, 83.12, 0.21; GCA_934320845.1, s__Butyribacter sp934320845, 95.0, 82.51, 0.168; GCA_000436755.1, s__Butyribacter sp000436755, 95.0, 81.91, 0.181"	91.5	11	N/A	N/A
myloasm_nextpolish_8915_SemiBin_183	d__Bacteria;p__Bacillota;c__Clostridia;o__Oscillospirales;f__Acutalibacteraceae;g__Ruminococcoides;s__Ruminococcoides intestinalis	GCF_014288065.1	95	d__Bacteria;p__Bacillota;c__Clostridia;o__Oscillospirales;f__Acutalibacteraceae;g__Ruminococcoides;s__Ruminococcoides intestinalis	97.66	0.785	GCF_014288065.1	95	d__Bacteria;p__Bacillota;c__Clostridia;o__Oscillospirales;f__Acutalibacteraceae;g__Ruminococcoides;s__Ruminococcoides intestinalis	97.66	0.785	d__Bacteria;p__Bacillota;c__Clostridia;o__Oscillospirales;f__Acutalibacteraceae;g__Ruminococcoides;s__	taxonomic classification defined by topology and ANI	topological placement and ANI have congruent species assignments	"GCF_003438075.1, s__Ruminococcoides sp003438075, 95.0, 90.93, 0.625; GCA_900755995.1, s__Ruminococcoides sp900755995, 95.0, 82.66, 0.202"	96.64	11	N/A	N/A
myloasm_nextpolish_8915_SemiBin_211	d__Bacteria;p__Bacillota;c__Clostridia;o__Oscillospirales;f__Oscillospiraceae;g__Apopatocola;s__Apopatocola sp003522945	GCA_003522945.1	95	d__Bacteria;p__Bacillota;c__Clostridia;o__Oscillospirales;f__Oscillospiraceae;g__Apopatocola;s__Apopatocola sp003522945	97.37	0.64	GCA_003522945.1	95	d__Bacteria;p__Bacillota;c__Clostridia;o__Oscillospirales;f__Oscillospiraceae;g__Apopatocola;s__Apopatocola sp003522945	97.37	0.64	d__Bacteria;p__Bacillota;c__Clostridia;o__Oscillospirales;f__Oscillospiraceae;g__Apopatocola;s__	taxonomic classification defined by topology and ANI	topological placement and ANI have congruent species assignments	"GCA_002404605.1, s__Apopatocola sp002404605, 95.0, 91.0, 0.655; GCA_963617605.1, s__Apopatocola sp963617605, 95.0, 90.78, 0.524; GCA_004557735.1, s__Apopatocola sp004557735, 95.0, 90.09, 0.631; GCA_963645975.1, s__Apopatocola sp963645975, 95.0, 89.72, 0.481; GCA_934511165.1, s__Apopatocola sp934511165, 95.0, 89.39, 0.568; GCA_934533005.1, s__Apopatocola sp934533005, 95.0, 88.77, 0.554; GCA_963618015.1, s__Apopatocola sp963618015, 95.0, 88.34, 0.658; GCA_900763675.1, s__Apopatocola sp900763675, 95.0, 86.07, 0.476"	69.02	11	N/A	N/A
myloasm_nextpolish_8915_SemiBin_22	d__Bacteria;p__Bacillota;c__Peptococcia;o__Peptococcales;f__Peptococcaceae;g__QAKL01;s__QAKL01 sp003343815	GCA_003343815.1	95	d__Bacteria;p__Bacillota;c__Peptococcia;o__Peptococcales;f__Peptococcaceae;g__QAKL01;s__QAKL01 sp003343815	98.42	0.782	GCA_003343815.1	95	d__Bacteria;p__Bacillota;c__Peptococcia;o__Peptococcales;f__Peptococcaceae;g__QAKL01;s__QAKL01 sp003343815	98.42	0.782	d__Bacteria;p__Bacillota;c__Peptococcia;o__Peptococcales;f__Peptococcaceae;g__QAKL01;s__	taxonomic classification defined by topology and ANI	topological placement and ANI have congruent species assignments	N/A	93.55	11	N/A	N/A
myloasm_nextpolish_8915_SemiBin_231	d__Bacteria;p__Bacillota;c__Clostridia;o__Oscillospirales;f__Ruminococcaceae;g__Faecalibacterium;s__Faecalibacterium prausnitzii_I	GCF_003287495.1	95	d__Bacteria;p__Bacillota;c__Clostridia;o__Oscillospirales;f__Ruminococcaceae;g__Faecalibacterium;s__Faecalibacterium prausnitzii_I	97.62	0.871	GCF_003287495.1	95	d__Bacteria;p__Bacillota;c__Clostridia;o__Oscillospirales;f__Ruminococcaceae;g__Faecalibacterium;s__Faecalibacterium prausnitzii_I	97.62	0.871	d__Bacteria;p__Bacillota;c__Clostridia;o__Oscillospirales;f__Ruminococcaceae;g__Faecalibacterium;s__	taxonomic classification defined by topology and ANI	topological placement and ANI have congruent species assignments	"GCA_014858325.1, s__Faecalibacterium sp014858325, 95.0, 85.75, 0.335; GCF_020687245.1, s__Faecalibacterium longum, 95.36, 85.44, 0.374; GCF_019967995.1, s__Faecalibacterium prausnitzii_E, 95.0, 85.32, 0.357; GCA_963612415.1, s__Faecalibacterium sp963612415, 95.0, 85.18, 0.192; GCF_023347275.1, s__Faecalibacterium butyricigenerans, 95.0, 85.05, 0.348; GCF_010509575.1, s__Faecalibacterium duncaniae, 95.0, 84.85, 0.343; GCA_025757845.1, s__Faecalibacterium sp900539945, 95.0, 84.79, 0.314; GCA_937915335.1, s__Faecalibacterium sp937915335, 95.0, 84.63, 0.207; GCF_023347535.1, s__Faecalibacterium wellingii, 95.0, 84.57, 0.262; GCA_934514285.1, s__Faecalibacterium sp934514285, 95.0, 84.55, 0.341; GCF_003287455.1, s__Faecalibacterium hattorii, 95.0, 84.27, 0.332; GCF_036632915.2, s__Faecalibacterium taiwanense, 95.0, 84.16, 0.297; GCF_002549775.1, s__Faecalibacterium prausnitzii_F, 95.0, 84.1, 0.292; GCF_023347295.1, s__Faecalibacterium sp003449675, 95.0, 83.91, 0.291; GCA_902463905.1, s__Faecalibacterium sp902463905, 95.0, 83.89, 0.194; GCA_934525845.1, s__Faecalibacterium sp934525845, 95.0, 83.83, 0.261; GCA_900765705.1, s__Faecalibacterium sp900765705, 95.0, 83.8, 0.212; GCA_002313795.1, s__Faecalibacterium prausnitzii_L, 95.0, 83.77, 0.191; GCA_934526125.1, s__Faecalibacterium sp934526125, 95.0, 83.68, 0.266; GCF_003324185.1, s__Faecalibacterium prausnitzii, 95.0, 83.47, 0.271; GCA_934547065.1, s__Faecalibacterium sp934547065, 95.0, 83.25, 0.212; GCA_934503275.1, s__Faecalibacterium sp934503275, 95.0, 83.18, 0.241; GCA_937917475.1, s__Faecalibacterium sp937917475, 95.0, 83.06, 0.167; GCF_040096575.1, s__Faecalibacterium intestinale, 95.0, 83.05, 0.262; GCF_040096515.1, s__Faecalibacterium tardum, 95.0, 82.96, 0.251; GCA_963615785.1, s__Faecalibacterium sp963615785, 95.0, 82.94, 0.232; GCA_900765105.1, s__Faecalibacterium sp900765105, 95.0, 82.85, 0.211; GCA_934525405.1, s__Faecalibacterium sp934525405, 95.0, 82.79, 0.168; GCA_934533135.1, s__Faecalibacterium sp934533135, 95.0, 82.78, 0.26; GCA_934561555.1, s__Faecalibacterium sp934561555, 95.0, 82.75, 0.237; GCA_900772565.1, s__Faecalibacterium sp900772565, 95.0, 82.69, 0.236; GCA_934513205.1, s__Faecalibacterium sp934513205, 95.0, 82.67, 0.226; GCA_934524985.1, s__Faecalibacterium sp934524985, 95.0, 82.65, 0.237; GCA_934511465.1, s__Faecalibacterium sp934511465, 95.0, 82.59, 0.194; GCA_934561485.1, s__Faecalibacterium sp934561485, 95.0, 82.56, 0.206; GCA_934525735.1, s__Faecalibacterium sp934525735, 95.0, 82.56, 0.203; GCA_902463235.1, s__Faecalibacterium sp902463235, 95.0, 82.53, 0.173; GCA_934540955.1, s__Faecalibacterium sp934540955, 95.0, 82.49, 0.201; GCA_900551435.1, s__Faecalibacterium sp900551435, 95.0, 82.48, 0.227; GCA_963646665.1, s__Faecalibacterium sp963646665, 95.0, 82.46, 0.172; GCA_934512105.1, s__Faecalibacterium sp934512105, 95.0, 82.22, 0.187; GCA_934525325.1, s__Faecalibacterium sp934525325, 95.0, 82.19, 0.174; GCA_963656875.1, s__Faecalibacterium sp963656875, 95.0, 82.11, 0.184; GCA_934548045.1, s__Faecalibacterium sp934548045, 95.0, 82.09, 0.219; GCA_934561115.1, s__Faecalibacterium sp934561115, 95.0, 81.93, 0.189; GCA_004558805.1, s__Faecalibacterium prausnitzii_M, 95.0, 81.9, 0.18; GCA_963660925.1, s__Faecalibacterium sp963660925, 95.0, 81.85, 0.234; GCA_934532365.1, s__Faecalibacterium sp934532365, 95.0, 81.73, 0.202; GCA_934501115.1, s__Faecalibacterium sp934501115, 95.0, 81.73, 0.18; GCA_934553285.1, s__Faecalibacterium sp934553285, 95.0, 81.68, 0.199; GCA_934539245.1, s__Faecalibacterium sp934539245, 95.0, 81.6, 0.212; GCA_934518555.1, s__Faecalibacterium sp934518555, 95.0, 81.07, 0.16; GCA_963599235.1, s__Faecalibacterium sp963599235, 95.0, 80.8, 0.18"	62.27	11	N/A	N/A
myloasm_nextpolish_8915_SemiBin_242	d__Bacteria;p__Bacillota;c__Clostridia;o__Oscillospirales;f__Oscillospiraceae;g__HGM13006;s__HGM13006 sp900757695	GCA_959607825.1	95	d__Bacteria;p__Bacillota;c__Clostridia;o__Oscillospirales;f__Oscillospiraceae;g__HGM13006;s__HGM13006 sp900757695	98.81	0.857	GCA_959607825.1	95	d__Bacteria;p__Bacillota;c__Clostridia;o__Oscillospirales;f__Oscillospiraceae;g__HGM13006;s__HGM13006 sp900757695	98.81	0.857	d__Bacteria;p__Bacillota;c__Clostridia;o__Oscillospirales;f__Oscillospiraceae;g__HGM13006;s__	taxonomic classification defined by topology and ANI	topological placement and ANI have congruent species assignments	"GCA_905201305.1, s__HGM13006 sp905201305, 95.0, 82.85, 0.185; GCA_905202605.1, s__HGM13006 sp905202605, 95.0, 82.79, 0.23; GCA_900756575.1, s__HGM13006 sp900756575, 95.0, 82.01, 0.263; GCA_934546685.1, s__HGM13006 sp934546685, 95.0, 81.42, 0.22; GCA_963650135.1, s__HGM13006 sp963650135, 95.0, 80.96, 0.254"	68.65	11	N/A	N/A
myloasm_nextpolish_8915_SemiBin_28	d__Bacteria;p__Bacteroidota;c__Bacteroidia;o__Bacteroidales;f__Bacteroidaceae;g__Bacteroides;s__Bacteroides cellulosilyticus	GCF_028539415.1	95.26	d__Bacteria;p__Bacteroidota;c__Bacteroidia;o__Bacteroidales;f__Bacteroidaceae;g__Bacteroides;s__Bacteroides cellulosilyticus	98.29	0.772	GCF_028539415.1	95.26	d__Bacteria;p__Bacteroidota;c__Bacteroidia;o__Bacteroidales;f__Bacteroidaceae;g__Bacteroides;s__Bacteroides cellulosilyticus	98.29	0.772	d__Bacteria;p__Bacteroidota;c__Bacteroidia;o__Bacteroidales;f__Bacteroidaceae;g__Bacteroides;s__	taxonomic classification defined by topology and ANI	topological placement and ANI have congruent species assignments	"GCF_000513195.1, s__Bacteroides timonensis, 95.0, 94.45, 0.591; GCF_020091405.1, s__Bacteroides sp900552405, 95.23, 93.98, 0.634; GCF_036416795.1, s__Bacteroides sp036416795, 95.05, 93.57, 0.612; GCF_003464595.1, s__Bacteroides intestinalis_A, 95.0, 89.6, 0.449; GCF_902364365.1, s__Bacteroides sp900556215, 95.07, 88.79, 0.43; GCA_900557355.1, s__Bacteroides sp900557355, 95.0, 88.75, 0.229; GCF_000172175.1, s__Bacteroides intestinalis, 95.0, 88.42, 0.426; GCF_900142015.1, s__Bacteroides stercorirosoris, 95.0, 84.28, 0.316; GCF_905207245.1, s__Bacteroides sp905207245, 95.0, 83.78, 0.256; GCA_947071285.1, s__Bacteroides sp947071285, 95.0, 83.2, 0.251; GCA_905215555.1, s__Bacteroides sp905215555, 95.0, 82.8, 0.274; GCF_000315485.1, s__Bacteroides oleiciplenus, 95.0, 82.62, 0.269"	91.56	11	N/A	N/A
myloasm_nextpolish_8915_SemiBin_34	d__Bacteria;p__Bacillota;c__Clostridia;o__Oscillospirales;f__Oscillospiraceae;g__Pseudoscillospira;s__Pseudoscillospira sp018369915	GCA_020555865.1	95	d__Bacteria;p__Bacillota;c__Clostridia;o__Oscillospirales;f__Oscillospiraceae;g__Pseudoscillospira;s__Pseudoscillospira sp018369915	98.99	0.786	GCA_020555865.1	95	d__Bacteria;p__Bacillota;c__Clostridia;o__Oscillospirales;f__Oscillospiraceae;g__Pseudoscillospira;s__Pseudoscillospira sp018369915	98.99	0.786	d__Bacteria;p__Bacillota;c__Clostridia;o__Oscillospirales;f__Oscillospiraceae;g__Pseudoscillospira;s__	taxonomic classification defined by topology and ANI	topological placement and ANI have congruent species assignments	"GCA_020555605.1, s__Pseudoscillospira sp020555605, 95.0, 88.79, 0.589"	52.9	11	N/A	N/A
myloasm_nextpolish_8915_SemiBin_45	d__Bacteria;p__Bacillota;c__Negativicutes;o__Acidaminococcales;f__Acidaminococcaceae;g__Phascolarctobacterium;s__Phascolarctobacterium faecium	GCF_003269275.1	95	d__Bacteria;p__Bacillota;c__Negativicutes;o__Acidaminococcales;f__Acidaminococcaceae;g__Phascolarctobacterium;s__Phascolarctobacterium faecium	97.94	0.622	GCF_003269275.1	95	d__Bacteria;p__Bacillota;c__Negativicutes;o__Acidaminococcales;f__Acidaminococcaceae;g__Phascolarctobacterium;s__Phascolarctobacterium faecium	97.94	0.622	d__Bacteria;p__Bacillota;c__Negativicutes;o__Acidaminococcales;f__Acidaminococcaceae;g__Phascolarctobacterium;s__	taxonomic classification defined by topology and ANI	topological placement and ANI have congruent species assignments	"GCA_900551745.1, s__Phascolarctobacterium sp900551745, 95.0, 93.51, 0.433; GCF_900545535.1, s__Phascolarctobacterium sp900545535, 95.0, 85.16, 0.401; GCF_900544795.1, s__Phascolarctobacterium sp900544795, 95.0, 81.52, 0.21"	48.79	11	N/A	N/A
myloasm_nextpolish_8915_SemiBin_502	d__Bacteria;p__Bacillota;c__Clostridia;o__Lachnospirales;f__Lachnospiraceae;g__Lachnospira;s__Lachnospira sp900551945	GCA_900551945.1	95	d__Bacteria;p__Bacillota;c__Clostridia;o__Lachnospirales;f__Lachnospiraceae;g__Lachnospira;s__Lachnospira sp900551945	99.58	0.924	GCA_900551945.1	95	d__Bacteria;p__Bacillota;c__Clostridia;o__Lachnospirales;f__Lachnospiraceae;g__Lachnospira;s__Lachnospira sp900551945	99.58	0.924	d__Bacteria;p__Bacillota;c__Clostridia;o__Lachnospirales;f__Lachnospiraceae;g__Lachnospira;s__	taxonomic classification defined by topology and ANI	topological placement and ANI have congruent species assignments	N/A	89.02	11	N/A	N/A
myloasm_nextpolish_8915_SemiBin_52	d__Bacteria;p__Bacillota;c__Clostridia;o__Christensenellales;f__Aristaeellaceae;g__Limiplasma;s__Limiplasma sp900548145	GCA_900548145.1	95	d__Bacteria;p__Bacillota;c__Clostridia;o__Christensenellales;f__Aristaeellaceae;g__Limiplasma;s__Limiplasma sp900548145	97.37	0.785	GCA_900548145.1	95	d__Bacteria;p__Bacillota;c__Clostridia;o__Christensenellales;f__Aristaeellaceae;g__Limiplasma;s__Limiplasma sp900548145	97.37	0.785	d__Bacteria;p__Bacillota;c__Clostridia;o__Christensenellales;f__Aristaeellaceae;g__Limiplasma;s__	taxonomic classification defined by topology and ANI	topological placement and ANI have congruent species assignments	"GCA_934643535.1, s__Limiplasma sp934643535, 95.0, 88.52, 0.509; GCA_004556545.1, s__Limiplasma sp004556545, 95.0, 88.4, 0.487"	42.91	11	N/A	N/A
myloasm_nextpolish_8915_SemiBin_520	d__Bacteria;p__Bacillota;c__Clostridia;o__Christensenellales;f__Pumilibacteraceae;g__UBA10677;s__UBA10677 sp003533505	GCA_003533505.1	95	d__Bacteria;p__Bacillota;c__Clostridia;o__Christensenellales;f__Pumilibacteraceae;g__UBA10677;s__UBA10677 sp003533505	98.36	0.923	GCA_003533505.1	95	d__Bacteria;p__Bacillota;c__Clostridia;o__Christensenellales;f__Pumilibacteraceae;g__UBA10677;s__UBA10677 sp003533505	98.36	0.923	d__Bacteria;p__Bacillota;c__Clostridia;o__Christensenellales;f__Pumilibacteraceae;g__UBA10677;s__	taxonomic classification defined by topology and ANI	topological placement and ANI have congruent species assignments	"GCA_900762945.1, s__UBA10677 sp900762945, 95.0, 85.74, 0.26; GCA_934277845.1, s__UBA10677 sp934277845, 95.0, 83.36, 0.249"	92.73	11	N/A	N/A
myloasm_nextpolish_8915_SemiBin_569	d__Bacteria;p__Bacillota;c__Clostridia;o__Lachnospirales;f__Lachnospiraceae;g__Jutongia;s__Jutongia sp003524945	GCF_003478445.1	95	d__Bacteria;p__Bacillota;c__Clostridia;o__Lachnospirales;f__Lachnospiraceae;g__Jutongia;s__Jutongia sp003524945	98.25	0.836	GCF_003478445.1	95	d__Bacteria;p__Bacillota;c__Clostridia;o__Lachnospirales;f__Lachnospiraceae;g__Jutongia;s__Jutongia sp003524945	98.25	0.836	d__Bacteria;p__Bacillota;c__Clostridia;o__Lachnospirales;f__Lachnospiraceae;g__Jutongia;s__	taxonomic classification defined by topology and ANI	topological placement and ANI have congruent species assignments	"GCA_934338765.1, s__Jutongia sp934338765, 95.0, 83.09, 0.192; GCA_902788645.1, s__Jutongia sp902788645, 95.0, 82.84, 0.228; GCF_014384985.1, s__Jutongia huaianensis, 95.0, 82.82, 0.228; GCA_900759665.1, s__Jutongia sp900759665, 95.0, 82.68, 0.216; GCA_934339135.1, s__Jutongia sp934339135, 95.0, 82.47, 0.232"	93.03	11	N/A	N/A
myloasm_nextpolish_8915_SemiBin_582	d__Bacteria;p__Actinomycetota;c__Coriobacteriia;o__Coriobacteriales;f__Coriobacteriaceae;g__Collinsella;s__	N/A	N/A	N/A	N/A	N/A	N/A	N/A	N/A	N/A	N/A	d__Bacteria;p__Actinomycetota;c__Coriobacteriia;o__Coriobacteriales;f__Coriobacteriaceae;g__Collinsella;s__	taxonomic classification defined by topology and ANI	classification based on placement in class-level tree	"GCA_902364645.1, s__Collinsella sp902364645, 95.08, 95.03, 0.835; GCA_900549715.1, s__Collinsella sp900549715, 95.0, 94.98, 0.851; GCA_905202925.1, s__Collinsella sp905202925, 95.0, 94.98, 0.82; GCA_905215525.1, s__Collinsella sp905215525, 95.38, 94.95, 0.804; GCF_003465485.1, s__Collinsella sp003465485, 95.41, 94.91, 0.843; GCF_902364885.1, s__Collinsella aerofaciens_AT, 95.18, 94.91, 0.815; GCA_905214525.1, s__Collinsella sp905214525, 95.07, 94.91, 0.808; GCA_902405995.1, s__Collinsella sp902405995, 95.15, 94.89, 0.843; GCA_905214385.1, s__Collinsella sp905214385, 95.15, 94.89, 0.831; GCA_958413765.1, s__Collinsella sp958413765, 95.21, 94.85, 0.842; GCA_019425015.1, s__Collinsella sp019425015, 95.0, 94.83, 0.835; GCA_900756945.1, s__Collinsella sp900756945, 95.0, 94.82, 0.836; GCA_937925265.1, s__Collinsella sp937925265, 95.2, 94.82, 0.779; GCA_905214905.1, s__Collinsella sp905214905, 95.0, 94.81, 0.853; GCA_902475525.1, s__Collinsella sp902475525, 95.02, 94.8, 0.846; GCF_028209625.1, s__Collinsella aerofaciens_AM, 95.07, 94.8, 0.815; GCA_900757385.1, s__Collinsella sp900757385, 95.0, 94.79, 0.816; GCA_902363875.1, s__Collinsella sp902363875, 95.0, 94.74, 0.802; GCA_900546475.1, s__Collinsella sp900546475, 95.02, 94.73, 0.84; GCA_027673765.1, s__Collinsella sp027673765, 95.0, 94.71, 0.795; GCF_003459505.1, s__Collinsella sp003459505, 95.0, 94.71, 0.777; GCA_905215505.1, s__Collinsella sp905215505, 95.06, 94.69, 0.846; GCA_958372075.1, s__Collinsella sp958372075, 95.22, 94.69, 0.815; GCA_003462965.1, s__Collinsella sp003462965, 95.0, 94.63, 0.832; GCF_902364945.1, s__Collinsella aerofaciens_O, 95.12, 94.63, 0.809; GCA_019419605.1, s__Collinsella sp019419605, 95.0, 94.63, 0.764; GCA_900546825.1, s__Collinsella sp900546825, 95.0, 94.6, 0.848; GCA_900550415.1, s__Collinsella sp900550415, 95.0, 94.6, 0.836; GCA_902466395.1, s__Collinsella sp902466395, 95.21, 94.6, 0.788; GCA_958445895.1, s__Collinsella sp958445895, 95.0, 94.58, 0.827; GCA_900545555.1, s__Collinsella sp900545555, 95.0, 94.58, 0.812; GCA_959601045.1, s__Collinsella sp959601045, 95.0, 94.56, 0.863; GCA_900762345.1, s__Collinsella sp900762345, 95.0, 94.56, 0.832; GCF_028209395.1, s__Collinsella aerofaciens_AZ, 95.05, 94.56, 0.826; GCF_902363845.1, s__Collinsella aerofaciens_AP, 95.11, 94.56, 0.823; GCA_905215905.1, s__Collinsella sp905215905, 95.15, 94.56, 0.82; GCA_900757185.1, s__Collinsella sp900757185, 95.0, 94.52, 0.839; GCA_902469435.1, s__Collinsella sp902469435, 95.05, 94.52, 0.834; GCF_964243765.1, s__Collinsella aerofaciens_BU, 95.0, 94.5, 0.813; GCF_003439125.1, s__Collinsella sp003439125, 95.36, 94.5, 0.802; GCA_019414425.1, s__Collinsella sp019414425, 95.0, 94.49, 0.833; GCA_902364975.1, s__Collinsella sp902364975, 95.0, 94.47, 0.839; GCA_900543275.1, s__Collinsella sp900543275, 95.0, 94.47, 0.836; GCF_003470665.1, s__Collinsella sp003470665, 95.0, 94.47, 0.787; GCA_019414025.1, s__Collinsella sp019414025, 95.0, 94.45, 0.823; GCA_900544115.1, s__Collinsella sp900544115, 95.0, 94.45, 0.816; GCA_959606495.1, s__Collinsella sp959606495, 95.18, 94.45, 0.814; GCF_003459245.1, s__Collinsella sp003459245, 95.02, 94.45, 0.799; GCA_900542275.1, s__Collinsella sp900542275, 95.0, 94.41, 0.843; GCA_905215115.1, s__Collinsella sp905215115, 95.0, 94.41, 0.797; GCA_900546115.1, s__Collinsella sp900546115, 95.0, 94.4, 0.818; GCA_900757265.1, s__Collinsella sp900757265, 95.0, 94.4, 0.81; GCA_900551205.1, s__Collinsella sp900551205, 95.18, 94.38, 0.835; GCA_902388345.1, s__Collinsella sp902388345, 95.0, 94.37, 0.815; GCA_900541645.1, s__Collinsella sp900541645, 95.0, 94.36, 0.841; GCA_900547235.1, s__Collinsella sp900547235, 95.29, 94.36, 0.808; GCA_019414385.1, s__Collinsella sp019414385, 95.0, 94.33, 0.831; GCA_900768435.1, s__Collinsella sp900768435, 95.0, 94.25, 0.808; GCA_958446785.1, s__Collinsella sp958446785, 95.06, 94.24, 0.794; GCA_019419455.1, s__Collinsella sp019419455, 95.0, 94.22, 0.836; GCA_900544875.1, s__Collinsella sp900544875, 95.0, 94.22, 0.816; GCA_958428675.1, s__Collinsella sp958428675, 95.0, 94.21, 0.826; GCF_015561195.1, s__Collinsella aerofaciens_AC, 95.0, 94.12, 0.763; GCA_019419485.1, s__Collinsella sp019419485, 95.0, 94.09, 0.794; GCA_900549245.1, s__Collinsella sp900549245, 95.0, 94.07, 0.804; GCA_019414625.1, s__Collinsella sp019414625, 95.0, 93.98, 0.827; GCF_002736145.1, s__Collinsella aerofaciens_A, 95.06, 93.98, 0.77; GCF_015554145.1, s__Collinsella aerofaciens_AA, 95.0, 93.95, 0.738; GCA_900757615.1, s__Collinsella sp900757615, 95.0, 93.93, 0.83; GCA_019419525.1, s__Collinsella sp019419525, 95.0, 93.93, 0.796; GCA_902478835.1, s__Collinsella sp900549335, 95.0, 93.91, 0.809; GCA_900762355.1, s__Collinsella sp900762355, 95.0, 93.91, 0.801; GCA_902469055.1, s__Collinsella sp902469055, 95.01, 93.88, 0.827; GCA_021639365.1, s__Collinsella aerofaciens_AH, 95.0, 93.86, 0.794; GCA_902464035.1, s__Collinsella sp902464035, 95.0, 93.85, 0.752; GCA_022745215.1, s__Collinsella sp022745215, 95.0, 93.83, 0.824; GCA_902479135.1, s__Collinsella sp902479135, 95.0, 93.77, 0.799; GCA_900547805.1, s__Collinsella sp900547805, 95.0, 93.76, 0.815; GCA_019419445.1, s__Collinsella sp019419445, 95.0, 93.73, 0.807; GCA_025992855.1, s__Collinsella sp025992855, 95.0, 93.57, 0.774; GCA_902470765.1, s__Collinsella sp902470765, 95.0, 93.52, 0.806; GCA_900762325.1, s__Collinsella sp900762325, 95.0, 93.52, 0.793; GCA_902464965.1, s__Collinsella sp902464965, 95.0, 93.31, 0.748; GCA_021641225.1, s__Collinsella aerofaciens_AJ, 95.0, 93.3, 0.763; GCA_902497025.1, s__Collinsella sp902497025, 95.0, 93.27, 0.799; GCA_958407085.1, s__Collinsella sp958407085, 95.12, 93.26, 0.755; GCA_902496275.1, s__Collinsella sp902496275, 95.0, 93.22, 0.794; GCA_900754525.1, s__Collinsella sp900754525, 95.0, 93.22, 0.77; GCA_900550355.1, s__Collinsella sp900550355, 95.0, 93.18, 0.785; GCA_958412345.1, s__Collinsella sp958412345, 95.0, 93.18, 0.763; GCA_900556205.1, s__Collinsella sp900556205, 95.0, 93.12, 0.771; GCA_958405565.1, s__Collinsella sp958405565, 95.0, 93.11, 0.728; GCA_902463875.1, s__Collinsella sp902463875, 95.0, 93.08, 0.741; GCA_934654765.1, s__Collinsella sp934654765, 95.0, 93.01, 0.776; GCA_902476475.1, s__Collinsella sp902476475, 95.0, 93.01, 0.764; GCA_934630375.1, s__Collinsella sp934630375, 95.0, 92.97, 0.779; GCA_958349055.1, s__Collinsella sp958349055, 95.0, 92.97, 0.773; GCA_934643145.1, s__Collinsella sp934643145, 95.0, 92.29, 0.726; GCF_015557435.1, s__Collinsella aerofaciens_Z, 95.0, 92.22, 0.733; GCA_934668875.1, s__Collinsella sp934668875, 95.0, 92.05, 0.718"	96.98	11	0.9947	Genome not assigned to closest species as it falls outside its pre-defined ANI radius
myloasm_nextpolish_8915_SemiBin_583	d__Bacteria;p__Bacillota;c__Clostridia;o__TANB77;f__CAG-508;g__CAG-492;s__CAG-492 sp000434335	GCA_000434335.1	95	d__Bacteria;p__Bacillota;c__Clostridia;o__TANB77;f__CAG-508;g__CAG-492;s__CAG-492 sp000434335	96.14	0.749	GCA_000434335.1	95	d__Bacteria;p__Bacillota;c__Clostridia;o__TANB77;f__CAG-508;g__CAG-492;s__CAG-492 sp000434335	96.14	0.749	d__Bacteria;p__Bacillota;c__Clostridia;o__TANB77;f__CAG-508;g__CAG-492;s__	taxonomic classification defined by topology and ANI	topological placement and ANI have congruent species assignments	"GCA_934167365.1, s__CAG-492 sp934167365, 95.0, 83.22, 0.164"	88.5	11	N/A	N/A
myloasm_nextpolish_8915_SemiBin_88	d__Bacteria;p__Bacillota;c__Clostridia;o__Lachnospirales;f__Lachnospiraceae;g__Coprococcus;s__Coprococcus aceti	GCF_025567285.1	95	d__Bacteria;p__Bacillota;c__Clostridia;o__Lachnospirales;f__Lachnospiraceae;g__Coprococcus;s__Coprococcus aceti	97.95	0.818	GCF_025567285.1	95	d__Bacteria;p__Bacillota;c__Clostridia;o__Lachnospirales;f__Lachnospiraceae;g__Coprococcus;s__Coprococcus aceti	97.95	0.818	d__Bacteria;p__Bacillota;c__Clostridia;o__Lachnospirales;f__Lachnospiraceae;g__Coprococcus;s__	taxonomic classification defined by topology and ANI	topological placement and ANI have congruent species assignments	"GCA_963600665.1, s__Coprococcus sp963600665, 95.0, 93.32, 0.646; GCA_934247115.1, s__Coprococcus sp934247115, 95.0, 90.85, 0.593; GCA_900557435.1, s__Coprococcus sp900557435, 95.0, 89.94, 0.331; GCF_025149915.1, s__Coprococcus eutactus, 95.0, 89.91, 0.437; GCA_900548315.1, s__Coprococcus sp900548315, 95.0, 89.44, 0.376; GCA_029338615.1, s__Coprococcus sp029338615, 95.0, 89.26, 0.422; GCA_934277375.1, s__Coprococcus sp934277375, 95.0, 88.65, 0.438; GCA_902461735.1, s__Coprococcus sp902461735, 95.42, 88.55, 0.356; GCA_900548215.1, s__Coprococcus sp900548215, 95.0, 88.52, 0.374; GCA_934270935.1, s__Coprococcus sp934270935, 95.18, 87.82, 0.338; GCA_016297325.1, s__Coprococcus sp016297325, 95.0, 85.93, 0.304"	94.08	11	N/A	N/A
myloasm_nextpolish_8915_SemiBin_92	d__Bacteria;p__Bacteroidota;c__Bacteroidia;o__Bacteroidales;f__Bacteroidaceae;g__Phocaeicola;s__Phocaeicola vulgatus	GCF_964248265.1	95.21	d__Bacteria;p__Bacteroidota;c__Bacteroidia;o__Bacteroidales;f__Bacteroidaceae;g__Phocaeicola;s__Phocaeicola vulgatus	98.95	0.794	GCF_964248265.1	95.21	d__Bacteria;p__Bacteroidota;c__Bacteroidia;o__Bacteroidales;f__Bacteroidaceae;g__Phocaeicola;s__Phocaeicola vulgatus	98.95	0.794	d__Bacteria;p__Bacteroidota;c__Bacteroidia;o__Bacteroidales;f__Bacteroidaceae;g__Phocaeicola;s__	taxonomic classification defined by topology and ANI	topological placement and ANI have congruent species assignments	"GCA_948566455.1, s__Phocaeicola sp948566455, 95.0, 97.78, 0.394; GCA_019414665.1, s__Phocaeicola sp019414665, 95.0, 97.65, 0.363; GCA_019414725.1, s__Phocaeicola sp019414725, 95.0, 96.9, 0.385; GCA_947574505.1, s__Phocaeicola sp947574505, 95.0, 96.79, 0.381; GCA_948579315.1, s__Phocaeicola sp948579315, 95.0, 96.44, 0.4; GCF_013009555.1, s__Phocaeicola dorei, 95.0, 95.08, 0.732; GCA_900760795.1, s__Phocaeicola sp900760795, 95.0, 93.86, 0.46; GCA_947072895.1, s__Phocaeicola sp011959205, 95.0, 89.94, 0.527; GCF_024622025.1, s__Phocaeicola sartorii, 95.0, 89.38, 0.517; GCA_963651205.1, s__Phocaeicola sp963651205, 95.0, 85.54, 0.366; GCA_947173895.1, s__Phocaeicola sp947173895, 95.0, 80.86, 0.184; GCA_902388365.1, s__Phocaeicola sp902388365, 95.0, 80.15, 0.163"	98.09	11	N/A	N/A
opera_ms_4143_SemiBin_101	d__Bacteria;p__Bacillota;c__Clostridia;o__Peptostreptococcales;f__Anaerovoracaceae;g__Hominibacterium;s__Hominibacterium hominis	GCF_014333425.1	95.3	d__Bacteria;p__Bacillota;c__Clostridia;o__Peptostreptococcales;f__Anaerovoracaceae;g__Hominibacterium;s__Hominibacterium hominis	98.02	0.814	GCF_014333425.1	95.3	d__Bacteria;p__Bacillota;c__Clostridia;o__Peptostreptococcales;f__Anaerovoracaceae;g__Hominibacterium;s__Hominibacterium hominis	98.02	0.814	d__Bacteria;p__Bacillota;c__Clostridia;o__Peptostreptococcales;f__Anaerovoracaceae;g__Hominibacterium;s__	taxonomic classification defined by topology and ANI	topological placement and ANI have congruent species assignments	"GCA_019420305.1, s__Hominibacterium sp019420305, 95.0, 94.16, 0.591"	85.09	11	N/A	N/A
opera_ms_4143_SemiBin_106	d__Bacteria;p__Bacillota;c__Clostridia;o__Oscillospirales;f__Oscillospiraceae;g__Vescimonas;s__Vescimonas sp000435555	GCA_000435555.1	95	d__Bacteria;p__Bacillota;c__Clostridia;o__Oscillospirales;f__Oscillospiraceae;g__Vescimonas;s__Vescimonas sp000435555	97.86	0.911	GCA_000435555.1	95	d__Bacteria;p__Bacillota;c__Clostridia;o__Oscillospirales;f__Oscillospiraceae;g__Vescimonas;s__Vescimonas sp000435555	97.86	0.911	d__Bacteria;p__Bacillota;c__Clostridia;o__Oscillospirales;f__Oscillospiraceae;g__Vescimonas;s__	taxonomic classification defined by topology and ANI	topological placement and ANI have congruent species assignments	"GCA_002438575.1, s__Vescimonas sp002438575, 95.0, 94.13, 0.771; GCA_934623575.1, s__Vescimonas sp934623575, 95.0, 87.87, 0.485; GCA_003487665.1, s__Vescimonas sp003487665, 95.0, 87.38, 0.396; GCA_934590325.1, s__Vescimonas sp934590325, 95.0, 87.34, 0.482; GCA_963628195.1, s__Vescimonas sp963628195, 95.0, 85.83, 0.435; GCA_900551995.1, s__Vescimonas sp900551995, 95.0, 85.07, 0.383; GCA_900551355.1, s__Vescimonas sp900551355, 95.0, 84.85, 0.24; GCA_963632705.1, s__Vescimonas sp963632705, 95.0, 84.78, 0.314; GCA_900554275.1, s__Vescimonas sp900554275, 95.0, 84.57, 0.293; GCA_945878665.1, s__Vescimonas sp945878665, 95.0, 84.36, 0.279; GCA_900550585.1, s__Vescimonas sp900550585, 95.0, 83.45, 0.227; GCA_934591815.1, s__Vescimonas sp934591815, 95.0, 83.13, 0.243; GCA_900545585.1, s__Vescimonas sp900545585, 95.0, 83.06, 0.219; GCA_900545495.1, s__Vescimonas sp900545495, 95.0, 82.97, 0.24; GCA_934591745.1, s__Vescimonas sp934591745, 95.0, 82.81, 0.226; GCA_900547745.1, s__Vescimonas sp900547745, 95.0, 82.7, 0.225; GCA_963613145.1, s__Vescimonas sp963613145, 95.0, 82.66, 0.249; GCA_934589835.1, s__Vescimonas sp934589835, 95.0, 82.24, 0.19"	83.46	11	N/A	N/A
opera_ms_4143_SemiBin_11	d__Bacteria;p__Bacillota;c__Clostridia;o__Lachnospirales;f__Lachnospiraceae;g__Blautia_A;s__Blautia_A obeum	GCF_025147765.1	95	d__Bacteria;p__Bacillota;c__Clostridia;o__Lachnospirales;f__Lachnospiraceae;g__Blautia_A;s__Blautia_A obeum	98.51	0.811	GCF_025147765.1	95	d__Bacteria;p__Bacillota;c__Clostridia;o__Lachnospirales;f__Lachnospiraceae;g__Blautia_A;s__Blautia_A obeum	98.51	0.811	d__Bacteria;p__Bacillota;c__Clostridia;o__Lachnospirales;f__Lachnospiraceae;g__Blautia_A;s__	taxonomic classification defined by topology and ANI	topological placement and ANI have congruent species assignments	"GCF_934424005.1, s__Blautia_A sp934424005, 95.25, 94.59, 0.726; GCA_963622815.1, s__Blautia_A sp963622815, 95.0, 86.55, 0.463; GCA_934378195.1, s__Blautia_A sp934378195, 95.0, 86.44, 0.503; GCA_963597235.1, s__Blautia_A sp963597235, 95.0, 86.4, 0.389; GCF_934372025.1, s__Blautia_A sp934372025, 95.0, 84.86, 0.384; GCF_018918125.1, s__Blautia_A sp018918125, 95.0, 84.37, 0.331; GCF_900120195.1, s__Blautia_A sp900120195, 95.0, 84.27, 0.291; GCA_900066355.1, s__Blautia_A sp900066355, 95.0, 84.02, 0.302; GCF_040096655.1, s__Blautia_A intestinihominis, 95.0, 83.28, 0.233; GCA_934371915.1, s__Blautia_A sp934371915, 95.0, 83.1, 0.263; GCF_014297355.1, s__Blautia_A intestinalis, 95.0, 82.99, 0.27; GCF_009883055.1, s__Blautia_A sp900548245, 95.0, 82.07, 0.197; GCF_934424575.1, s__Blautia_A sp934424575, 95.0, 81.9, 0.191; GCA_934402155.1, s__Blautia_A sp934402155, 95.0, 81.35, 0.153"	92.71	11	N/A	N/A
opera_ms_4143_SemiBin_114	d__Bacteria;p__Bacillota;c__Bacilli;o__Lactobacillales;f__Streptococcaceae;g__Streptococcus;s__Streptococcus ilei	GCF_000479335.1	95	d__Bacteria;p__Bacillota;c__Bacilli;o__Lactobacillales;f__Streptococcaceae;g__Streptococcus;s__Streptococcus ilei	95.86	0.876	GCF_003943615.1	95	d__Bacteria;p__Bacillota;c__Bacilli;o__Lactobacillales;f__Streptococcaceae;g__Streptococcus;s__Streptococcus australis_C	95.1	0.846	d__Bacteria;p__Bacillota;c__Bacilli;o__Lactobacillales;f__Streptococcaceae;g__Streptococcus;s__	taxonomic classification defined by topology and ANI	N/A	"GCF_015553625.1, s__Streptococcus australis_B, 95.0, 94.64, 0.856; GCA_902836505.1, s__Streptococcus sp902836505, 95.0, 93.81, 0.696; GCF_040226615.1, s__Streptococcus australis_E, 95.0, 93.14, 0.838; GCF_004166885.1, s__Streptococcus sp004166885, 95.0, 93.11, 0.818; GCF_021341835.1, s__Streptococcus sp021341835, 95.0, 92.99, 0.821; GCF_000186465.1, s__Streptococcus australis, 95.0, 92.71, 0.82; GCF_900636365.1, s__Streptococcus viridans_A, 95.06, 92.63, 0.834; GCF_030825805.1, s__Streptococcus sp030825805, 95.05, 92.01, 0.724; GCF_001072385.1, s__Streptococcus sp001072385, 95.0, 91.92, 0.814; GCF_006385805.1, s__Streptococcus xiaochunlingii, 95.0, 91.85, 0.79; GCF_019930045.1, s__Streptococcus australis_D, 95.0, 91.76, 0.777; GCA_902363395.1, s__Streptococcus sp902363395, 95.0, 91.71, 0.801; GCA_902470035.1, s__Streptococcus sp902470035, 95.0, 91.36, 0.703; GCF_004785935.1, s__Streptococcus rubneri, 95.0, 91.35, 0.724; GCF_905372335.1, s__Streptococcus sp905372335, 95.05, 90.87, 0.675; GCA_963540685.1, s__Streptococcus sp963540685, 95.0, 87.98, 0.247; GCF_000314795.2, s__Streptococcus sp000314795, 95.0, 87.04, 0.355; GCA_902479835.1, s__Streptococcus sp902479835, 95.0, 86.33, 0.175; GCF_040908565.1, s__Streptococcus parasanguinis_AC, 95.0, 85.93, 0.307; GCF_001074805.1, s__Streptococcus parasanguinis_A, 95.0, 85.82, 0.285; GCA_902373455.1, s__Streptococcus sp902373455, 95.0, 85.63, 0.238; GCF_024463135.1, s__Streptococcus parasanguinis_S, 95.0, 85.5, 0.265; GCF_015556095.1, s__Streptococcus parasanguinis_Q, 95.18, 85.44, 0.276; GCF_943193075.1, s__Streptococcus caecimuris, 95.77, 85.42, 0.267; GCF_001813105.1, s__Streptococcus sp001813105, 95.24, 85.4, 0.282; GCA_027685415.1, s__Streptococcus sp027685415, 95.68, 85.39, 0.261; GCA_963543165.1, s__Streptococcus sp963543165, 95.0, 85.38, 0.211; GCF_031582885.1, s__Streptococcus parasanguinis_M, 95.21, 85.34, 0.272; GCF_001813505.1, s__Streptococcus sp001813505, 95.59, 85.32, 0.262; GCF_000507765.1, s__Streptococcus parasanguinis_J, 95.0, 85.31, 0.273; GCF_024295625.1, s__Streptococcus sp024295625, 95.35, 85.28, 0.289; GCF_015557775.1, s__Streptococcus parasanguinis_AA, 95.46, 85.27, 0.279; GCF_035544715.1, s__Streptococcus parasanguinis_F, 95.54, 85.23, 0.281; GCF_001813675.1, s__Streptococcus sp001813675, 95.49, 85.21, 0.273; GCF_040226555.1, s__Streptococcus parasanguinis_W, 95.79, 85.2, 0.278; GCA_032477695.1, s__Streptococcus parasanguinis_Y, 95.5, 85.19, 0.274; GCF_000164675.2, s__Streptococcus parasanguinis, 95.0, 85.19, 0.26; GCF_019929185.1, s__Streptococcus parasanguinis_O, 95.3, 85.13, 0.294; GCF_030545615.1, s__Streptococcus parasanguinis_Z, 95.54, 85.09, 0.276; GCA_036663675.1, s__Streptococcus sp036663675, 95.48, 85.07, 0.28; GCF_016648855.1, s__Streptococcus parasanguinis_L, 95.28, 85.06, 0.281; GCF_039059645.1, s__Streptococcus parasanguinis_X, 95.7, 85.04, 0.271; GCF_001073155.1, s__Streptococcus parasanguinis_D, 95.0, 85.02, 0.257; GCF_001069785.1, s__Streptococcus parasanguinis_T, 95.15, 85.01, 0.271; GCF_032163505.1, s__Streptococcus parasanguinis_V, 95.65, 85.0, 0.267; GCF_034137685.1, s__Streptococcus parasanguinis_C, 95.05, 84.95, 0.255; GCF_000963275.1, s__Streptococcus parasanguinis_B, 95.08, 84.93, 0.264; GCA_018365265.1, s__Streptococcus parasanguinis_G, 95.0, 84.88, 0.262; GCF_001813295.1, s__Streptococcus sp001813295, 95.4, 84.87, 0.27; GCF_034134805.1, s__Streptococcus sp034134805, 95.65, 84.86, 0.259; GCF_016648925.1, s__Streptococcus sp900766505, 95.4, 84.84, 0.256; GCF_008727815.1, s__Streptococcus sp008727815, 95.46, 84.83, 0.252; GCA_958445905.1, s__Streptococcus sp958445905, 95.53, 84.79, 0.195; GCA_000448565.1, s__Streptococcus sp000448565, 95.0, 84.74, 0.248; GCF_023109675.1, s__Streptococcus parasanguinis_I, 95.39, 84.71, 0.261; GCA_032572035.1, s__Streptococcus parasanguinis_AB, 95.55, 84.63, 0.233; GCA_905188195.1, s__Streptococcus parasanguinis_P, 95.0, 84.57, 0.25; GCF_959025735.1, s__Streptococcus sp959025735, 95.09, 84.56, 0.218; GCF_001578955.1, s__Streptococcus parasanguinis_U, 95.0, 84.41, 0.222; GCA_018499505.1, s__Streptococcus parasanguinis_K, 95.0, 84.34, 0.233; GCF_016642265.1, s__Streptococcus lactarius, 95.0, 84.32, 0.206; GCF_901875555.1, s__Streptococcus parasanguinis_H, 95.0, 84.23, 0.233; GCA_902480035.1, s__Streptococcus sp902480035, 95.0, 84.23, 0.208; GCA_916048115.1, s__Streptococcus sp916048115, 95.0, 84.12, 0.195; GCA_018366675.1, s__Streptococcus parasanguinis_R, 95.6, 84.1, 0.243; GCA_934215455.1, s__Streptococcus sp934215455, 95.31, 83.99, 0.209; GCA_030825825.1, s__Streptococcus sp030825825, 95.0, 83.85, 0.171; GCA_018377375.1, s__Streptococcus parasanguinis_N, 95.05, 83.01, 0.215; GCA_900755085.1, s__Streptococcus sp900755085, 95.0, 83.01, 0.175"	67.34	11	N/A	N/A
opera_ms_4143_SemiBin_154	d__Bacteria;p__Bacillota;c__Clostridia;o__Lachnospirales;f__Lachnospiraceae;g__Blautia_A;s__Blautia_A difficilis	GCF_014297245.1	95	d__Bacteria;p__Bacillota;c__Clostridia;o__Lachnospirales;f__Lachnospiraceae;g__Blautia_A;s__Blautia_A difficilis	97.74	0.796	GCF_014297245.1	95	d__Bacteria;p__Bacillota;c__Clostridia;o__Lachnospirales;f__Lachnospiraceae;g__Blautia_A;s__Blautia_A difficilis	97.74	0.796	d__Bacteria;p__Bacillota;c__Clostridia;o__Lachnospirales;f__Lachnospiraceae;g__Blautia_A;s__	taxonomic classification defined by topology and ANI	topological placement and ANI have congruent species assignments	"GCA_934426285.1, s__Blautia_A sp934426285, 95.0, 94.3, 0.652; GCF_033096465.1, s__Blautia_A luti, 95.0, 84.2, 0.173"	42.24	11	N/A	N/A
opera_ms_4143_SemiBin_37	d__Bacteria;p__Bacillota;c__Negativicutes;o__Acidaminococcales;f__Acidaminococcaceae;g__Acidaminococcus;s__Acidaminococcus massiliensis	GCF_900095825.1	95	d__Bacteria;p__Bacillota;c__Negativicutes;o__Acidaminococcales;f__Acidaminococcaceae;g__Acidaminococcus;s__Acidaminococcus massiliensis	98.81	0.862	GCF_900095825.1	95	d__Bacteria;p__Bacillota;c__Negativicutes;o__Acidaminococcales;f__Acidaminococcaceae;g__Acidaminococcus;s__Acidaminococcus massiliensis	98.81	0.862	d__Bacteria;p__Bacillota;c__Negativicutes;o__Acidaminococcales;f__Acidaminococcaceae;g__Acidaminococcus;s__	taxonomic classification defined by topology and ANI	topological placement and ANI have congruent species assignments	"GCA_905215645.1, s__Acidaminococcus sp905215645, 95.0, 93.89, 0.804; GCA_004555735.1, s__Acidaminococcus fermentans_A, 95.0, 89.63, 0.662; GCF_009696675.1, s__Acidaminococcus sp000437815, 95.0, 87.5, 0.494; GCF_000025305.1, s__Acidaminococcus fermentans, 95.0, 85.44, 0.486; GCA_900770265.1, s__Acidaminococcus sp900770265, 95.0, 84.05, 0.28; GCF_900106585.1, s__Acidaminococcus timonensis, 95.0, 83.11, 0.324"	96.94	11	N/A	N/A
opera_ms_4143_SemiBin_55	d__Bacteria;p__Bacteroidota;c__Bacteroidia;o__Bacteroidales;f__Bacteroidaceae;g__Prevotella;s__Prevotella copri_A	GCF_024330295.1	95.35	d__Bacteria;p__Bacteroidota;c__Bacteroidia;o__Bacteroidales;f__Bacteroidaceae;g__Prevotella;s__Prevotella copri_A	96.07	0.758	GCF_024330295.1	95.35	d__Bacteria;p__Bacteroidota;c__Bacteroidia;o__Bacteroidales;f__Bacteroidaceae;g__Prevotella;s__Prevotella copri_A	96.07	0.758	d__Bacteria;p__Bacteroidota;c__Bacteroidia;o__Bacteroidales;f__Bacteroidaceae;g__Prevotella;s__	taxonomic classification defined by topology and ANI	topological placement and ANI have congruent species assignments	"GCF_040095255.1, s__Prevotella sinensis, 95.79, 95.08, 0.67; GCA_022741625.1, s__Prevotella sp022741625, 95.0, 94.88, 0.679; GCF_026095235.1, s__Prevotella sp900557035, 95.0, 94.6, 0.628; GCA_021636625.1, s__Prevotella sp021636625, 95.0, 94.52, 0.606; GCA_900544825.1, s__Prevotella sp900544825, 95.0, 94.06, 0.726; GCA_900551985.1, s__Prevotella sp900551985, 95.0, 94.02, 0.666; GCA_900765465.1, s__Prevotella sp900765465, 95.0, 92.87, 0.618; GCA_958369755.1, s__Prevotella sp958369755, 95.0, 90.5, 0.463; GCA_900556795.1, s__Prevotella sp900556795, 95.0, 89.6, 0.413; GCF_019249655.2, s__Prevotella sp900767615, 96.51, 89.22, 0.417; GCA_021640525.1, s__Prevotella copri_S, 96.89, 88.95, 0.345; GCF_016803255.1, s__Prevotella copri_M, 95.0, 88.87, 0.425; GCA_021618535.1, s__Prevotella copri_O, 96.81, 88.8, 0.376; GCF_003465495.1, s__Prevotella copri_G, 96.6, 88.65, 0.358; GCA_963639495.1, s__Prevotella sp963639495, 96.3, 88.64, 0.295; GCF_009494395.1, s__Prevotella sp900546535, 95.0, 88.53, 0.395; GCA_963594575.1, s__Prevotella sp963594575, 96.24, 88.37, 0.279; GCA_959596915.1, s__Prevotella copri_N, 96.9, 88.23, 0.352; GCF_024330485.1, s__Prevotella copri_L, 97.07, 88.21, 0.341; GCA_003463005.1, s__Prevotella copri_I, 95.0, 88.06, 0.318; GCA_021635485.1, s__Prevotella copri_P, 96.24, 88.06, 0.316; GCA_021622245.1, s__Prevotella copri_J, 96.23, 87.97, 0.354; GCF_009494485.1, s__Prevotella copri_K, 96.86, 87.97, 0.345; GCA_021628325.1, s__Prevotella copri_R, 96.77, 87.83, 0.317; GCF_019127135.1, s__Prevotella sp900551275, 95.0, 87.75, 0.333; GCA_021623045.1, s__Prevotella copri_T, 96.37, 87.74, 0.35; GCF_009494835.1, s__Prevotella copri_F, 96.78, 87.71, 0.35; GCA_021615735.1, s__Prevotella copri_Q, 96.46, 87.67, 0.38; GCF_015074785.1, s__Prevotella sp015074785, 96.84, 87.64, 0.362; GCF_026015625.1, s__Prevotella copri_H, 97.07, 87.51, 0.354; GCF_949820605.1, s__Prevotella sp934191715, 96.29, 87.51, 0.323; GCA_900555035.1, s__Prevotella sp900555035, 95.0, 87.5, 0.402; GCF_026015465.1, s__Prevotella copri_E, 96.59, 87.42, 0.324; GCF_026015295.1, s__Prevotella copri_C, 97.02, 87.21, 0.326; GCA_934196725.1, s__Prevotella sp934196725, 95.0, 86.88, 0.339; GCF_019249795.2, s__Prevotella copri_B, 96.93, 86.72, 0.341; GCF_032490515.1, s__Prevotella sp934202525, 95.18, 86.61, 0.299; GCF_025151535.1, s__Prevotella copri, 96.45, 86.47, 0.333; GCF_019249725.2, s__Prevotella sp945863825, 95.77, 84.84, 0.191; GCF_004535825.1, s__Prevotella hominis, 95.0, 84.71, 0.171; GCA_900548535.1, s__Prevotella intestinihominis, 95.0, 82.18, 0.201; GCA_002297965.1, s__Prevotella papionis, 95.0, 81.77, 0.188"	95.95	11	N/A	N/A
opera_ms_4143_SemiBin_6	d__Bacteria;p__Bacteroidota;c__Bacteroidia;o__Bacteroidales;f__Bacteroidaceae;g__Prevotella;s__Prevotella sp002265625	GCF_002265625.1	95	d__Bacteria;p__Bacteroidota;c__Bacteroidia;o__Bacteroidales;f__Bacteroidaceae;g__Prevotella;s__Prevotella sp002265625	97.02	0.729	GCF_002265625.1	95	d__Bacteria;p__Bacteroidota;c__Bacteroidia;o__Bacteroidales;f__Bacteroidaceae;g__Prevotella;s__Prevotella sp002265625	97.02	0.729	d__Bacteria;p__Bacteroidota;c__Bacteroidia;o__Bacteroidales;f__Bacteroidaceae;g__Prevotella;s__	taxonomic classification defined by topology and ANI	topological placement and ANI have congruent species assignments	N/A	90.41	11	N/A	N/A
opera_ms_4143_SemiBin_75	d__Bacteria;p__Bacillota;c__Clostridia;o__Oscillospirales;f__Ruminococcaceae;g__Ruthenibacterium;s__Ruthenibacterium lactatiformans	GCF_000949455.1	95	d__Bacteria;p__Bacillota;c__Clostridia;o__Oscillospirales;f__Ruminococcaceae;g__Ruthenibacterium;s__Ruthenibacterium lactatiformans	99.11	0.87	GCF_000949455.1	95	d__Bacteria;p__Bacillota;c__Clostridia;o__Oscillospirales;f__Ruminococcaceae;g__Ruthenibacterium;s__Ruthenibacterium lactatiformans	99.11	0.87	d__Bacteria;p__Bacillota;c__Clostridia;o__Oscillospirales;f__Ruminococcaceae;g__Ruthenibacterium;s__	taxonomic classification defined by topology and ANI	topological placement and ANI have congruent species assignments	N/A	94.3	11	N/A	N/A
opera_ms_8366_SemiBin_14	d__Bacteria;p__Bacillota;c__Clostridia;o__Lachnospirales;f__Lachnospiraceae;g__Roseburia_C;s__Roseburia_C amylophila	GCF_025567465.1	95	d__Bacteria;p__Bacillota;c__Clostridia;o__Lachnospirales;f__Lachnospiraceae;g__Roseburia_C;s__Roseburia_C amylophila	97.69	0.818	GCF_025567465.1	95	d__Bacteria;p__Bacillota;c__Clostridia;o__Lachnospirales;f__Lachnospiraceae;g__Roseburia_C;s__Roseburia_C amylophila	97.69	0.818	d__Bacteria;p__Bacillota;c__Clostridia;o__Lachnospirales;f__Lachnospiraceae;g__Roseburia_C;s__	taxonomic classification defined by topology and ANI	topological placement and ANI have congruent species assignments	"GCA_900315735.1, s__Roseburia_C sp900315735, 95.0, 93.93, 0.742"	92.06	11	N/A	N/A
opera_ms_8366_SemiBin_22	d__Bacteria;p__Bacillota;c__Clostridia;o__Lachnospirales;f__Anaerotignaceae;g__Anaerotignum_A;s__Anaerotignum_A faecicola	GCF_003865035.1	95	d__Bacteria;p__Bacillota;c__Clostridia;o__Lachnospirales;f__Anaerotignaceae;g__Anaerotignum_A;s__Anaerotignum_A faecicola	97.38	0.879	GCF_003865035.1	95	d__Bacteria;p__Bacillota;c__Clostridia;o__Lachnospirales;f__Anaerotignaceae;g__Anaerotignum_A;s__Anaerotignum_A faecicola	97.38	0.879	d__Bacteria;p__Bacillota;c__Clostridia;o__Lachnospirales;f__Anaerotignaceae;g__Anaerotignum_A;s__	taxonomic classification defined by topology and ANI	topological placement and ANI have congruent species assignments	"GCF_934277605.1, s__Anaerotignum_A sp934277605, 95.0, 88.06, 0.551; GCA_963640305.1, s__Anaerotignum_A sp963640305, 95.0, 81.39, 0.265; GCA_945868505.1, s__Anaerotignum_A sp945868505, 95.0, 80.22, 0.154"	95.63	11	N/A	N/A
opera_ms_8366_SemiBin_26	d__Bacteria;p__Bacillota;c__Clostridia;o__Lachnospirales;f__Lachnospiraceae;g__Muricoprocola;s__Muricoprocola shaoxingensis	GCF_014385005.1	95	d__Bacteria;p__Bacillota;c__Clostridia;o__Lachnospirales;f__Lachnospiraceae;g__Muricoprocola;s__Muricoprocola shaoxingensis	98.61	0.907	GCF_014385005.1	95	d__Bacteria;p__Bacillota;c__Clostridia;o__Lachnospirales;f__Lachnospiraceae;g__Muricoprocola;s__Muricoprocola shaoxingensis	98.61	0.907	d__Bacteria;p__Bacillota;c__Clostridia;o__Lachnospirales;f__Lachnospiraceae;g__Muricoprocola;s__	taxonomic classification defined by topology and ANI	topological placement and ANI have congruent species assignments	"GCA_900544685.1, s__Muricoprocola sp900544685, 95.0, 93.57, 0.709; GCF_025567005.1, s__Muricoprocola aceti, 95.0, 84.68, 0.307; GCA_934408725.1, s__Muricoprocola sp934408725, 95.0, 84.2, 0.271; GCA_934373455.1, s__Muricoprocola sp934373455, 95.0, 84.17, 0.236; GCA_934394985.1, s__Muricoprocola sp934394985, 95.0, 81.88, 0.185"	87.07	11	N/A	N/A
opera_ms_8366_SemiBin_41	d__Bacteria;p__Bacillota;c__Clostridia;o__Lachnospirales;f__Lachnospiraceae;g__Acetatifactor;s__Acetatifactor acetigignens	GCF_025567015.1	95	d__Bacteria;p__Bacillota;c__Clostridia;o__Lachnospirales;f__Lachnospiraceae;g__Acetatifactor;s__Acetatifactor acetigignens	98.29	0.854	GCF_025567015.1	95	d__Bacteria;p__Bacillota;c__Clostridia;o__Lachnospirales;f__Lachnospiraceae;g__Acetatifactor;s__Acetatifactor acetigignens	98.29	0.854	d__Bacteria;p__Bacillota;c__Clostridia;o__Lachnospirales;f__Lachnospiraceae;g__Acetatifactor;s__	taxonomic classification defined by topology and ANI	topological placement and ANI have congruent species assignments	"GCF_009695995.1, s__Acetatifactor intestinalis, 95.0, 89.57, 0.484; GCA_040096245.1, s__Acetatifactor hominis, 95.0, 89.56, 0.506; GCA_900772845.1, s__Acetatifactor sp900772845, 95.0, 89.51, 0.539; GCA_945929965.1, s__Acetatifactor sp945929965, 95.36, 89.17, 0.469; GCA_900771995.1, s__Acetatifactor sp900771995, 95.0, 88.92, 0.598; GCA_934436245.1, s__Acetatifactor sp934436245, 95.0, 88.55, 0.482; GCA_934394815.1, s__Acetatifactor sp934394815, 95.0, 88.32, 0.527; GCA_934436435.1, s__Acetatifactor sp934436435, 95.0, 87.93, 0.468; GCA_963630275.1, s__Acetatifactor sp963630275, 95.0, 87.33, 0.422; GCA_900766575.1, s__Acetatifactor sp900766575, 95.0, 87.21, 0.449; GCA_963650795.1, s__Acetatifactor sp963650795, 95.0, 86.94, 0.419; GCA_002431915.1, s__Acetatifactor sp002431915, 95.0, 86.69, 0.435; GCA_963623435.1, s__Acetatifactor sp963623435, 95.0, 86.65, 0.401; GCA_934394665.1, s__Acetatifactor sp934394665, 95.0, 86.3, 0.346; GCA_934394515.1, s__Acetatifactor sp934394515, 95.0, 85.75, 0.37"	88.13	11	N/A	N/A
opera_ms_8366_SemiBin_43	d__Bacteria;p__Bacillota;c__Clostridia;o__Lachnospirales;f__Lachnospiraceae;g__Coprococcus_A;s__Coprococcus_A intestinihominis	GCF_040096555.1	95	d__Bacteria;p__Bacillota;c__Clostridia;o__Lachnospirales;f__Lachnospiraceae;g__Coprococcus_A;s__Coprococcus_A intestinihominis	97.64	0.749	GCF_040096555.1	95	d__Bacteria;p__Bacillota;c__Clostridia;o__Lachnospirales;f__Lachnospiraceae;g__Coprococcus_A;s__Coprococcus_A intestinihominis	97.64	0.749	d__Bacteria;p__Bacillota;c__Clostridia;o__Lachnospirales;f__Lachnospiraceae;g__Coprococcus_A;s__	taxonomic classification defined by topology and ANI	topological placement and ANI have congruent species assignments	"GCF_019734885.1, s__Coprococcus_A catus, 95.0, 91.0, 0.548"	89.16	11	N/A	N/A
opera_ms_8366_SemiBin_59	d__Bacteria;p__Bacteroidota;c__Bacteroidia;o__Bacteroidales;f__Bacteroidaceae;g__Prevotella;s__Prevotella sp000434975	GCF_019052365.1	95	d__Bacteria;p__Bacteroidota;c__Bacteroidia;o__Bacteroidales;f__Bacteroidaceae;g__Prevotella;s__Prevotella sp000434975	96.74	0.753	GCF_019052365.1	95	d__Bacteria;p__Bacteroidota;c__Bacteroidia;o__Bacteroidales;f__Bacteroidaceae;g__Prevotella;s__Prevotella sp000434975	96.74	0.753	d__Bacteria;p__Bacteroidota;c__Bacteroidia;o__Bacteroidales;f__Bacteroidaceae;g__Prevotella;s__	taxonomic classification defined by topology and ANI	topological placement and ANI have congruent species assignments	"GCF_000235885.1, s__Prevotella stercorea, 95.0, 89.97, 0.518"	94.42	11	N/A	N/A
opera_ms_8366_SemiBin_80	d__Bacteria;p__Bacillota;c__Negativicutes;o__Veillonellales;f__Dialisteraceae;g__Dialister;s__Dialister sp000434475	GCA_000434475.1	95	d__Bacteria;p__Bacillota;c__Negativicutes;o__Veillonellales;f__Dialisteraceae;g__Dialister;s__Dialister sp000434475	96.24	0.792	N/A	N/A	N/A	N/A	N/A	d__Bacteria;p__Bacillota;c__Negativicutes;o__Veillonellales;f__Dialisteraceae;g__Dialister;s__	taxonomic classification defined by topology and ANI	topological placement and ANI have incongruent species assignments	"GCA_000434475.1, s__Dialister sp000434475, 95.0, 96.24, 0.792; GCA_022743185.1, s__Dialister sp022722495, 95.65, 95.8, 0.807; GCA_963597545.1, s__Dialister saccharivorans_A, 95.36, 95.63, 0.772; GCA_021633965.1, s__Dialister sp021633965, 95.46, 95.56, 0.813; GCA_934193095.1, s__Dialister sp934193095, 95.55, 94.87, 0.752; GCA_900543455.1, s__Dialister sp900543455, 95.0, 93.74, 0.691; GCA_900543165.1, s__Dialister sp900543165, 95.0, 93.16, 0.701; GCA_934178345.1, s__Dialister sp934178345, 95.0, 92.17, 0.659"	96.07	11	N/A	N/A
opera_ms_8366_SemiBin_81	d__Bacteria;p__Bacillota;c__Clostridia;o__Lachnospirales;f__Lachnospiraceae;g__COE1;s__COE1 sp001916965	GCA_001916965.1	95	d__Bacteria;p__Bacillota;c__Clostridia;o__Lachnospirales;f__Lachnospiraceae;g__COE1;s__COE1 sp001916965	98.43	0.862	GCA_001916965.1	95	d__Bacteria;p__Bacillota;c__Clostridia;o__Lachnospirales;f__Lachnospiraceae;g__COE1;s__COE1 sp001916965	98.43	0.862	d__Bacteria;p__Bacillota;c__Clostridia;o__Lachnospirales;f__Lachnospiraceae;g__COE1;s__	taxonomic classification defined by topology and ANI	topological placement and ANI have congruent species assignments	"GCA_963596435.1, s__COE1 sp963596435, 95.0, 94.15, 0.713; GCA_900753305.1, s__COE1 sp900753305, 95.0, 85.31, 0.338"	89.36	11	N/A	N/A
opera_ms_8366_SemiBin_84	d__Bacteria;p__Bacillota;c__Clostridia;o__Oscillospirales;f__Ruminococcaceae;g__Faecalibacterium;s__Faecalibacterium duncaniae	GCF_010509575.1	95	d__Bacteria;p__Bacillota;c__Clostridia;o__Oscillospirales;f__Ruminococcaceae;g__Faecalibacterium;s__Faecalibacterium duncaniae	97.28	0.799	GCF_010509575.1	95	d__Bacteria;p__Bacillota;c__Clostridia;o__Oscillospirales;f__Ruminococcaceae;g__Faecalibacterium;s__Faecalibacterium duncaniae	97.28	0.799	d__Bacteria;p__Bacillota;c__Clostridia;o__Oscillospirales;f__Ruminococcaceae;g__Faecalibacterium;s__	taxonomic classification defined by topology and ANI	topological placement and ANI have congruent species assignments	"GCA_937915335.1, s__Faecalibacterium sp937915335, 95.0, 89.3, 0.461; GCA_963612415.1, s__Faecalibacterium sp963612415, 95.0, 88.51, 0.42; GCA_934526125.1, s__Faecalibacterium sp934526125, 95.0, 86.92, 0.496; GCA_934547065.1, s__Faecalibacterium sp934547065, 95.0, 86.35, 0.479; GCF_019967995.1, s__Faecalibacterium prausnitzii_E, 95.0, 86.26, 0.427; GCF_003287455.1, s__Faecalibacterium hattorii, 95.0, 85.62, 0.42; GCA_902463905.1, s__Faecalibacterium sp902463905, 95.0, 85.17, 0.236; GCA_014858325.1, s__Faecalibacterium sp014858325, 95.0, 85.12, 0.317; GCA_900765705.1, s__Faecalibacterium sp900765705, 95.0, 84.97, 0.219; GCF_003287495.1, s__Faecalibacterium prausnitzii_I, 95.0, 84.85, 0.315; GCF_023347295.1, s__Faecalibacterium sp003449675, 95.0, 84.8, 0.277; GCA_025757845.1, s__Faecalibacterium sp900539945, 95.0, 84.79, 0.308; GCF_023347535.1, s__Faecalibacterium wellingii, 95.0, 84.79, 0.291; GCA_963654645.1, s__Faecalibacterium sp963654645, 95.0, 84.57, 0.189; GCF_036632915.2, s__Faecalibacterium taiwanense, 95.0, 84.21, 0.275; GCA_934540955.1, s__Faecalibacterium sp934540955, 95.0, 84.2, 0.249; GCA_900765105.1, s__Faecalibacterium sp900765105, 95.0, 84.19, 0.222; GCA_934525845.1, s__Faecalibacterium sp934525845, 95.0, 84.14, 0.291; GCA_902463235.1, s__Faecalibacterium sp902463235, 95.0, 84.14, 0.262; GCA_905215595.1, s__Faecalibacterium sp905215595, 95.0, 84.13, 0.216; GCF_002549775.1, s__Faecalibacterium prausnitzii_F, 95.0, 84.12, 0.308; GCA_963646665.1, s__Faecalibacterium sp963646665, 95.0, 84.09, 0.242; GCA_934513205.1, s__Faecalibacterium sp934513205, 95.0, 84.0, 0.241; GCF_040096515.1, s__Faecalibacterium tardum, 95.0, 83.92, 0.269; GCA_934524985.1, s__Faecalibacterium sp934524985, 95.0, 83.86, 0.281; GCA_900551435.1, s__Faecalibacterium sp900551435, 95.0, 83.85, 0.3; GCF_003324185.1, s__Faecalibacterium prausnitzii, 95.0, 83.84, 0.281; GCA_934503275.1, s__Faecalibacterium sp934503275, 95.0, 83.84, 0.26; GCA_934525735.1, s__Faecalibacterium sp934525735, 95.0, 83.75, 0.257; GCA_934561555.1, s__Faecalibacterium sp934561555, 95.0, 83.73, 0.256; GCF_023347275.1, s__Faecalibacterium butyricigenerans, 95.0, 83.68, 0.278; GCF_020687245.1, s__Faecalibacterium longum, 95.36, 83.68, 0.275; GCA_900772565.1, s__Faecalibacterium sp900772565, 95.0, 83.67, 0.257; GCA_934525405.1, s__Faecalibacterium sp934525405, 95.0, 83.65, 0.221; GCA_934561485.1, s__Faecalibacterium sp934561485, 95.0, 83.61, 0.261; GCA_934561115.1, s__Faecalibacterium sp934561115, 95.0, 83.58, 0.259; GCA_934525325.1, s__Faecalibacterium sp934525325, 95.0, 83.58, 0.249; GCA_934512105.1, s__Faecalibacterium sp934512105, 95.0, 83.58, 0.231; GCA_934514285.1, s__Faecalibacterium sp934514285, 95.0, 83.57, 0.276; GCF_040096575.1, s__Faecalibacterium intestinale, 95.0, 83.55, 0.276; GCA_963615785.1, s__Faecalibacterium sp963615785, 95.0, 83.55, 0.259; GCA_934539245.1, s__Faecalibacterium sp934539245, 95.0, 83.54, 0.271; GCA_937917475.1, s__Faecalibacterium sp937917475, 95.0, 83.46, 0.196; GCA_934511465.1, s__Faecalibacterium sp934511465, 95.0, 83.41, 0.246; GCA_002313795.1, s__Faecalibacterium prausnitzii_L, 95.0, 83.34, 0.167; GCA_934501115.1, s__Faecalibacterium sp934501115, 95.0, 83.27, 0.213; GCA_934532365.1, s__Faecalibacterium sp934532365, 95.0, 83.14, 0.241; GCA_963660925.1, s__Faecalibacterium sp963660925, 95.0, 83.02, 0.244; GCA_963656875.1, s__Faecalibacterium sp963656875, 95.0, 82.92, 0.209; GCA_934553285.1, s__Faecalibacterium sp934553285, 95.0, 82.74, 0.242; GCA_934518555.1, s__Faecalibacterium sp934518555, 95.0, 82.5, 0.226; GCA_934533135.1, s__Faecalibacterium sp934533135, 95.0, 82.47, 0.254; GCA_004558805.1, s__Faecalibacterium prausnitzii_M, 95.0, 82.06, 0.222; GCA_934548045.1, s__Faecalibacterium sp934548045, 95.0, 81.37, 0.188; GCA_963599235.1, s__Faecalibacterium sp963599235, 95.0, 80.1, 0.156"	86.04	11	N/A	N/A
opera_ms_8366_SemiBin_9	d__Bacteria;p__Bacteroidota;c__Bacteroidia;o__Bacteroidales;f__Bacteroidaceae;g__Bacteroides;s__Bacteroides uniformis	GCF_025147485.1	95	d__Bacteria;p__Bacteroidota;c__Bacteroidia;o__Bacteroidales;f__Bacteroidaceae;g__Bacteroides;s__Bacteroides uniformis	99.08	0.892	GCF_025147485.1	95	d__Bacteria;p__Bacteroidota;c__Bacteroidia;o__Bacteroidales;f__Bacteroidaceae;g__Bacteroides;s__Bacteroides uniformis	99.08	0.892	d__Bacteria;p__Bacteroidota;c__Bacteroidia;o__Bacteroidales;f__Bacteroidaceae;g__Bacteroides;s__	taxonomic classification defined by topology and ANI	topological placement and ANI have congruent species assignments	"GCF_000614125.1, s__Bacteroides rodentium, 95.0, 94.24, 0.634; GCF_004793475.1, s__Bacteroides muris, 95.0, 91.68, 0.54; GCA_037413095.1, s__Bacteroides sp905197435, 95.0, 87.6, 0.489; GCA_905203765.1, s__Bacteroides sp905203765, 95.0, 80.27, 0.159; GCA_030843315.1, s__Bacteroides sp030843315, 95.0, 80.23, 0.151; GCF_038448625.1, s__Bacteroides sp902388495, 95.0, 80.09, 0.192"	93.98	11	N/A	N/A
opera_ms_8373_SemiBin_11	d__Bacteria;p__Desulfobacterota_I;c__Desulfovibrionia;o__Desulfovibrionales;f__Desulfovibrionaceae;g__Desulfovibrio;s__Desulfovibrio fairfieldensis_A	GCF_001553605.1	95	d__Bacteria;p__Desulfobacterota_I;c__Desulfovibrionia;o__Desulfovibrionales;f__Desulfovibrionaceae;g__Desulfovibrio;s__Desulfovibrio fairfieldensis_A	98.92	0.878	GCF_001553605.1	95	d__Bacteria;p__Desulfobacterota_I;c__Desulfovibrionia;o__Desulfovibrionales;f__Desulfovibrionaceae;g__Desulfovibrio;s__Desulfovibrio fairfieldensis_A	98.92	0.878	d__Bacteria;p__Desulfobacterota_I;c__Desulfovibrionia;o__Desulfovibrionales;f__Desulfovibrionaceae;g__Desulfovibrio;s__	taxonomic classification defined by topology and ANI	topological placement and ANI have congruent species assignments	"GCF_018379785.1, s__Desulfovibrio sp018379785, 95.0, 95.24, 0.795; GCF_009696265.1, s__Desulfovibrio porci, 95.0, 87.17, 0.486; GCA_000403945.1, s__Desulfovibrio sp000403945, 95.0, 85.92, 0.325; GCA_910575755.1, s__Desulfovibrio sp910575755, 95.0, 84.87, 0.307"	93.55	11	N/A	N/A
opera_ms_8373_SemiBin_113	d__Bacteria;p__Bacillota;c__Clostridia;o__Peptostreptococcales;f__Anaerovoracaceae;g__Alangreenwoodia;s__Alangreenwoodia sp905206455	GCA_905206455.1	95	d__Bacteria;p__Bacillota;c__Clostridia;o__Peptostreptococcales;f__Anaerovoracaceae;g__Alangreenwoodia;s__Alangreenwoodia sp905206455	99.79	0.963	GCA_905206455.1	95	d__Bacteria;p__Bacillota;c__Clostridia;o__Peptostreptococcales;f__Anaerovoracaceae;g__Alangreenwoodia;s__Alangreenwoodia sp905206455	99.79	0.963	d__Bacteria;p__Bacillota;c__Clostridia;o__Peptostreptococcales;f__Anaerovoracaceae;g__Alangreenwoodia;s__	taxonomic classification defined by topology and ANI	topological placement and ANI have congruent species assignments	N/A	92.47	11	N/A	N/A
opera_ms_8373_SemiBin_118	d__Bacteria;p__Bacillota;c__Clostridia;o__Lachnospirales;f__Lachnospiraceae;g__Choladousia;s__Choladousia sp902363665	GCA_902363665.1	95	d__Bacteria;p__Bacillota;c__Clostridia;o__Lachnospirales;f__Lachnospiraceae;g__Choladousia;s__Choladousia sp902363665	97.44	0.855	GCA_902363665.1	95	d__Bacteria;p__Bacillota;c__Clostridia;o__Lachnospirales;f__Lachnospiraceae;g__Choladousia;s__Choladousia sp902363665	97.44	0.855	d__Bacteria;p__Bacillota;c__Clostridia;o__Lachnospirales;f__Lachnospiraceae;g__Choladousia;s__	taxonomic classification defined by topology and ANI	topological placement and ANI have congruent species assignments	"GCA_029225065.1, s__Choladousia sp029225065, 95.0, 85.87, 0.408; GCA_934376945.1, s__Choladousia sp934376945, 95.0, 82.69, 0.17"	68.61	11	N/A	N/A
opera_ms_8373_SemiBin_21	d__Bacteria;p__Bacillota;c__Clostridia;o__Lachnospirales;f__Lachnospiraceae;g__Eubacterium_G;s__Eubacterium_G segne	GCF_014287775.1	95	d__Bacteria;p__Bacillota;c__Clostridia;o__Lachnospirales;f__Lachnospiraceae;g__Eubacterium_G;s__Eubacterium_G segne	98.94	0.903	GCF_014287775.1	95	d__Bacteria;p__Bacillota;c__Clostridia;o__Lachnospirales;f__Lachnospiraceae;g__Eubacterium_G;s__Eubacterium_G segne	98.94	0.903	d__Bacteria;p__Bacillota;c__Clostridia;o__Lachnospirales;f__Lachnospiraceae;g__Eubacterium_G;s__	taxonomic classification defined by topology and ANI	topological placement and ANI have congruent species assignments	N/A	80.4	11	N/A	N/A
opera_ms_8373_SemiBin_58	d__Bacteria;p__Bacillota;c__Clostridia;o__Lachnospirales;f__Lachnospiraceae;g__Oliverpabstia;s__Oliverpabstia tarda	GCA_019421285.1	95	d__Bacteria;p__Bacillota;c__Clostridia;o__Lachnospirales;f__Lachnospiraceae;g__Oliverpabstia;s__Oliverpabstia tarda	97.34	0.526	GCF_009696065.1	95	d__Bacteria;p__Bacillota;c__Clostridia;o__Lachnospirales;f__Lachnospiraceae;g__Oliverpabstia;s__Oliverpabstia intestinalis	97.2	0.756	d__Bacteria;p__Bacillota;c__Clostridia;o__Lachnospirales;f__Lachnospiraceae;g__Oliverpabstia;s__	taxonomic classification defined by topology and ANI	N/A	"GCA_934359255.1, s__Oliverpabstia sp934359255, 95.0, 94.0, 0.755; GCF_004123145.1, s__Oliverpabstia faecicola, 95.0, 93.02, 0.715"	88.05	11	N/A	N/A
opera_ms_8373_SemiBin_68	d__Bacteria;p__Bacillota;c__Clostridia;o__Lachnospirales;f__Lachnospiraceae;g__Choladousia;s__Choladousia sp902363135	GCA_902363135.1	95	d__Bacteria;p__Bacillota;c__Clostridia;o__Lachnospirales;f__Lachnospiraceae;g__Choladousia;s__Choladousia sp902363135	97.12	0.851	GCA_902363135.1	95	d__Bacteria;p__Bacillota;c__Clostridia;o__Lachnospirales;f__Lachnospiraceae;g__Choladousia;s__Choladousia sp902363135	97.12	0.851	d__Bacteria;p__Bacillota;c__Clostridia;o__Lachnospirales;f__Lachnospiraceae;g__Choladousia;s__	taxonomic classification defined by topology and ANI	topological placement and ANI have congruent species assignments	"GCA_029006155.1, s__Choladousia sp029006155, 95.0, 87.69, 0.534"	86.99	11	N/A	N/A
opera_ms_8373_SemiBin_77	d__Bacteria;p__Bacillota;c__Clostridia;o__Lachnospirales;f__Lachnospiraceae;g__Muricoprocola;s__Muricoprocola aceti	GCF_025567005.1	95	d__Bacteria;p__Bacillota;c__Clostridia;o__Lachnospirales;f__Lachnospiraceae;g__Muricoprocola;s__Muricoprocola aceti	97.7	0.724	GCF_025567005.1	95	d__Bacteria;p__Bacillota;c__Clostridia;o__Lachnospirales;f__Lachnospiraceae;g__Muricoprocola;s__Muricoprocola aceti	97.7	0.724	d__Bacteria;p__Bacillota;c__Clostridia;o__Lachnospirales;f__Lachnospiraceae;g__Muricoprocola;s__	taxonomic classification defined by topology and ANI	topological placement and ANI have congruent species assignments	"GCA_934408725.1, s__Muricoprocola sp934408725, 95.0, 94.44, 0.715; GCF_014385005.1, s__Muricoprocola shaoxingensis, 95.0, 86.55, 0.326; GCA_934394985.1, s__Muricoprocola sp934394985, 95.0, 86.14, 0.393; GCA_900544685.1, s__Muricoprocola sp900544685, 95.0, 85.81, 0.363; GCA_934373455.1, s__Muricoprocola sp934373455, 95.0, 82.77, 0.214"	76.37	11	N/A	N/A
opera_ms_8373_SemiBin_88	d__Bacteria;p__Bacillota;c__Clostridia;o__Oscillospirales;f__Ruminococcaceae;g__Faecalibacterium;s__Faecalibacterium longum	GCF_020687245.1	95.36	d__Bacteria;p__Bacillota;c__Clostridia;o__Oscillospirales;f__Ruminococcaceae;g__Faecalibacterium;s__Faecalibacterium longum	96.65	0.826	GCF_020687245.1	95.36	d__Bacteria;p__Bacillota;c__Clostridia;o__Oscillospirales;f__Ruminococcaceae;g__Faecalibacterium;s__Faecalibacterium longum	96.65	0.826	d__Bacteria;p__Bacillota;c__Clostridia;o__Oscillospirales;f__Ruminococcaceae;g__Faecalibacterium;s__	taxonomic classification defined by topology and ANI	topological placement and ANI have congruent species assignments	"GCA_934514285.1, s__Faecalibacterium sp934514285, 95.0, 95.75, 0.777; GCF_023347275.1, s__Faecalibacterium butyricigenerans, 95.0, 90.95, 0.728; GCA_002313795.1, s__Faecalibacterium prausnitzii_L, 95.0, 87.15, 0.388; GCF_019967995.1, s__Faecalibacterium prausnitzii_E, 95.0, 85.39, 0.351; GCA_014858325.1, s__Faecalibacterium sp014858325, 95.0, 85.14, 0.307; GCF_003287455.1, s__Faecalibacterium hattorii, 95.0, 84.9, 0.361; GCA_963612415.1, s__Faecalibacterium sp963612415, 95.0, 84.79, 0.199; GCA_900765705.1, s__Faecalibacterium sp900765705, 95.0, 84.45, 0.193; GCA_963648915.1, s__Faecalibacterium sp963648915, 95.0, 84.32, 0.165; GCF_003287495.1, s__Faecalibacterium prausnitzii_I, 95.0, 84.19, 0.34; GCA_902463905.1, s__Faecalibacterium sp902463905, 95.0, 83.98, 0.183; GCA_025757845.1, s__Faecalibacterium sp900539945, 95.0, 83.96, 0.306; GCA_937915335.1, s__Faecalibacterium sp937915335, 95.0, 83.96, 0.171; GCF_010509575.1, s__Faecalibacterium duncaniae, 95.0, 83.93, 0.293; GCA_900765105.1, s__Faecalibacterium sp900765105, 95.0, 83.56, 0.21; GCF_023347535.1, s__Faecalibacterium wellingii, 95.0, 83.52, 0.262; GCF_023347295.1, s__Faecalibacterium sp003449675, 95.0, 83.48, 0.247; GCA_905215595.1, s__Faecalibacterium sp905215595, 95.0, 83.36, 0.174; GCF_003324185.1, s__Faecalibacterium prausnitzii, 95.0, 83.27, 0.251; GCA_963615785.1, s__Faecalibacterium sp963615785, 95.0, 83.26, 0.266; GCA_934526125.1, s__Faecalibacterium sp934526125, 95.0, 83.22, 0.285; GCF_036632915.2, s__Faecalibacterium taiwanense, 95.0, 83.14, 0.275; GCA_963660925.1, s__Faecalibacterium sp963660925, 95.0, 83.05, 0.252; GCA_902463235.1, s__Faecalibacterium sp902463235, 95.0, 83.05, 0.187; GCF_040096575.1, s__Faecalibacterium intestinale, 95.0, 83.04, 0.249; GCA_900772565.1, s__Faecalibacterium sp900772565, 95.0, 83.0, 0.211; GCF_002549775.1, s__Faecalibacterium prausnitzii_F, 95.0, 82.96, 0.289; GCA_934525845.1, s__Faecalibacterium sp934525845, 95.0, 82.9, 0.239; GCA_934524985.1, s__Faecalibacterium sp934524985, 95.0, 82.9, 0.22; GCA_934533135.1, s__Faecalibacterium sp934533135, 95.0, 82.87, 0.264; GCA_900551435.1, s__Faecalibacterium sp900551435, 95.0, 82.86, 0.237; GCA_937917475.1, s__Faecalibacterium sp937917475, 95.0, 82.81, 0.154; GCA_934503275.1, s__Faecalibacterium sp934503275, 95.0, 82.79, 0.223; GCA_934511465.1, s__Faecalibacterium sp934511465, 95.0, 82.75, 0.214; GCA_934525325.1, s__Faecalibacterium sp934525325, 95.0, 82.75, 0.199; GCA_934525735.1, s__Faecalibacterium sp934525735, 95.0, 82.74, 0.23; GCA_934540955.1, s__Faecalibacterium sp934540955, 95.0, 82.74, 0.201; GCF_040096515.1, s__Faecalibacterium tardum, 95.0, 82.62, 0.247; GCA_934547065.1, s__Faecalibacterium sp934547065, 95.0, 82.55, 0.24; GCA_934525405.1, s__Faecalibacterium sp934525405, 95.0, 82.54, 0.163; GCA_934539245.1, s__Faecalibacterium sp934539245, 95.0, 82.35, 0.213; GCA_934561115.1, s__Faecalibacterium sp934561115, 95.0, 82.34, 0.21; GCA_934513205.1, s__Faecalibacterium sp934513205, 95.0, 82.29, 0.216; GCA_963656875.1, s__Faecalibacterium sp963656875, 95.0, 82.29, 0.204; GCA_934561555.1, s__Faecalibacterium sp934561555, 95.0, 82.24, 0.22; GCA_934548045.1, s__Faecalibacterium sp934548045, 95.0, 82.17, 0.233; GCA_934532365.1, s__Faecalibacterium sp934532365, 95.0, 82.15, 0.194; GCA_934512105.1, s__Faecalibacterium sp934512105, 95.0, 82.1, 0.179; GCA_934501115.1, s__Faecalibacterium sp934501115, 95.0, 82.04, 0.201; GCA_934561485.1, s__Faecalibacterium sp934561485, 95.0, 81.89, 0.176; GCA_963646665.1, s__Faecalibacterium sp963646665, 95.0, 81.86, 0.161; GCA_934553285.1, s__Faecalibacterium sp934553285, 95.0, 81.74, 0.17; GCA_004558805.1, s__Faecalibacterium prausnitzii_M, 95.0, 81.1, 0.193; GCA_963599235.1, s__Faecalibacterium sp963599235, 95.0, 80.86, 0.18; GCA_934518555.1, s__Faecalibacterium sp934518555, 95.0, 80.71, 0.174"	77.88	11	N/A	N/A
opera_ms_8373_SemiBin_9	d__Bacteria;p__Bacillota;c__Clostridia;o__Oscillospirales;f__Oscillospiraceae;g__Onthomonas;s__Onthomonas sp900752305	GCA_900752305.1	95	d__Bacteria;p__Bacillota;c__Clostridia;o__Oscillospirales;f__Oscillospiraceae;g__Onthomonas;s__Onthomonas sp900752305	97.78	0.881	GCA_900752305.1	95	d__Bacteria;p__Bacillota;c__Clostridia;o__Oscillospirales;f__Oscillospiraceae;g__Onthomonas;s__Onthomonas sp900752305	97.78	0.881	d__Bacteria;p__Bacillota;c__Clostridia;o__Oscillospirales;f__Oscillospiraceae;g__Onthomonas;s__	taxonomic classification defined by topology and ANI	topological placement and ANI have congruent species assignments	"GCA_934565425.1, s__Onthomonas sp934565425, 95.0, 93.79, 0.813; GCA_934597165.1, s__Onthomonas sp934597165, 95.0, 93.47, 0.728; GCA_900545815.1, s__Onthomonas sp900545815, 95.0, 92.14, 0.82"	95.97	11	N/A	N/A
opera_ms_8373_SemiBin_93	d__Bacteria;p__Actinomycetota;c__Coriobacteriia;o__Coriobacteriales;f__Eggerthellaceae;g__Anaerotardibacter;s__Anaerotardibacter sp000435475	GCA_000435475.1	95	d__Bacteria;p__Actinomycetota;c__Coriobacteriia;o__Coriobacteriales;f__Eggerthellaceae;g__Anaerotardibacter;s__Anaerotardibacter sp000435475	96.79	0.804	GCA_000435475.1	95	d__Bacteria;p__Actinomycetota;c__Coriobacteriia;o__Coriobacteriales;f__Eggerthellaceae;g__Anaerotardibacter;s__Anaerotardibacter sp000435475	96.79	0.804	d__Bacteria;p__Actinomycetota;c__Coriobacteriia;o__Coriobacteriales;f__Eggerthellaceae;g__Anaerotardibacter;s__	taxonomic classification defined by topology and ANI	topological placement and ANI have congruent species assignments	N/A	88.24	11	N/A	N/A
opera_ms_8373_SemiBin_97	d__Bacteria;p__Bacillota;c__Clostridia;o__Lachnospirales;f__Lachnospiraceae;g__Blautia_A;s__Blautia_A sp900551715	GCA_900551715.1	95	d__Bacteria;p__Bacillota;c__Clostridia;o__Lachnospirales;f__Lachnospiraceae;g__Blautia_A;s__Blautia_A sp900551715	98.42	0.82	GCA_900551715.1	95	d__Bacteria;p__Bacillota;c__Clostridia;o__Lachnospirales;f__Lachnospiraceae;g__Blautia_A;s__Blautia_A sp900551715	98.42	0.82	d__Bacteria;p__Bacillota;c__Clostridia;o__Lachnospirales;f__Lachnospiraceae;g__Blautia_A;s__	taxonomic classification defined by topology and ANI	topological placement and ANI have congruent species assignments	"GCF_934359835.1, s__Blautia_A sp934359835, 95.0, 82.21, 0.198"	68.8	11	N/A	N/A
opera_ms_8915_SemiBin_100	d__Bacteria;p__Bacillota;c__Clostridia;o__Oscillospirales;f__Ruminococcaceae;g__Faecalibacterium;s__Faecalibacterium prausnitzii_E	GCF_019967995.1	95	d__Bacteria;p__Bacillota;c__Clostridia;o__Oscillospirales;f__Ruminococcaceae;g__Faecalibacterium;s__Faecalibacterium prausnitzii_E	98.07	0.924	GCF_019967995.1	95	d__Bacteria;p__Bacillota;c__Clostridia;o__Oscillospirales;f__Ruminococcaceae;g__Faecalibacterium;s__Faecalibacterium prausnitzii_E	98.07	0.924	d__Bacteria;p__Bacillota;c__Clostridia;o__Oscillospirales;f__Ruminococcaceae;g__Faecalibacterium;s__	taxonomic classification defined by topology and ANI	topological placement and ANI have congruent species assignments	"GCF_003287455.1, s__Faecalibacterium hattorii, 95.0, 88.6, 0.662; GCF_010509575.1, s__Faecalibacterium duncaniae, 95.0, 86.83, 0.472; GCA_963612415.1, s__Faecalibacterium sp963612415, 95.0, 86.61, 0.339; GCA_900551435.1, s__Faecalibacterium sp900551435, 95.0, 86.38, 0.484; GCA_934526125.1, s__Faecalibacterium sp934526125, 95.0, 86.18, 0.458; GCA_937915335.1, s__Faecalibacterium sp937915335, 95.0, 85.67, 0.278; GCF_023347275.1, s__Faecalibacterium butyricigenerans, 95.0, 85.58, 0.389; GCA_934547065.1, s__Faecalibacterium sp934547065, 95.0, 85.33, 0.43; GCA_025757845.1, s__Faecalibacterium sp900539945, 95.0, 85.25, 0.366; GCA_902463905.1, s__Faecalibacterium sp902463905, 95.0, 85.2, 0.248; GCF_020687245.1, s__Faecalibacterium longum, 95.36, 85.18, 0.372; GCF_003287495.1, s__Faecalibacterium prausnitzii_I, 95.0, 85.14, 0.379; GCA_934514285.1, s__Faecalibacterium sp934514285, 95.0, 84.85, 0.362; GCA_014858325.1, s__Faecalibacterium sp014858325, 95.0, 84.79, 0.327; GCA_900765705.1, s__Faecalibacterium sp900765705, 95.0, 84.54, 0.217; GCF_023347535.1, s__Faecalibacterium wellingii, 95.0, 84.51, 0.303; GCA_900765105.1, s__Faecalibacterium sp900765105, 95.0, 84.37, 0.262; GCF_023347295.1, s__Faecalibacterium sp003449675, 95.0, 84.31, 0.308; GCA_963648915.1, s__Faecalibacterium sp963648915, 95.0, 84.16, 0.186; GCF_036632915.2, s__Faecalibacterium taiwanense, 95.0, 84.08, 0.284; GCF_002549775.1, s__Faecalibacterium prausnitzii_F, 95.0, 84.04, 0.346; GCA_934525845.1, s__Faecalibacterium sp934525845, 95.0, 84.03, 0.322; GCA_934525735.1, s__Faecalibacterium sp934525735, 95.0, 83.98, 0.274; GCA_002313795.1, s__Faecalibacterium prausnitzii_L, 95.0, 83.97, 0.189; GCF_003324185.1, s__Faecalibacterium prausnitzii, 95.0, 83.79, 0.314; GCA_934525405.1, s__Faecalibacterium sp934525405, 95.0, 83.73, 0.235; GCA_934513205.1, s__Faecalibacterium sp934513205, 95.0, 83.68, 0.262; GCA_902463235.1, s__Faecalibacterium sp902463235, 95.0, 83.67, 0.235; GCA_905215595.1, s__Faecalibacterium sp905215595, 95.0, 83.65, 0.209; GCA_934532365.1, s__Faecalibacterium sp934532365, 95.0, 83.63, 0.255; GCA_934511465.1, s__Faecalibacterium sp934511465, 95.0, 83.63, 0.244; GCA_963660925.1, s__Faecalibacterium sp963660925, 95.0, 83.62, 0.289; GCA_934533135.1, s__Faecalibacterium sp934533135, 95.0, 83.56, 0.288; GCA_900772565.1, s__Faecalibacterium sp900772565, 95.0, 83.53, 0.262; GCA_937917475.1, s__Faecalibacterium sp937917475, 95.0, 83.5, 0.188; GCA_934540955.1, s__Faecalibacterium sp934540955, 95.0, 83.49, 0.239; GCA_963654645.1, s__Faecalibacterium sp963654645, 95.0, 83.49, 0.182; GCA_934503275.1, s__Faecalibacterium sp934503275, 95.0, 83.48, 0.255; GCF_040096515.1, s__Faecalibacterium tardum, 95.0, 83.44, 0.3; GCA_963615785.1, s__Faecalibacterium sp963615785, 95.0, 83.42, 0.278; GCF_040096575.1, s__Faecalibacterium intestinale, 95.0, 83.4, 0.308; GCA_934525325.1, s__Faecalibacterium sp934525325, 95.0, 83.37, 0.264; GCA_934539245.1, s__Faecalibacterium sp934539245, 95.0, 83.35, 0.264; GCA_934524985.1, s__Faecalibacterium sp934524985, 95.0, 83.33, 0.283; GCA_934561555.1, s__Faecalibacterium sp934561555, 95.0, 83.24, 0.286; GCA_934561115.1, s__Faecalibacterium sp934561115, 95.0, 83.17, 0.275; GCA_934561485.1, s__Faecalibacterium sp934561485, 95.0, 83.15, 0.254; GCA_934512105.1, s__Faecalibacterium sp934512105, 95.0, 83.03, 0.231; GCA_934553285.1, s__Faecalibacterium sp934553285, 95.0, 83.01, 0.247; GCA_963656875.1, s__Faecalibacterium sp963656875, 95.0, 83.0, 0.233; GCA_963646665.1, s__Faecalibacterium sp963646665, 95.0, 82.83, 0.218; GCA_934501115.1, s__Faecalibacterium sp934501115, 95.0, 82.83, 0.218; GCA_934548045.1, s__Faecalibacterium sp934548045, 95.0, 82.12, 0.243; GCA_934518555.1, s__Faecalibacterium sp934518555, 95.0, 82.04, 0.233; GCA_004558805.1, s__Faecalibacterium prausnitzii_M, 95.0, 81.8, 0.206; GCA_963599235.1, s__Faecalibacterium sp963599235, 95.0, 80.74, 0.207"	92.16	11	N/A	N/A
opera_ms_8915_SemiBin_113	d__Bacteria;p__Bacillota;c__Clostridia;o__Lachnospirales;f__Lachnospiraceae;g__Blautia_A;s__Blautia_A sp900066355	GCA_900066355.1	95	d__Bacteria;p__Bacillota;c__Clostridia;o__Lachnospirales;f__Lachnospiraceae;g__Blautia_A;s__Blautia_A sp900066355	97.19	0.832	GCF_014297355.1	95	d__Bacteria;p__Bacillota;c__Clostridia;o__Lachnospirales;f__Lachnospiraceae;g__Blautia_A;s__Blautia_A intestinalis	96.27	0.831	d__Bacteria;p__Bacillota;c__Clostridia;o__Lachnospirales;f__Lachnospiraceae;g__Blautia_A;s__	taxonomic classification defined by topology and ANI	N/A	"GCF_900120195.1, s__Blautia_A sp900120195, 95.0, 94.59, 0.795; GCA_934371915.1, s__Blautia_A sp934371915, 95.0, 93.81, 0.765; GCA_963622815.1, s__Blautia_A sp963622815, 95.0, 83.89, 0.221; GCF_025147765.1, s__Blautia_A obeum, 95.0, 83.31, 0.29; GCA_934378195.1, s__Blautia_A sp934378195, 95.0, 82.63, 0.251; GCA_963597235.1, s__Blautia_A sp963597235, 95.0, 82.54, 0.224; GCF_018918125.1, s__Blautia_A sp018918125, 95.0, 82.5, 0.265; GCF_934424005.1, s__Blautia_A sp934424005, 95.25, 82.33, 0.271; GCF_934372025.1, s__Blautia_A sp934372025, 95.0, 82.05, 0.204; GCF_934424575.1, s__Blautia_A sp934424575, 95.0, 81.81, 0.181; GCF_040096655.1, s__Blautia_A intestinihominis, 95.0, 81.19, 0.178; GCF_009883055.1, s__Blautia_A sp900548245, 95.0, 80.75, 0.157"	77.94	11	N/A	N/A
opera_ms_8915_SemiBin_32	d__Bacteria;p__Bacillota;c__Clostridia;o__Lachnospirales;f__Lachnospiraceae;g__Agathobacter;s__Agathobacter rectalis	GCF_000020605.1	95.02	d__Bacteria;p__Bacillota;c__Clostridia;o__Lachnospirales;f__Lachnospiraceae;g__Agathobacter;s__Agathobacter rectalis	96.07	0.525	GCF_000020605.1	95.02	d__Bacteria;p__Bacillota;c__Clostridia;o__Lachnospirales;f__Lachnospiraceae;g__Agathobacter;s__Agathobacter rectalis	96.07	0.525	d__Bacteria;p__Bacillota;c__Clostridia;o__Lachnospirales;f__Lachnospiraceae;g__Agathobacter;s__	taxonomic classification defined by topology and ANI	topological placement and ANI have congruent species assignments	"GCA_937935345.1, s__Agathobacter sp900546625, 95.0, 93.08, 0.477; GCA_902786155.1, s__Agathobacter sp900317585, 95.0, 92.81, 0.421; GCA_934365945.1, s__Agathobacter sp934365945, 95.0, 92.15, 0.337"	44.72	11	N/A	N/A
opera_ms_8915_SemiBin_39	d__Bacteria;p__Bacillota;c__Clostridia;o__Lachnospirales;f__Lachnospiraceae;g__Eubacterium_G;s__Eubacterium_G sp000435815	GCF_003460505.1	95	d__Bacteria;p__Bacillota;c__Clostridia;o__Lachnospirales;f__Lachnospiraceae;g__Eubacterium_G;s__Eubacterium_G sp000435815	99.23	0.87	GCF_003460505.1	95	d__Bacteria;p__Bacillota;c__Clostridia;o__Lachnospirales;f__Lachnospiraceae;g__Eubacterium_G;s__Eubacterium_G sp000435815	99.23	0.87	d__Bacteria;p__Bacillota;c__Clostridia;o__Lachnospirales;f__Lachnospiraceae;g__Eubacterium_G;s__	taxonomic classification defined by topology and ANI	topological placement and ANI have congruent species assignments	"GCA_900550135.1, s__Eubacterium_G sp900550135, 95.0, 83.25, 0.161"	93.96	11	N/A	N/A
opera_ms_8915_SemiBin_8	d__Bacteria;p__Bacillota;c__Clostridia;o__Lachnospirales;f__Lachnospiraceae;g__CAG-882;s__CAG-882 sp900545175	GCA_900545175.1	95	d__Bacteria;p__Bacillota;c__Clostridia;o__Lachnospirales;f__Lachnospiraceae;g__CAG-882;s__CAG-882 sp900545175	97.92	0.928	GCA_900545175.1	95	d__Bacteria;p__Bacillota;c__Clostridia;o__Lachnospirales;f__Lachnospiraceae;g__CAG-882;s__CAG-882 sp900545175	97.92	0.928	d__Bacteria;p__Bacillota;c__Clostridia;o__Lachnospirales;f__Lachnospiraceae;g__CAG-882;s__	taxonomic classification defined by topology and ANI	topological placement and ANI have congruent species assignments	"GCA_003486385.1, s__CAG-882 sp003486385, 95.0, 84.26, 0.221; GCA_934351925.1, s__CAG-882 sp934351925, 95.0, 83.31, 0.209; GCA_958446835.1, s__CAG-882 sp958446835, 95.0, 82.96, 0.181"	90.87	11	N/A	N/A
opera_ms_8915_SemiBin_90	d__Bacteria;p__Bacillota;c__Clostridia;o__Lachnospirales;f__Lachnospiraceae;g__Blautia_A;s__Blautia_A intestinihominis	GCF_040096655.1	95	d__Bacteria;p__Bacillota;c__Clostridia;o__Lachnospirales;f__Lachnospiraceae;g__Blautia_A;s__Blautia_A intestinihominis	98.98	0.878	GCF_040096655.1	95	d__Bacteria;p__Bacillota;c__Clostridia;o__Lachnospirales;f__Lachnospiraceae;g__Blautia_A;s__Blautia_A intestinihominis	98.98	0.878	d__Bacteria;p__Bacillota;c__Clostridia;o__Lachnospirales;f__Lachnospiraceae;g__Blautia_A;s__	taxonomic classification defined by topology and ANI	topological placement and ANI have congruent species assignments	"GCF_934424575.1, s__Blautia_A sp934424575, 95.0, 94.68, 0.717; GCF_009883055.1, s__Blautia_A sp900548245, 95.0, 86.53, 0.433; GCA_934402155.1, s__Blautia_A sp934402155, 95.0, 85.59, 0.436; GCF_018918125.1, s__Blautia_A sp018918125, 95.0, 84.83, 0.243; GCA_963622815.1, s__Blautia_A sp963622815, 95.0, 84.41, 0.22; GCA_963597235.1, s__Blautia_A sp963597235, 95.0, 84.22, 0.193; GCA_900751995.1, s__Blautia_A sp900751995, 95.0, 83.26, 0.178; GCF_025147765.1, s__Blautia_A obeum, 95.0, 82.36, 0.187; GCA_900066355.1, s__Blautia_A sp900066355, 95.0, 82.17, 0.194; GCA_934371915.1, s__Blautia_A sp934371915, 95.0, 82.08, 0.162; GCF_900120195.1, s__Blautia_A sp900120195, 95.0, 81.95, 0.177; GCF_934372025.1, s__Blautia_A sp934372025, 95.0, 81.82, 0.171; GCF_934424005.1, s__Blautia_A sp934424005, 95.25, 81.67, 0.174; GCA_934378195.1, s__Blautia_A sp934378195, 95.0, 81.63, 0.188; GCF_014297355.1, s__Blautia_A intestinalis, 95.0, 81.4, 0.184"	85.64	11	N/A	N/A
