sample,bacteria,without_pretreatment_abundance,with_pretreatment_abundance
942,Escherichia coli,0.0400915955862182,0.0238063652480119
942,Phocaeicola dorei,0.0390615157735592,0.0173512705170104
942,Fusicatenibacter saccharivorans,0.0336369228032983,0.0167603323725562
942,Blautia_A wexlerae,0.0320510445305715,0.0206496701600342
942,Blautia_A sp003471165,0.0298945465055096,0.0154216765759337
942,Phocaeicola vulgatus,0.029472139675857,0.0144237147095339
942,Bacteroides caccae,0.0291090180152797,0.0139624211579975
942,Enterocloster sp000431375,0.0275972462038955,0.0136729820668355
942,Blautia_A intestinihominis,0.0248701284264972,0.0116921332867
942,Blautia_A faecis,0.0246700409808723,0.0213069380962133
942,Phocaeicola coprocola,0.023832637967704,0.0107665311930912
942,Ruminococcus_B gnavus,0.023543622768468,0.0115413837600539
942,Mediterraneibacter faecis,0.0221726532336346,0.0113454093754132
942,Blautia_A fusiformis,0.0212611437591237,0.009813794184686
942,Phascolarctobacterium faecium,0.0203866875152842,0.0107122613634984
942,Pilosibacter fragilis,0.0202681171771361,0.0131905835815668
942,Faecalibacillus intestinalis,0.0197790145322765,0.0083937336436763
942,Agathobacter rectalis,0.019475178040772,0.0111102401138459
942,Anaerostipes hadrus,0.0192973225335512,0.0081253994862446
942,Bacteroides stercoris,0.0188897369961684,0.0102931776794206
942,Otoolea fessa,0.0188008092425573,0.0100700683799835
942,Dorea_A sp019421265,0.0184302769358459,0.0075706412281849
942,Prevotella sp015074785,0.0182153681979524,0.0104981970356595
942,Blautia_A obeum,0.0174817142306624,0.0122649814879579
942,Blautia stercoris,0.0172075203236962,0.0089937167597286
942,Eubacterium_I ramulus_A,0.0161552085726345,0.0093705905763438
942,Agathobaculum butyriciproducens,0.0160144062960836,0.009307275775153
942,Gemmiger formicilis,0.0158587827272656,0.0094158154343385
942,Parabacteroides distasonis,0.0155475355896268,0.0162598439440893
942,Dorea formicigenerans,0.0152436990981237,0.0079565600164002
942,Klebsiella pneumoniae,0.0130723797807919,0.0237098855509586
942,Dorea_D hominis,0.0126351516588721,0.0059576212930685
942,Faecalimonas sp000209385,0.0122127448292209,0.0059395313498703
942,Duodenibacillus intestinigallinarum,0.0113753418160526,0.0060691759427861
942,Bacteroides thetaiotaomicron,0.0095819654515666,0.0174899600815244
942,Enterococcus_B faecium,0.0093966992982115,0.0076369710199098
942,Streptococcus salivarius_D,0.0087297411461298,0.0057556169273617
942,Coprococcus_A intestinihominis,0.008322155608747,0.0079083201678736
942,Collinsella sp027669365,0.0078034103793504,0.0036601985069747
942,Brotaphodocola sp003480315,0.007588501641457,0.0075887311713831
942,Bacteroides ovatus,0.0073513609651621,0.0169020369276022
942,Eubacterium_P hominis,0.0065139579519925,0.0086047829809812
942,Anthropogastromicrobium aceti,0.00640279825998,0.0109504456155997
942,Hominilimicola fabiformis,0.0062916385679661,0.0072058273737018
942,Hominiventricola filiformis,0.0061656575836838,0.007076182780784
942,Bacteroides finegoldii,0.0061360149991468,0.0100670533894515
942,Aphodousia faecalis,0.0060026233687301,0.0042209867461005
942,Bifidobacterium pseudocatenulatum,0.0054245929702608,0.0059515913120024
942,Streptococcus salivarius,0.0053578971550525,0.0069133732920078
942,Sarcina perfringens,0.0049354903254013,0.0071606025157072
942,Enterocloster sp001517625,0.0043796918653334,0.0077002858211007
942,Prevotella copri_N,0.0043426386346621,0.0028702709873477
942,Fusobacterium_A varium,0.0039646956818164,0.0066510691156421
942,Bacteroides uniformis,0.0039054105127423,0.0099374087965357
942,UBA3402 sp003478355,0.0035422888521637,0.0071817074494375
942,Pilosibacter sp900066785,0.0033866652833457,0.0061747006114395
942,Streptococcus vestibularis,0.003134703314781,0.0039315476549385
942,Claveliimonas ammoniilytica,0.0030457755611699,0.0048541347580152
942,Brotaphodocola sp003506385,0.0029716690998287,0.0051345288775791
942,Roseburia inulinivorans,0.0029568478075602,0.0066088592481815
942,Blautia_A acetigignens,0.0028308668232778,0.0065274545037924
942,Eubacterium_G ventriosum,0.002749349715801,0.0051586488018415
942,Anaerotignum_A faecicola,0.0027048858389955,0.0050139292562614
942,Eggerthella lenta,0.0026604219621899,0.0045556506952551
942,Otoolea sp000435655,0.0025863155008473,0.0062229404599662
942,Anaerobutyricum hallii,0.0025492622701761,0.006714383916833
942,Faecalibacterium longum,0.0024973877472363,0.006427959816205
942,Prevotella sp934191715,0.0024677451627006,0.001887384073614
942,Allisonella histaminiformans,0.0024010493474923,0.0031386051447795
942,Collinsella sp900551205,0.0023121215938812,0.0010853965918547
942,Gallintestinimicrobium propionicum,0.0022231938402701,0.0055144176847284
942,Parabacteroides goldsteinii,0.0020823915637193,0.007504311436462
942,Faecalibacterium duncaniae,0.002074980917585,0.0052129186314342
942,Choladousia sp902363135,0.0020675702714507,0.0038772778253457
942,Gemmiger qucibialis,0.0020601596253165,0.0040551622667902
942,Gemella sanguinis,0.0020156957485109,0.0034039243116771
942,Brotaphodocola sp900538475,0.0019712318717068,0.0048481047769492
942,Enterocloster sp900543885,0.0019415892871697,0.0045737406384533
942,Barnesiella intestinihominis,0.0018600721796929,0.0052521135083627
942,Klebsiella quasipneumoniae,0.0018526615335587,0.0056350173060441
942,Neoanaerotignum_A sp934256695,0.0018156083028874,0.0030662453719885
942,Mediterraneibacter torques,0.0018007870106189,0.0040039074277295
942,Lachnospira eligens_A,0.0018007870106189,0.0050290042089257
942,Blautia_A difficilis,0.0017266805492763,0.004118477067981
942,Intestinibacter bartlettii,0.0016970379647393,0.0032169948986345
942,Weissella cibaria,0.0016525740879337,0.0054601478551356
942,Brotonthovivens sp905193415,0.0016525740879337,0.0024994271517986
942,Parasutterella excrementihominis,0.0016081102111282,0.0039797875034671
942,Bilophila wadsworthia,0.0015784676265912,0.0055837624669853
942,Blautia sp900539145,0.0015191824575171,0.0033014146335577
942,Schaedlerella glycyrrhizinilytica_A,0.0014673079345787,0.004187821850238
942,Bacteroides nordii,0.0013783801809676,0.0043234964242199
942,Parabacteroides sp900760525,0.0013709695348333,0.0048631797296154
942,Collinsella sp003462965,0.0013265056580283,0.0006602829267116
942,Klebsiella quasivariicola,0.0012894524273571,0.00462198048698
942,Brotaphodocola sp003478505,0.0012820417812229,0.0030240355045279
942,Faecalibacterium prausnitzii_E,0.0012820417812229,0.0045285157804587
942,Bacteroides xylanisolvens,0.0012598098428201,0.0066329791724439
942,Negativibacillus sp905197685,0.0012523991966859,0.003247144803965
942,Rothia sp916720455,0.0012523991966859,0.0023969174736772
942,Oscillibacter faecalis_A,0.0012005246737463,0.0039918474655973
942,Streptococcus ilei,0.0011782927353435,0.0045888155911176
942,Prevotella sp900551275,0.0011708820892093,0.0009346470652082
942,Prevotella sp900313215,0.0010819543355985,0.0026320867352464
942,Prevotella copri_I,0.0009856159358534,0.0007778675574958
942,Alistipes shahii,0.0009782052897192,0.0029335857885386
942,Laedolimicola intestinihominis,0.0009707946435849,0.0020893884393189
942,Veillonella sp905209685,0.0008892775361083,0.0019054740168115
942,Faecalibacterium taiwanense,0.0008892775361083,0.0043446013579502
942,Blautia_A sp934394595,0.0008818668899741,0.0022130030511686
942,Alitiscatomonas aceti,0.0008744562438398,0.0026531916689767
942,Streptococcus oralis_BA,0.0008744562438398,0.000726612718436
942,Enterocloster sp900541315,0.0008670455977056,0.0032230248797006
942,Alistipes putredinis,0.0008374030131687,0.0030933802867848
942,Oscillibacter sp900550685,0.0008299923670344,0.0020109986854638
942,Streptococcus salivarius_E,0.000785528490229,0.000811032453358
942,Odoribacter splanchnicus,0.0007781178440948,0.0036210036300481
942,Flavonifractor plautii,0.0007707071979605,0.0039074277306761
942,Pauljensenia sp000278725,0.0007484752595578,0.0022250630133008
942,Roseburia intestinalis,0.0007410646134236,0.001929593941075
942,Oscillibacter sp900544615,0.0007262433211551,0.0029516757317369
942,Granulicatella sp902479935,0.0007040113827524,0.000684402850975
942,CAG-103 sp000432375,0.0006447262136785,0.0017004546605723
942,Wujia hominis,0.0006373155675443,0.0025416370192592
942,Veillonella parvula_A,0.0006373155675443,0.0026139967920482
942,Hominicoprocola fusiformis,0.0006224942752758,0.0024602322748701
942,Collinsella sp003439125,0.0006150836291416,0
942,Dorea_A longicatena_C,0.0006150836291416,0.00107032163919
942,Romboutsia timonensis,0.0006002623368731,0.0015798550392551
942,UMGS1071 sp934476545,0.0005780303984704,0.0016461848309796
942,Schaedlerella hominis,0.0005706197523362,0.001326595834489
942,Streptococcus parasanguinis,0.0005632091062019,0.0013838806546147
942,Eubacterium_B sulci,0.0005632091062019,0.0028461510630854
942,Streptococcus mitis_AH,0.0005483878139334,0.0016250798972491
942,Evtepia gabavorous,0.0005409771677992,0.001757739480698
942,Prevotella sp934202525,0.0005409771677992,0.0006361630024481
942,Egerieimonas sp900552095,0.000533566521665,0.0016823647173747
942,Prevotella copri_E,0.0005261558755307,0.0003346639491551
942,Pilosibacter sp900066055,0.000503923937128,0.0002231092994367
942,Streptococcus infantis_M,0.0004965132909938,0.0009617819800045
942,Peptostreptococcus sp900759325,0.0004891026448596,0.0015798550392551
942,Haemophilus_D parainfluenzae_S,0.0004816919987253,0.0011155464971839
942,Acetatifactor acetigignens,0.0004816919987253,0.0014381504842074
942,Aphodousia sp905212345,0.0004742813525911,0.0003648138544844
942,Collinsella sp902364975,0.0004668707064568,0
942,Streptococcus xiaochunlingii,0.0004668707064568,0.0014894053232672
942,Prevotella copri_B,0.0004594600603226,0.0004974734379334
942,Veillonella rogosae,0.0004594600603226,0.0016190499161832
942,Mediterraneibacter_A butyricigenes,0.0004520494141884,0.0015497051339258
942,Choladousia sp902363665,0.0004446387680541,0.0014954353043331
942,Bacteroides salyersiae,0.0004446387680541,0.0006723428888433
942,Faecalimonas sp900556835,0.0004446387680541,0.0008200774249568
942,Coprococcus aceti,0.0004446387680541,0.0026471616879107
942,Granulicatella adiacens,0.0004224068296514,0.0011607713551779
942,Acetatifactor intestinalis,0.0004001748912487,0.000340693930221
942,Clostridium_AQ innocuum,0.0003927642451145,0.0013627757208842
942,Prevotella copri_K,0.0003853535989802,0.0005879231539212
942,Collinsella sp900757595,0.000377942952846,0
942,Prevotella copri,0.0003705323067118,0.0005004884284663
942,Faecalitalea cylindroides,0.0003705323067118,0.0002713491479636
942,Bifidobacterium adolescentis,0,0.0028732859778818
942,Streptococcus sp001813105,0,0.0022582279091633
942,Prevotella sp000434975,0,0.0020049687043977
942,Agathobacter faecis,0,0.0019506988748055
942,Granulicatella sp916049935,0,0.0016974396700394
942,Paraprevotella clara,0,0.0016883946984406
942,Hominisplanchenecus faecis,0,0.0016401548499137
942,Prevotella copri_A,0,0.0015677950771234
942,Weissella confusa,0,0.001540660162327
942,Pauljensenia sp916438945,0,0.0014803603516684
942,Haemophilus_D sp902482195,0,0.0014683003895367
942,Oscillibacter welbionis,0,0.0014652853990038
942,Bariatricus comes,0,0.0014652853990038
942,Holdemania filiformis,0,0.0013989556072793
942,Enterocloster bolteae,0,0.0013989556072793
942,Pauljensenia bouchesdurhonensis,0,0.0012934309386268
942,Bacteroides laotingensis,0,0.0011728313173096
942,Alistipes_A sp900539755,0,0.0011004715445193
942,Phocaeicola massiliensis,0,0.0010944415634534
942,Mediterraneibacter lactaris,0,0.0010823816013217
942,Roseburia rectibacter,0,0.0010823816013217
942,Streptococcus mitis_DL,0,0.0010642916581241
942,Veillonella atypica,0,0.0010552466865254
942,Limivivens faecihominis,0,0.0009738419421363
942,Ruminococcus_C callidus,0,0.0009708269516033
942,Streptococcus parasanguinis_C,0,0.0009678119610704
942,Ventricola sp900542445,0,0.0009256020936094
942,Vescimonas coprocola,0,0.0008954521882801
942,Pseudoscillospira sp018369915,0,0.0008743472545496
942,Eubacterium_R sp000436835,0,0.0008653022829508
942,Parasutterella gallistercoris,0,0.0008622872924179
942,Blautia_A caecimuris,0,0.0008532423208191
942,Lachnospira rogosae,0,0.0008472123397532
942,Corynebacterium durum,0,0.0008351523776215
942,Lancefieldella sp916438965,0,0.0008170624344239
942,Mogibacterium diversum,0,0.000814047443891
942,Bifidobacterium bifidum,0,0.0008080174628251
942,Prevotella stercorea,0,0.0008019874817593
942,Roseburia_C amylophila,0,0.0007869125290946
942,Pauljensenia sp902373545,0,0.000726612718436
942,Blautia_A hydrogenotrophica,0,0.0007205827373702
942,Rothia dentocariosa,0,0.0007205827373702
942,Hominimerdicola aceti,0,0.0007145527563043
942,Pauljensenia sp963531605,0,0.0006904328320409
942,Brotaphodocola sp003481825,0,0.0006874178415079
942,Bulleidia sp938039295,0,0.0006874178415079
942,Butyricimonas faecalis,0,0.0006663129077774
942,Fimenecus sp000432435,0,0.0006632979172445
942,Lactococcus lactis,0,0.0006572679361786
942,Gemella morbillorum,0,0.0006572679361786
942,Bacteroides cellulosilyticus,0,0.0006210880497835
942,Pauljensenia sp000758755,0,0.0006180730592505
942,Granulicatella sp916438765,0,0.0006150580687176
942,Prevotella copri_F,0,0.0005818931728554
942,Oscillibacter segnis,0,0.0005758631917895
942,Parabacteroides merdae,0,0.0005728482012566
942,Gemmiger sp900539695,0,0.0005698332107237
942,Bacteroides eggerthii,0,0.0005668182201907
942,Streptococcus australis_C,0,0.0005607882391249
942,Pseudoflavonifractor_A gallinarum,0,0.0005577732485919
942,Dorea_A longicatena,0,0.0005457132864602
942,Butyribacter intestini,0,0.0005336533243285
942,Haemophilus_D sp001815355,0,0.0005336533243285
942,Blautia_A sp005848555,0,0.0005306383337956
942,Collinsella sp003466125,0,0.0005276233432627
942,Granulicatella sp938039195,0,0.0005246083527297
942,Johnsonella sp916438835,0,0.0005215933621968
942,Streptococcus mitis_DE,0,0.000512548390598
942,Metalachnospira sp900548595,0,0.000512548390598
942,Oribacterium parvum,0,0.000512548390598
942,Pauljensenia odontolytica_B,0,0.0005035034189992
942,Actinomyces sp915069725,0,0.0005035034189992
942,Enterococcus faecalis,0,0.0004974734379334
942,Jutongia sp003524945,0,0.0004884284663346
942,CAG-269 sp000437215,0,0.0004733535136699
942,Streptococcus infantis,0,0.000470338523137
942,CAG-882 sp003486385,0,0.000470338523137
942,Bulleidia sp937910655,0,0.0004673235326041
942,Alistipes onderdonkii,0,0.0004673235326041
942,Prevotella sp900548745,0,0.0004612935515382
942,Streptococcus mitis_Q,0,0.0004522485799394
942,Bifidobacterium longum,0,0.0004371736272748
942,Coprococcus_A catus,0,0.0004341586367418
942,HGM11808 sp900757025,0,0.000428128655676
942,Clostridium_A leptum,0,0.000428128655676
942,Dialister hominis,0,0.0004220986746101
942,Haemophilus_D parainfluenzae_Y,0,0.0004190836840772
942,Streptococcus sanguinis_H,0,0.0004160686935443
942,Ruminococcoides intestinale,0,0.0004160686935443
942,Lachnospira sp000437735,0,0.0004040087314125
942,Prevotella rara,0,0.0004009937408796
942,Blautia_A schinkii_B,0,0.0004009937408796
942,Veillonella sp915069625,0,0.0003979787503467
942,Streptococcus sp001072385,0,0.0003949637598137
942,Moryella longum_A,0,0.0003919487692808
942,Leuconostoc lactis,0,0.000385918788215
942,Rothia mucilaginosa_B,0,0.000382903797682
942,Pauljensenia dentiphila,0,0.0003798888071491
942,Limisoma sp000437795,0,0.0003768738166162
942,Blautia celeris,0,0.0003768738166162
942,Streptococcus sp905221115,0,0.0003738588260832
942,Klebsiella variicola,0,0.0003708438355503
942,Oribacterium sinus_B,0,0.0003708438355503
942,Lachnoanaerobaculum sp000296385,0,0.0003648138544844
942,Streptococcus cristatus_I,0,0.0003617988639515
942,Eubacterium_F sp003491505,0,0.0003617988639515
942,Haemophilus_D parainfluenzae,0,0.0003557688828857
942,Lentihominibacter faecis,0,0.0003497389018198
942,Amedibacillus dolichus,0,0.0003467239112869
942,CAG-115 sp003531585,0,0.0003467239112869
942,Veillonella sp934202095,0,0.0003467239112869
942,Enterocloster aldenensis,0,0.0003467239112869
942,Ruminococcus_C sp000433635,0,0.0003437089207539
942,Granulicatella sp963551375,0,0.000340693930221
942,CAG-882 sp900545175,0,0.0003286339680893
942,Lancefieldella sp024691995,0,0.0003256189775564
942,Oliverpabstia tarda,0,0.0003256189775564
942,Enterocloster citroniae,0,0.0003256189775564
942,Streptococcus gordonii,0,0.0003256189775564
942,Veillonella tobetsuensis,0,0.0003195889964905
942,Prevotella copri_R,0,0.0003195889964905
942,Streptococcus sp002871495,0,0.0003195889964905
942,Veillonella parvula_I,0,0.0003165740059576
942,Collinsella sp905214285,0,0.0003014990532929
942,Turicibacter bilis,0,0.0003014990532929
942,Streptococcus dentisani,0,0.0003014990532929
942,Haemophilus_D sp905371285,0,0.00029848406276
942,Eubacterium_I ramulus,0,0.0002954690722271
942,Pauljensenia sp000308055,0,0.0002924540816941
942,Streptococcus sp013394695,0,0.0002924540816941
942,Lancefieldella sp000565075,0,0.0002894390911612
942,Anaerotardibacter sp000435475,0,0.0002894390911612
942,Bifidobacterium dentium,0,0.0002894390911612
942,Nanosynbacter sp900556355,0,0.0002894390911612
942,Streptococcus pseudopneumoniae_P,0,0.0002834091100953
942,Streptococcus constellatus,0,0.0002834091100953
942,Blautia_A sp900120195,0,0.0002803941195624
942,Gemmiger sp900540595,0,0.0002773791290295
942,Bulleidia sp015256775,0,0.0002743641384966
942,Lawsonibacter sp900066825,0,0.0002623041763648
942,Merdimmobilis hominis,0,0.0002623041763648
942,Rothia sp937935205,0,0.0002592891858319
942,Streptococcus mitis_CT,0,0.000253259204766
942,Granulicatella sp015264955,0,0.000253259204766
942,CAG-245 sp000434195,0,0.0002502442142331
942,Adlercreutzia equolifaciens,0,0.0002502442142331
942,Catenibacillus sp900553975,0,0.0002472292237002
942,Gemella haemolysans_B,0,0.0002442142331673
942,Streptococcus timonensis,0,0.0002442142331673
942,F0428 sp003043955,0,0.0002442142331673
942,Catenibacterium mitsuokai,0,0.0002442142331673
942,Lachnospira sp900551945,0,0.0002442142331673
942,Rothia aeria,0,0.0002442142331673
942,Collinsella sp027660625,0,0.0002411992426343
942,Butyricicoccus sp900547195,0,0.0002411992426343
942,Dorea_A amylophila,0,0.0002381842521014
942,Veillonella dispar_B,0,0.0002381842521014
942,Haemophilus_D sp014931275,0,0.0002351692615685
942,Butyribacter hominis,0,0.0002321542710355
942,Streptococcus vulneris,0,0.0002321542710355
942,Prevotella copri_O,0,0.0002321542710355
942,Prevotella sp022741625,0,0.0002291392805026
942,CAG-269 sp003525075,0,0.0002291392805026
942,Rothia sp001808955,0,0.0002291392805026
942,Bacteroides fragilis,0,0.0002261242899697
942,Eubacterium_U album,0,0.0002261242899697
942,Streptococcus oralis_CU,0,0.0002261242899697
942,Agathobaculum ammoniilyticum,0,0.0002261242899697
942,Prevotella copri_G,0,0.0002200943089038
942,Coprococcus sp000433075,0,0.0002200943089038
942,Bulleidia sp015256455,0,0.0002170793183709
942,Streptococcus sp036663675,0,0.000214064327838
942,Scatomonas hejianensis,0,0.000214064327838
942,Granulicatella sp041433555,0,0.000214064327838
942,Oliverpabstia faecicola,0,0.000211049337305
942,UBA1234 sp900765095,0,0.0002080343467721
942,Collinsella sp905214905,0,0.0002080343467721
942,Haemophilus_D parainfluenzae_M,0,0.0001989893751733
942,Prevotella copri_J,0,0.0001989893751733
942,Macrococcoides caseolyticum,0,0.0001989893751733
942,Pseudobutyricicoccus sp003477405,0,0.0001989893751733
942,Streptococcus sp013277555,0,0.0001989893751733
942,Prevotella sp002265625,0,0.0001959743846404
942,Butyricimonas hominis,0,0.0001929593941075
942,Lactococcus cremoris,0,0.0001929593941075
942,Dialister sp022722495,0,0.0001929593941075
942,Streptococcus mitis,0,0.0001899444035745
942,Lachnospira sp900545725,0,0.0001899444035745
942,Oribacterium sinus,0,0.0001899444035745
942,Streptococcus cristatus,0,0.0001899444035745
942,Granulicatella sp001071995,0,0.0001899444035745
942,Streptococcus infantarius,0,0.0001869294130416
942,Fusobacterium pseudoperiodonticum,0,0.0001839144225087
942,Streptococcus parasanguinis_K,0,0.0001839144225087
942,Eubacterium_B infirmum,0,0.0001839144225087
942,Enterobacter roggenkampii,0,0.0001808994319757
942,Collinsella aerofaciens_AM,0,0.0001808994319757
942,Streptococcus hominis,0,0.0001808994319757
942,Pauljensenia sp001072465,0,0.0001808994319757
942,Eubacterium_G sp000435815,0,0.0001808994319757
942,Haemophilus_D parainfluenzae_AD,0,0.0001778844414428
942,Pararoseburia lenta,0,0.0001778844414428
942,Oscillibacter sp000436875,0,0.0001778844414428
942,Coprobacillus cateniformis,0,0.0001718544603769
942,Prevotella copri_C,0,0.0001718544603769
942,Streptococcus infantis_H,0,0.0001718544603769
942,Streptococcus mitis_DC,0,0.0001718544603769
942,Ruminococcus_C sp000980705,0,0.0001718544603769
942,Streptococcus sp004166885,0,0.000168839469844
942,Veillonella dispar,0,0.000168839469844
942,Bacteroides hominis,0,0.000168839469844
942,Streptococcus mitis_AP,0,0.0001658244793111
942,Citrobacter freundii,0,0.0001658244793111
942,Collinsella sp003471985,0,0.0001658244793111
942,Clostridium sp900540255,0,0.0001658244793111
942,Veillonella sp022737715,0,0.0001628094887782
942,Alistipes senegalensis,0,0.0001628094887782
942,Bulleidia sp963550625,0,0.0001597944982452
942,Streptococcus sp902463925,0,0.0001597944982452
942,Pauljensenia sp001064145,0,0.0001597944982452
942,HGM10766 sp900757295,0,0.0001567795077123
942,Heritagella sp019422525,0,0.0001567795077123
942,Cryptobacteroides sp900544195,0,0.0001567795077123
942,Coprococcus ammoniilyticus,0,0.0001537645171794
942,Streptococcus pseudopneumoniae_M,0,0.0001537645171794
942,Haemophilus_D sp905205995,0,0.0001537645171794
942,Streptococcus oralis_BU,0,0.0001507495266464
942,Escherichia coli,0.0400915955862182,0.0238063652480119
942,Phocaeicola dorei,0.0390615157735592,0.0173512705170104
942,Fusicatenibacter saccharivorans,0.0336369228032983,0.0167603323725562
942,Blautia_A wexlerae,0.0320510445305715,0.0206496701600342
942,Blautia_A sp003471165,0.0298945465055096,0.0154216765759337
942,Phocaeicola vulgatus,0.029472139675857,0.0144237147095339
942,Bacteroides caccae,0.0291090180152797,0.0139624211579975
942,Enterocloster sp000431375,0.0275972462038955,0.0136729820668355
942,Blautia_A intestinihominis,0.0248701284264972,0.0116921332867
942,Blautia_A faecis,0.0246700409808723,0.0213069380962133
942,Phocaeicola coprocola,0.023832637967704,0.0107665311930912
942,Ruminococcus_B gnavus,0.023543622768468,0.0115413837600539
942,Mediterraneibacter faecis,0.0221726532336346,0.0113454093754132
942,Blautia_A fusiformis,0.0212611437591237,0.009813794184686
942,Phascolarctobacterium faecium,0.0203866875152842,0.0107122613634984
942,Pilosibacter fragilis,0.0202681171771361,0.0131905835815668
942,Faecalibacillus intestinalis,0.0197790145322765,0.0083937336436763
942,Agathobacter rectalis,0.019475178040772,0.0111102401138459
942,Anaerostipes hadrus,0.0192973225335512,0.0081253994862446
942,Bacteroides stercoris,0.0188897369961684,0.0102931776794206
942,Otoolea fessa,0.0188008092425573,0.0100700683799835
942,Dorea_A sp019421265,0.0184302769358459,0.0075706412281849
942,Prevotella sp015074785,0.0182153681979524,0.0104981970356595
942,Blautia_A obeum,0.0174817142306624,0.0122649814879579
942,Blautia stercoris,0.0172075203236962,0.0089937167597286
942,Eubacterium_I ramulus_A,0.0161552085726345,0.0093705905763438
942,Agathobaculum butyriciproducens,0.0160144062960836,0.009307275775153
942,Gemmiger formicilis,0.0158587827272656,0.0094158154343385
942,Parabacteroides distasonis,0.0155475355896268,0.0162598439440893
942,Dorea formicigenerans,0.0152436990981237,0.0079565600164002
942,Klebsiella pneumoniae,0.0130723797807919,0.0237098855509586
942,Dorea_D hominis,0.0126351516588721,0.0059576212930685
942,Faecalimonas sp000209385,0.0122127448292209,0.0059395313498703
942,Duodenibacillus intestinigallinarum,0.0113753418160526,0.0060691759427861
942,Bacteroides thetaiotaomicron,0.0095819654515666,0.0174899600815244
942,Enterococcus_B faecium,0.0093966992982115,0.0076369710199098
942,Streptococcus salivarius_D,0.0087297411461298,0.0057556169273617
942,Coprococcus_A intestinihominis,0.008322155608747,0.0079083201678736
942,Collinsella sp027669365,0.0078034103793504,0.0036601985069747
942,Brotaphodocola sp003480315,0.007588501641457,0.0075887311713831
942,Bacteroides ovatus,0.0073513609651621,0.0169020369276022
942,Eubacterium_P hominis,0.0065139579519925,0.0086047829809812
942,Anthropogastromicrobium aceti,0.00640279825998,0.0109504456155997
942,Hominilimicola fabiformis,0.0062916385679661,0.0072058273737018
942,Hominiventricola filiformis,0.0061656575836838,0.007076182780784
942,Bacteroides finegoldii,0.0061360149991468,0.0100670533894515
942,Aphodousia faecalis,0.0060026233687301,0.0042209867461005
942,Bifidobacterium pseudocatenulatum,0.0054245929702608,0.0059515913120024
942,Streptococcus salivarius,0.0053578971550525,0.0069133732920078
942,Sarcina perfringens,0.0049354903254013,0.0071606025157072
942,Enterocloster sp001517625,0.0043796918653334,0.0077002858211007
942,Prevotella copri_N,0.0043426386346621,0.0028702709873477
942,Fusobacterium_A varium,0.0039646956818164,0.0066510691156421
942,Bacteroides uniformis,0.0039054105127423,0.0099374087965357
942,UBA3402 sp003478355,0.0035422888521637,0.0071817074494375
942,Pilosibacter sp900066785,0.0033866652833457,0.0061747006114395
942,Streptococcus vestibularis,0.003134703314781,0.0039315476549385
942,Claveliimonas ammoniilytica,0.0030457755611699,0.0048541347580152
942,Brotaphodocola sp003506385,0.0029716690998287,0.0051345288775791
942,Roseburia inulinivorans,0.0029568478075602,0.0066088592481815
942,Blautia_A acetigignens,0.0028308668232778,0.0065274545037924
942,Eubacterium_G ventriosum,0.002749349715801,0.0051586488018415
942,Anaerotignum_A faecicola,0.0027048858389955,0.0050139292562614
942,Eggerthella lenta,0.0026604219621899,0.0045556506952551
942,Otoolea sp000435655,0.0025863155008473,0.0062229404599662
942,Anaerobutyricum hallii,0.0025492622701761,0.006714383916833
942,Faecalibacterium longum,0.0024973877472363,0.006427959816205
942,Prevotella sp934191715,0.0024677451627006,0.001887384073614
942,Allisonella histaminiformans,0.0024010493474923,0.0031386051447795
942,Collinsella sp900551205,0.0023121215938812,0.0010853965918547
942,Gallintestinimicrobium propionicum,0.0022231938402701,0.0055144176847284
942,Parabacteroides goldsteinii,0.0020823915637193,0.007504311436462
942,Faecalibacterium duncaniae,0.002074980917585,0.0052129186314342
942,Choladousia sp902363135,0.0020675702714507,0.0038772778253457
942,Gemmiger qucibialis,0.0020601596253165,0.0040551622667902
942,Gemella sanguinis,0.0020156957485109,0.0034039243116771
942,Brotaphodocola sp900538475,0.0019712318717068,0.0048481047769492
942,Enterocloster sp900543885,0.0019415892871697,0.0045737406384533
942,Barnesiella intestinihominis,0.0018600721796929,0.0052521135083627
942,Klebsiella quasipneumoniae,0.0018526615335587,0.0056350173060441
942,Neoanaerotignum_A sp934256695,0.0018156083028874,0.0030662453719885
942,Mediterraneibacter torques,0.0018007870106189,0.0040039074277295
942,Lachnospira eligens_A,0.0018007870106189,0.0050290042089257
942,Blautia_A difficilis,0.0017266805492763,0.004118477067981
942,Intestinibacter bartlettii,0.0016970379647393,0.0032169948986345
942,Weissella cibaria,0.0016525740879337,0.0054601478551356
942,Brotonthovivens sp905193415,0.0016525740879337,0.0024994271517986
942,Parasutterella excrementihominis,0.0016081102111282,0.0039797875034671
942,Bilophila wadsworthia,0.0015784676265912,0.0055837624669853
942,Blautia sp900539145,0.0015191824575171,0.0033014146335577
942,Schaedlerella glycyrrhizinilytica_A,0.0014673079345787,0.004187821850238
942,Bacteroides nordii,0.0013783801809676,0.0043234964242199
942,Parabacteroides sp900760525,0.0013709695348333,0.0048631797296154
942,Collinsella sp003462965,0.0013265056580283,0.0006602829267116
942,Klebsiella quasivariicola,0.0012894524273571,0.00462198048698
942,Brotaphodocola sp003478505,0.0012820417812229,0.0030240355045279
942,Faecalibacterium prausnitzii_E,0.0012820417812229,0.0045285157804587
942,Bacteroides xylanisolvens,0.0012598098428201,0.0066329791724439
942,Negativibacillus sp905197685,0.0012523991966859,0.003247144803965
942,Rothia sp916720455,0.0012523991966859,0.0023969174736772
942,Oscillibacter faecalis_A,0.0012005246737463,0.0039918474655973
942,Streptococcus ilei,0.0011782927353435,0.0045888155911176
942,Prevotella sp900551275,0.0011708820892093,0.0009346470652082
942,Prevotella sp900313215,0.0010819543355985,0.0026320867352464
942,Prevotella copri_I,0.0009856159358534,0.0007778675574958
942,Alistipes shahii,0.0009782052897192,0.0029335857885386
942,Laedolimicola intestinihominis,0.0009707946435849,0.0020893884393189
942,Veillonella sp905209685,0.0008892775361083,0.0019054740168115
942,Faecalibacterium taiwanense,0.0008892775361083,0.0043446013579502
942,Blautia_A sp934394595,0.0008818668899741,0.0022130030511686
942,Alitiscatomonas aceti,0.0008744562438398,0.0026531916689767
942,Streptococcus oralis_BA,0.0008744562438398,0.000726612718436
942,Enterocloster sp900541315,0.0008670455977056,0.0032230248797006
942,Alistipes putredinis,0.0008374030131687,0.0030933802867848
942,Oscillibacter sp900550685,0.0008299923670344,0.0020109986854638
942,Streptococcus salivarius_E,0.000785528490229,0.000811032453358
942,Odoribacter splanchnicus,0.0007781178440948,0.0036210036300481
942,Flavonifractor plautii,0.0007707071979605,0.0039074277306761
942,Pauljensenia sp000278725,0.0007484752595578,0.0022250630133008
942,Roseburia intestinalis,0.0007410646134236,0.001929593941075
942,Oscillibacter sp900544615,0.0007262433211551,0.0029516757317369
942,Granulicatella sp902479935,0.0007040113827524,0.000684402850975
942,CAG-103 sp000432375,0.0006447262136785,0.0017004546605723
942,Wujia hominis,0.0006373155675443,0.0025416370192592
942,Veillonella parvula_A,0.0006373155675443,0.0026139967920482
942,Hominicoprocola fusiformis,0.0006224942752758,0.0024602322748701
942,Collinsella sp003439125,0.0006150836291416,0
942,Dorea_A longicatena_C,0.0006150836291416,0.00107032163919
942,Romboutsia timonensis,0.0006002623368731,0.0015798550392551
942,UMGS1071 sp934476545,0.0005780303984704,0.0016461848309796
942,Schaedlerella hominis,0.0005706197523362,0.001326595834489
942,Streptococcus parasanguinis,0.0005632091062019,0.0013838806546147
942,Eubacterium_B sulci,0.0005632091062019,0.0028461510630854
942,Streptococcus mitis_AH,0.0005483878139334,0.0016250798972491
942,Evtepia gabavorous,0.0005409771677992,0.001757739480698
942,Prevotella sp934202525,0.0005409771677992,0.0006361630024481
942,Egerieimonas sp900552095,0.000533566521665,0.0016823647173747
942,Prevotella copri_E,0.0005261558755307,0.0003346639491551
942,Pilosibacter sp900066055,0.000503923937128,0.0002231092994367
942,Streptococcus infantis_M,0.0004965132909938,0.0009617819800045
942,Peptostreptococcus sp900759325,0.0004891026448596,0.0015798550392551
942,Haemophilus_D parainfluenzae_S,0.0004816919987253,0.0011155464971839
942,Acetatifactor acetigignens,0.0004816919987253,0.0014381504842074
942,Aphodousia sp905212345,0.0004742813525911,0.0003648138544844
942,Collinsella sp902364975,0.0004668707064568,0
942,Streptococcus xiaochunlingii,0.0004668707064568,0.0014894053232672
942,Prevotella copri_B,0.0004594600603226,0.0004974734379334
942,Veillonella rogosae,0.0004594600603226,0.0016190499161832
942,Mediterraneibacter_A butyricigenes,0.0004520494141884,0.0015497051339258
942,Choladousia sp902363665,0.0004446387680541,0.0014954353043331
942,Bacteroides salyersiae,0.0004446387680541,0.0006723428888433
942,Faecalimonas sp900556835,0.0004446387680541,0.0008200774249568
942,Coprococcus aceti,0.0004446387680541,0.0026471616879107
942,Granulicatella adiacens,0.0004224068296514,0.0011607713551779
942,Acetatifactor intestinalis,0.0004001748912487,0.000340693930221
942,Clostridium_AQ innocuum,0.0003927642451145,0.0013627757208842
942,Prevotella copri_K,0.0003853535989802,0.0005879231539212
942,Collinsella sp900757595,0.000377942952846,0
942,Prevotella copri,0.0003705323067118,0.0005004884284663
942,Faecalitalea cylindroides,0.0003705323067118,0.0002713491479636
942,Bifidobacterium adolescentis,0,0.0028732859778818
942,Streptococcus sp001813105,0,0.0022582279091633
942,Prevotella sp000434975,0,0.0020049687043977
942,Agathobacter faecis,0,0.0019506988748055
942,Granulicatella sp916049935,0,0.0016974396700394
942,Paraprevotella clara,0,0.0016883946984406
942,Hominisplanchenecus faecis,0,0.0016401548499137
942,Prevotella copri_A,0,0.0015677950771234
942,Weissella confusa,0,0.001540660162327
942,Pauljensenia sp916438945,0,0.0014803603516684
942,Haemophilus_D sp902482195,0,0.0014683003895367
942,Oscillibacter welbionis,0,0.0014652853990038
942,Bariatricus comes,0,0.0014652853990038
942,Holdemania filiformis,0,0.0013989556072793
942,Enterocloster bolteae,0,0.0013989556072793
942,Pauljensenia bouchesdurhonensis,0,0.0012934309386268
942,Bacteroides laotingensis,0,0.0011728313173096
942,Alistipes_A sp900539755,0,0.0011004715445193
942,Phocaeicola massiliensis,0,0.0010944415634534
942,Mediterraneibacter lactaris,0,0.0010823816013217
942,Roseburia rectibacter,0,0.0010823816013217
942,Streptococcus mitis_DL,0,0.0010642916581241
942,Veillonella atypica,0,0.0010552466865254
942,Limivivens faecihominis,0,0.0009738419421363
942,Ruminococcus_C callidus,0,0.0009708269516033
942,Streptococcus parasanguinis_C,0,0.0009678119610704
942,Ventricola sp900542445,0,0.0009256020936094
942,Vescimonas coprocola,0,0.0008954521882801
942,Pseudoscillospira sp018369915,0,0.0008743472545496
942,Eubacterium_R sp000436835,0,0.0008653022829508
942,Parasutterella gallistercoris,0,0.0008622872924179
942,Blautia_A caecimuris,0,0.0008532423208191
942,Lachnospira rogosae,0,0.0008472123397532
942,Corynebacterium durum,0,0.0008351523776215
942,Lancefieldella sp916438965,0,0.0008170624344239
942,Mogibacterium diversum,0,0.000814047443891
942,Bifidobacterium bifidum,0,0.0008080174628251
942,Prevotella stercorea,0,0.0008019874817593
942,Roseburia_C amylophila,0,0.0007869125290946
942,Pauljensenia sp902373545,0,0.000726612718436
942,Blautia_A hydrogenotrophica,0,0.0007205827373702
942,Rothia dentocariosa,0,0.0007205827373702
942,Hominimerdicola aceti,0,0.0007145527563043
942,Pauljensenia sp963531605,0,0.0006904328320409
942,Brotaphodocola sp003481825,0,0.0006874178415079
942,Bulleidia sp938039295,0,0.0006874178415079
942,Butyricimonas faecalis,0,0.0006663129077774
942,Fimenecus sp000432435,0,0.0006632979172445
942,Lactococcus lactis,0,0.0006572679361786
942,Gemella morbillorum,0,0.0006572679361786
942,Bacteroides cellulosilyticus,0,0.0006210880497835
942,Pauljensenia sp000758755,0,0.0006180730592505
942,Granulicatella sp916438765,0,0.0006150580687176
942,Prevotella copri_F,0,0.0005818931728554
942,Oscillibacter segnis,0,0.0005758631917895
942,Parabacteroides merdae,0,0.0005728482012566
942,Gemmiger sp900539695,0,0.0005698332107237
942,Bacteroides eggerthii,0,0.0005668182201907
942,Streptococcus australis_C,0,0.0005607882391249
942,Pseudoflavonifractor_A gallinarum,0,0.0005577732485919
942,Dorea_A longicatena,0,0.0005457132864602
942,Butyribacter intestini,0,0.0005336533243285
942,Haemophilus_D sp001815355,0,0.0005336533243285
942,Blautia_A sp005848555,0,0.0005306383337956
942,Collinsella sp003466125,0,0.0005276233432627
942,Granulicatella sp938039195,0,0.0005246083527297
942,Johnsonella sp916438835,0,0.0005215933621968
942,Streptococcus mitis_DE,0,0.000512548390598
942,Metalachnospira sp900548595,0,0.000512548390598
942,Oribacterium parvum,0,0.000512548390598
942,Pauljensenia odontolytica_B,0,0.0005035034189992
942,Actinomyces sp915069725,0,0.0005035034189992
942,Enterococcus faecalis,0,0.0004974734379334
942,Jutongia sp003524945,0,0.0004884284663346
942,CAG-269 sp000437215,0,0.0004733535136699
942,Streptococcus infantis,0,0.000470338523137
942,CAG-882 sp003486385,0,0.000470338523137
942,Bulleidia sp937910655,0,0.0004673235326041
942,Alistipes onderdonkii,0,0.0004673235326041
942,Prevotella sp900548745,0,0.0004612935515382
942,Streptococcus mitis_Q,0,0.0004522485799394
942,Bifidobacterium longum,0,0.0004371736272748
942,Coprococcus_A catus,0,0.0004341586367418
942,HGM11808 sp900757025,0,0.000428128655676
942,Clostridium_A leptum,0,0.000428128655676
942,Dialister hominis,0,0.0004220986746101
942,Haemophilus_D parainfluenzae_Y,0,0.0004190836840772
942,Streptococcus sanguinis_H,0,0.0004160686935443
942,Ruminococcoides intestinale,0,0.0004160686935443
942,Lachnospira sp000437735,0,0.0004040087314125
942,Prevotella rara,0,0.0004009937408796
942,Blautia_A schinkii_B,0,0.0004009937408796
942,Veillonella sp915069625,0,0.0003979787503467
942,Streptococcus sp001072385,0,0.0003949637598137
942,Moryella longum_A,0,0.0003919487692808
942,Leuconostoc lactis,0,0.000385918788215
942,Rothia mucilaginosa_B,0,0.000382903797682
942,Pauljensenia dentiphila,0,0.0003798888071491
942,Limisoma sp000437795,0,0.0003768738166162
942,Blautia celeris,0,0.0003768738166162
942,Streptococcus sp905221115,0,0.0003738588260832
942,Klebsiella variicola,0,0.0003708438355503
942,Oribacterium sinus_B,0,0.0003708438355503
942,Lachnoanaerobaculum sp000296385,0,0.0003648138544844
942,Streptococcus cristatus_I,0,0.0003617988639515
942,Eubacterium_F sp003491505,0,0.0003617988639515
942,Haemophilus_D parainfluenzae,0,0.0003557688828857
942,Lentihominibacter faecis,0,0.0003497389018198
942,Amedibacillus dolichus,0,0.0003467239112869
942,CAG-115 sp003531585,0,0.0003467239112869
942,Veillonella sp934202095,0,0.0003467239112869
942,Enterocloster aldenensis,0,0.0003467239112869
942,Ruminococcus_C sp000433635,0,0.0003437089207539
942,Granulicatella sp963551375,0,0.000340693930221
942,CAG-882 sp900545175,0,0.0003286339680893
942,Lancefieldella sp024691995,0,0.0003256189775564
942,Oliverpabstia tarda,0,0.0003256189775564
942,Enterocloster citroniae,0,0.0003256189775564
942,Streptococcus gordonii,0,0.0003256189775564
942,Veillonella tobetsuensis,0,0.0003195889964905
942,Prevotella copri_R,0,0.0003195889964905
942,Streptococcus sp002871495,0,0.0003195889964905
942,Veillonella parvula_I,0,0.0003165740059576
942,Collinsella sp905214285,0,0.0003014990532929
942,Turicibacter bilis,0,0.0003014990532929
942,Streptococcus dentisani,0,0.0003014990532929
942,Haemophilus_D sp905371285,0,0.00029848406276
942,Eubacterium_I ramulus,0,0.0002954690722271
942,Pauljensenia sp000308055,0,0.0002924540816941
942,Streptococcus sp013394695,0,0.0002924540816941
942,Lancefieldella sp000565075,0,0.0002894390911612
942,Anaerotardibacter sp000435475,0,0.0002894390911612
942,Bifidobacterium dentium,0,0.0002894390911612
942,Nanosynbacter sp900556355,0,0.0002894390911612
942,Streptococcus pseudopneumoniae_P,0,0.0002834091100953
942,Streptococcus constellatus,0,0.0002834091100953
942,Blautia_A sp900120195,0,0.0002803941195624
942,Gemmiger sp900540595,0,0.0002773791290295
942,Bulleidia sp015256775,0,0.0002743641384966
942,Lawsonibacter sp900066825,0,0.0002623041763648
942,Merdimmobilis hominis,0,0.0002623041763648
942,Rothia sp937935205,0,0.0002592891858319
942,Streptococcus mitis_CT,0,0.000253259204766
942,Granulicatella sp015264955,0,0.000253259204766
942,CAG-245 sp000434195,0,0.0002502442142331
942,Adlercreutzia equolifaciens,0,0.0002502442142331
942,Catenibacillus sp900553975,0,0.0002472292237002
942,Gemella haemolysans_B,0,0.0002442142331673
942,Streptococcus timonensis,0,0.0002442142331673
942,F0428 sp003043955,0,0.0002442142331673
942,Catenibacterium mitsuokai,0,0.0002442142331673
942,Lachnospira sp900551945,0,0.0002442142331673
942,Rothia aeria,0,0.0002442142331673
942,Collinsella sp027660625,0,0.0002411992426343
942,Butyricicoccus sp900547195,0,0.0002411992426343
942,Dorea_A amylophila,0,0.0002381842521014
942,Veillonella dispar_B,0,0.0002381842521014
942,Haemophilus_D sp014931275,0,0.0002351692615685
942,Butyribacter hominis,0,0.0002321542710355
942,Streptococcus vulneris,0,0.0002321542710355
942,Prevotella copri_O,0,0.0002321542710355
942,Prevotella sp022741625,0,0.0002291392805026
942,CAG-269 sp003525075,0,0.0002291392805026
942,Rothia sp001808955,0,0.0002291392805026
942,Bacteroides fragilis,0,0.0002261242899697
942,Eubacterium_U album,0,0.0002261242899697
942,Streptococcus oralis_CU,0,0.0002261242899697
942,Agathobaculum ammoniilyticum,0,0.0002261242899697
942,Prevotella copri_G,0,0.0002200943089038
942,Coprococcus sp000433075,0,0.0002200943089038
942,Bulleidia sp015256455,0,0.0002170793183709
942,Streptococcus sp036663675,0,0.000214064327838
942,Scatomonas hejianensis,0,0.000214064327838
942,Granulicatella sp041433555,0,0.000214064327838
942,Oliverpabstia faecicola,0,0.000211049337305
942,UBA1234 sp900765095,0,0.0002080343467721
942,Collinsella sp905214905,0,0.0002080343467721
942,Haemophilus_D parainfluenzae_M,0,0.0001989893751733
942,Prevotella copri_J,0,0.0001989893751733
942,Macrococcoides caseolyticum,0,0.0001989893751733
942,Pseudobutyricicoccus sp003477405,0,0.0001989893751733
942,Streptococcus sp013277555,0,0.0001989893751733
942,Prevotella sp002265625,0,0.0001959743846404
942,Butyricimonas hominis,0,0.0001929593941075
942,Lactococcus cremoris,0,0.0001929593941075
942,Dialister sp022722495,0,0.0001929593941075
942,Streptococcus mitis,0,0.0001899444035745
942,Lachnospira sp900545725,0,0.0001899444035745
942,Oribacterium sinus,0,0.0001899444035745
942,Streptococcus cristatus,0,0.0001899444035745
942,Granulicatella sp001071995,0,0.0001899444035745
942,Streptococcus infantarius,0,0.0001869294130416
942,Fusobacterium pseudoperiodonticum,0,0.0001839144225087
942,Streptococcus parasanguinis_K,0,0.0001839144225087
942,Eubacterium_B infirmum,0,0.0001839144225087
942,Enterobacter roggenkampii,0,0.0001808994319757
942,Collinsella aerofaciens_AM,0,0.0001808994319757
942,Streptococcus hominis,0,0.0001808994319757
942,Pauljensenia sp001072465,0,0.0001808994319757
942,Eubacterium_G sp000435815,0,0.0001808994319757
942,Haemophilus_D parainfluenzae_AD,0,0.0001778844414428
942,Pararoseburia lenta,0,0.0001778844414428
942,Oscillibacter sp000436875,0,0.0001778844414428
942,Coprobacillus cateniformis,0,0.0001718544603769
942,Prevotella copri_C,0,0.0001718544603769
942,Streptococcus infantis_H,0,0.0001718544603769
942,Streptococcus mitis_DC,0,0.0001718544603769
942,Ruminococcus_C sp000980705,0,0.0001718544603769
942,Streptococcus sp004166885,0,0.000168839469844
942,Veillonella dispar,0,0.000168839469844
942,Bacteroides hominis,0,0.000168839469844
942,Streptococcus mitis_AP,0,0.0001658244793111
942,Citrobacter freundii,0,0.0001658244793111
942,Collinsella sp003471985,0,0.0001658244793111
942,Clostridium sp900540255,0,0.0001658244793111
942,Veillonella sp022737715,0,0.0001628094887782
942,Alistipes senegalensis,0,0.0001628094887782
942,Bulleidia sp963550625,0,0.0001597944982452
942,Streptococcus sp902463925,0,0.0001597944982452
942,Pauljensenia sp001064145,0,0.0001597944982452
942,HGM10766 sp900757295,0,0.0001567795077123
942,Heritagella sp019422525,0,0.0001567795077123
942,Cryptobacteroides sp900544195,0,0.0001567795077123
942,Coprococcus ammoniilyticus,0,0.0001537645171794
942,Streptococcus pseudopneumoniae_M,0,0.0001537645171794
942,Haemophilus_D sp905205995,0,0.0001537645171794
942,Streptococcus oralis_BU,0,0.0001507495266464
4143,Gemmiger formicilis,0.1349414344547249,0.0110373516894169
4143,Agathobacter rectalis,0.1208215221693317,0.0106777489686952
4143,Prevotella sp015074785,0.0810825266085466,0.0089532904670525
4143,Bifidobacterium adolescentis,0.0786222388618493,0.006887618020181
4143,Schaedlerella hominis,0.0461036529924585,0.0071430176797854
4143,Prevotella copri_A,0.0444456329892493,0.0068998772038436
4143,Bifidobacterium bifidum,0.0270096806974379,0.0047892544168812
4143,Dorea_A longicatena_C,0.0254586297266939,0.0005434904756358
4143,Blautia_A obeum,0.0249237845643685,0.009876815636179
4143,Gemmiger qucibialis,0.0230518264962289,0.0064135962519581
4143,Blautia_A faecis,0.0205915387495316,0.0172221098463707
4143,Agathobaculum butyriciproducens,0.0165802000320904,0.010518379581103
4143,Phocaeicola vulgatus,0.015991870353532,0.0156059408004008
4143,Fusicatenibacter saccharivorans,0.0157779322886022,0.0126739527081545
4143,Blautia_A wexlerae,0.0154570251912066,0.0132869118912037
4143,Oliverpabstia faecicola,0.0143338503503235,0.0057332115587754
4143,Faecalibacillus intestinalis,0.0141733968016254,0.0066485639387928
4143,Roseburia inulinivorans,0.0141733968016254,0.0131479744763793
4143,Mediterraneibacter lactaris,0.0140664277691608,0.0057781618988644
4143,Eubacterium_R sp000436835,0.0137455206717652,0.0039086363905689
4143,Lachnospira eligens_A,0.0125153767984162,0.0060907710822184
4143,Eubacterium_I ramulus,0.0123014387334864,0.0046584897911639
4143,Fimenecus sp000432435,0.0117131090549281,0.0042232887711996
4143,Lachnospira rogosae,0.01091084131144,0.0054553367291265
4143,Wujia hominis,0.0089853987270681,0.006423812238342
4143,Blautia_A fusiformis,0.0088784296946029,0.0065034969321381
4143,Coprobacillus cateniformis,0.0085575225972079,0.0076946809445276
4143,CAG-269 sp003525075,0.0082366154998123,0.0028645625821109
4143,Dialister hominis,0.0076482858212545,0.0040700489754378
4143,Collinsella sp902475245,0.0075948013050216,0.0012831278898471
4143,Agathobacter faecis,0.0068995025939987,0.0095029105345199
4143,Dorea_A longicatena,0.0065251109803708,0.0044562132607575
4143,Coprococcus aceti,0.0061507193667429,0.0064667193811562
4143,Coprococcus_A intestinihominis,0.0058832967855802,0.0058946241436443
4143,Mediterraneibacter torques,0.0057228432368827,0.0052673625796576
4143,Prevotella copri_L,0.0056693587206498,0.0002206653058972
4143,Anaerostipes hadrus,0.0056693587206498,0.0055329782256458
4143,Coprococcus sp000433075,0.0052414825907895,0.0045318115600001
4143,Hominilimicola fabiformis,0.0051879980745572,0.0079092166585945
4143,Lachnospira sp000436475,0.0051879980745572,0.0056065333276116
4143,Romboutsia timonensis,0.0051345135583243,0.0092658996504084
4143,Dorea formicigenerans,0.005081029042092,0.0082197826446717
4143,Anthropogastromicrobium aceti,0.0047601219446964,0.0126535207353867
4143,Bifidobacterium pseudocatenulatum,0.0047601219446964,0.0042927574786118
4143,Eubacterium_G ventriosum,0.0047601219446964,0.0049915309472875
4143,Prevotella sp002265625,0.0043322458148362,0.0060110863884223
4143,Hominisplanchenecus faecis,0.0042787612986039,0.0068283652991546
4143,Enterocloster sp000431375,0.0042787612986039,0.0077580200601095
4143,Coprococcus ammoniilyticus,0.0040648232336735,0.0051488571376029
4143,Dorea_A amylophila,0.0040648232336735,0.0007396374142112
4143,Otoolea fessa,0.0040113387174412,0.0077478040737256
4143,Blautia_A sp005848555,0.0037974006525108,0.0038187357103889
4143,Blautia stercoris,0.0035834625875804,0.0058128962525714
4143,Collinsella sp937925735,0.0035834625875804,0
4143,Prevotella copri_C,0.0035299780713481,0.0004535897954555
4143,Roseburia rectibacter,0.0035299780713481,0.0074535836658626
4143,Bacteroides ovatus,0.0033695245226506,0.0093374115550974
4143,Blautia_A intestinihominis,0.0033160400064177,0.0072472207409027
4143,Ruminococcus_C callidus,0.0032090709739525,0.0052939241442576
4143,Streptococcus ilei,0.003048617425255,0.0037615261866374
4143,Gemmiger sp900539695,0.002674225811627,0.007004080264961
4143,Bacteroides uniformis,0,0.0164273061056848
4143,Bacteroides xylanisolvens,0,0.0155180833174977
4143,Escherichia coli,0,0.0142492578085889
4143,Bacteroides caccae,0,0.0107186129142326
4143,Parabacteroides merdae,0,0.0100607033910943
4143,Parabacteroides distasonis,0,0.0097726125750616
4143,Ruthenibacterium lactatiformans,0,0.0096398047520675
4143,Pilosibacter fragilis,0,0.008957376861608
4143,Acetatifactor intestinalis,0,0.0087346683584339
4143,Bacteroides thetaiotaomicron,0,0.0071184993124622
4143,Bilophila wadsworthia,0,0.0068998772038436
4143,Dorea_A sp019421265,0,0.0068896612174578
4143,UBA3402 sp003478355,0,0.0067977173400011
4143,Acetatifactor acetigignens,0,0.0066546935306231
4143,Parasutterella excrementihominis,0,0.00656683604772
4143,Bacteroides cellulosilyticus,0,0.0063584299254833
4143,Hominimerdicola aceti,0,0.0060069999938687
4143,COE1 sp001916965,0,0.0059395744837333
4143,Blautia_A intestinalis,0,0.0058067666607411
4143,Odoribacter splanchnicus,0,0.0056616996540864
4143,Sellimonas intestinalis,0,0.0055554533956903
4143,Anaerobutyricum hallii,0,0.005424688769973
4143,Eubacterium_I ramulus_A,0,0.0052694057769344
4143,Lachnospira sp000437735,0,0.0051795050967545
4143,Oscillibacter welbionis,0,0.0051774618994777
4143,Jutongia huaianensis,0,0.005085518022021
4143,Faecalibacterium taiwanense,0,0.0050528268655907
4143,Hominiventricola aquisgranensis,0,0.0050221789064391
4143,Hominicoprocola fusiformis,0,0.0049935741445643
4143,Enterocloster sp900541315,0,0.0049710989745178
4143,Phocaeicola massiliensis,0,0.0049588397908572
4143,Lachnospira hominis,0,0.0049547533963037
4143,Blautia_A difficilis,0,0.004844420743356
4143,Blautia_A luti,0,0.0047953840087115
4143,Oscillibacter segnis,0,0.0047769952332205
4143,Muricoprocola shaoxingensis,0,0.0045624595191536
4143,Faecalibacterium prausnitzii_E,0,0.0044419108798201
4143,Bacteroides clarus,0,0.004335664621426
4143,Limivivens faecihominis,0,0.004327491832317
4143,Alistipes shahii,0,0.0043254486350402
4143,CAG-103 sp000432375,0,0.0043193190432099
4143,Desulfovibrio sp900319575,0,0.0042621095194602
4143,Bifidobacterium longum,0,0.0042539367303512
4143,Muricoprocola aceti,0,0.0042273751657532
4143,Mesosutterella multiformis,0,0.0042192023766461
4143,Vescimonas coprocola,0,0.0041762952338319
4143,Choladousia sp902363135,0,0.0041722088392784
4143,Limivivens sp905214955,0,0.004157906458341
4143,Mediterraneibacter faecis,0,0.004068005778161
4143,Gallintestinimicrobium propionicum,0,0.0040189690435166
4143,Blautia_A sp003471165,0,0.004014882648963
4143,CAG-170 sp900545925,0,0.0040107962544095
4143,Acidaminococcus massiliensis,0,0.0040107962544095
4143,UMGS1071 sp900542375,0,0.0039188523769527
4143,Faecalibacterium duncaniae,0,0.0038922908123547
4143,Choladousia sp902363665,0,0.0038228221049425
4143,CAG-177 sp003514385,0,0.0037513102002535
4143,Enterocloster sp900543885,0,0.0037267918329303
4143,Pararoseburia lenta,0,0.0037247486356535
4143,Faecalibacterium longum,0,0.0036981870710555
4143,CAG-103 sp900543625,0,0.003604199996322
4143,Ruminococcus_B gnavus,0,0.0035939840099362
4143,Pilosibacter sp900066785,0,0.0035163425134169
4143,Phascolarctobacterium faecium,0,0.0034856945542653
4143,Hominibacterium hominis,0,0.003479564962435
4143,Lentihominibacter faecis,0,0.0034468738060047
4143,Vescimonas sp000435555,0,0.0034387010168976
4143,Anaerotignum_A faecicola,0,0.0033978370713621
4143,Faecalibacterium sp900539945,0,0.0033712755067622
4143,Flavonifractor plautii,0,0.0032548132619842
4143,Blautia_A acetigignens,0,0.0032098629218932
4143,Mediterraneibacter_A butyricigenes,0,0.0031812581600184
4143,Aveggerthella excrementigallinarum,0,0.0031342646226507
4143,CAG-492 sp000434335,0,0.0031240486362668
4143,Brotaphodocola sp003478505,0,0.0030116727860424
4143,Prevotella sp900313215,0,0.0030014567996566
4143,Eubacterium_U album,0,0.0029830680241657
4143,Weissella confusa,0,0.0029258585004141
4143,UBA11524 sp000437595,0,0.0028747785684948
4143,Hominicoprocola sp900550165,0,0.0028563897930019
4143,CAG-170 sp900553545,0,0.0028523033984483
4143,Lentihominibacter excrementipullorum,0,0.002846173806618
4143,Aphodocola sp000434835,0,0.0027624027182684
4143,Eubacterium_P hominis,0,0.00272971156184
4143,Vescimonas cirricatena,0,0.0027235819700097
4143,Evtepia excrementipullorum,0,0.0027051931945168
4143,Ventricola sp900542395,0,0.0026214221061672
4143,Prevotella sp000434975,0,0.0026152925143369
4143,CAG-238 sp900542245,0,0.0025846445551853
4143,Hydrogeniiclostridium mannosilyticum,0,0.0025560397933085
4143,Roseburia hominis,0,0.0025499102014782
4143,Faecalitalea cylindroides,0,0.0025376510178176
4143,Streptococcus thermophilus,0,0.0025131326504963
4143,Faecousia intestinalis,0,0.0025049598613892
4143,UMGS1975 sp900546685,0,0.0024600095212983
4143,Oscillibacter faecalis_A,0,0.0024579663240215
4143,CAG-245 sp000435175,0,0.002435491153977
4143,Brotaphodocola sp003480315,0,0.0023006401337061
4143,Fusobacterium_A mortiferum,0,0.0022740785691061
4143,Bacteroides finegoldii,0,0.0022536465963384
4143,Paraprevotella clara,0,0.0021514867324978
4143,Bariatricus comes,0,0.0018347911545903
4143,Bacteroides intestinalis_A,0,0.0018123159845452
4143,Butyricimonas paravirosa,0,0.0018020999981611
4143,Methanocatella smithii,0,0.0016570329915064
4143,Streptococcus rubneri,0,0.0016468170051222
4143,Anaerobutyricum soehngenii,0,0.0016222986378003
4143,Clostridium_A leptum,0,0.001614125848693
4143,Ventricola sp900542445,0,0.0016120826514162
4143,Lawsonibacter faecis_A,0,0.0015589595222187
4143,Clostridium_AQ innocuum,0,0.0015528299303882
4143,CAG-274 sp000432155,0,0.0015487435358346
4143,Amedibacterium intestinale,0,0.0015364843521736
4143,Phocaeicola dorei,0,0.0014792748284225
4143,Rothia sp916720455,0,0.001401633331903
4143,Roseburia_C amylophila,0,0.0013893741482421
4143,Blautia_A sp934394595,0,0.001379158161858
4143,Alistipes communis,0,0.0013771149645811
4143,Phocaeicola coprocola,0,0.0013485102027056
4143,Holdemania massiliensis,0,0.0013444238081519
4143,Prevotella stercorea,0,0.00131990544083
4143,Enterocloster aldenensis,0,0.0013056030598922
4143,Alistipes onderdonkii,0,0.0012872142844008
4143,Brotaphodocola sp003506385,0,0.0012769982980166
4143,Pseudobutyricicoccus sp003477405,0,0.0012504367334179
4143,Avimicrobium caecorum,0,0.0012320479579264
4143,Prevotella sp934191715,0,0.0011993568014972
4143,Lawsonibacter asaccharolyticus,0,0.0011932272096667
4143,Pseudoscillospira sp018369915,0,0.0011564496586838
4143,Negativibacillus massiliensis,0,0.001119672107701
4143,Oscillibacter sp944387015,0,0.0011033265294864
4143,Eggerthella lenta,0,0.0010992401349327
4143,Bacteroides salyersiae,0,0.0010461170057352
4143,Jutongia sp003524945,0,0.0010175122438596
4143,Oscillibacter faecalis,0,0.0010093394547523
4143,Laedolimicola ammoniilytica,0,0.0009889074819841
4143,Pseudoflavonifractor_A gallinarum,0,0.0009603027201085
4143,Alistipes_A indistinctus,0,0.0009603027201085
4143,Butyribacter hominis,0,0.0009562163255548
4143,Anaerotardibacter sp000435675,0,0.0009439571418939
4143,Bacteroides stercoris,0,0.0009398707473402
4143,Lawsonibacter aceti,0,0.0009173955772951
4143,Agathobaculum ammoniilyticum,0,0.0009092227881878
4143,Hominenteromicrobium mulieris,0,0.000907179590911
4143,Streptococcus salivarius,0,0.0009030931963573
4143,Prevotella copri_N,0,0.0008928772099732
4143,Butyricimonas virosa,0,0.0008724452372049
4143,Streptococcus australis_C,0,0.0008704020399281
4143,Allochristensenella caecavium,0,0.0008683588426513
4143,Faecalibacillus faecis,0,0.0008683588426513
4143,Prevotella sinensis,0,0.0008520132644367
4143,Scatomonas hejianensis,0,0.0008499700671598
4143,Prevotella sp900548745,0,0.0008438404753294
4143,CAG-882 sp003486385,0,0.0008336244889452
4143,Dielma fastidiosa,0,0.0008070629243465
4143,HGM13006 sp900757695,0,0.0008070629243465
4143,Streptococcus hohhotensis,0,0.0007948037406855
4143,Bacteroides eggerthii,0,0.0007825445570246
4143,Suilimivivens aceti,0,0.0007723285706404
4143,Parasutterella gallistercoris,0,0.00076619897881
4143,CAJJNI01 sp905193085,0,0.0007621125842563
4143,Roseburia intestinalis,0,0.0007437238087649
4143,Phocaeicola_A sp900765575,0,0.0007335078223807
4143,Adlercreutzia equolifaciens,0,0.0007232918359966
4143,Collinsella sp938023905,0,0.0007151190468893
4143,Prevotella rara,0,0.0006722119040759
4143,Prevotella sp900551275,0,0.0006701687067991
4143,Bifidobacterium animalis_B,0,0.0006619959176918
4143,Butyribacter intestini,0,0.0006211319721553
4143,Bacteroides nordii,0,0.0006068295912175
4143,Prevotella copri_K,0,0.000600699999387
4143,Ruthenibacterium merdipullorum,0,0.0005945704075565
4143,Alistipes putredinis,0,0.0005925272102797
4143,CAG-115 sp003531585,0,0.0005843544211724
4143,HGM11808 sp900757025,0,0.0005659656456809
4143,Prevotella copri_E,0,0.0005659656456809
4143,Brotaphodocola sp003481825,0,0.0005618792511273
4143,Gemmiger sp900540595,0,0.0005577928565736
4143,Collinsella sp027660625,0,0.0005496200674663
4143,Ruminococcoides intestinale,0,0.0005312312919749
4143,Faecalicatena contorta,0,0.0005230585028676
4143,Oliverpabstia tarda,0,0.0005189721083139
4143,CAG-882 sp900545175,0,0.0005128425164834
4143,Hungatella effluvii,0,0.0005087561219298
4143,Blautia_A sp003477525,0,0.0005046697273761
4143,Granulicatella sp938039195,0,0.0004985401355457
4143,UMGS856 sp900546265,0,0.0004842377546079
4143,Christensenella intestinihominis,0,0.0004781081627774
4143,Collinsella sp003466125,0,0.0004699353736701
4143,Ruminococcus_C sp000433635,0,0.000459719387286
4143,Bianquea renquensis,0,0.0004535897954555
4143,Eubacterium_F sp003491505,0,0.0004535897954555
4143,Cloacibacillus porcorum,0,0.0004454170063482
4143,Acutalibacter stercoravium,0,0.0004433738090713
4143,Collinsella sp900758375,0,0.0004331578226872
4143,Eubacterium_B sp938049335,0,0.0004270282308567
4143,Catenibacterium mitsuokai,0,0.0004065962580885
4143,Faecalibacillus sp003480255,0,0.0003922938771507
4143,Otoolea saccharolyticum_A,0,0.0003841210880434
4143,Streptococcus constellatus,0,0.0003820778907665
4143,Coprococcus_A catus,0,0.0003800346934897
4143,Parabacteroides segnis,0,0.0003759482989361
4143,Alistipes_A hominis,0,0.0003759482989361
4143,Hominicoprocola sp003522105,0,0.0003698187071056
4143,Christensenella minuta,0,0.0003575595234446
4143,Anaerostipes sp900066705,0,0.0003555163261678
4143,Gemella sp963532255,0,0.0003514299316141
4143,Limisoma sp000437795,0,0.0003493867343373
4143,Massiliimalia massiliensis,0,0.0003493867343373
4143,Pauljensenia sp937926415,0,0.0003473435370605
4143,Collinsella sp027669365,0,0.0003453003397837
4143,Neoanaerotignum_A sp944377425,0,0.00034121394523
4143,Enterocloster bolteae,0,0.0003371275506764
4143,Paludihabitans sp900543295,0,0.0003350843533995
4143,Pauljensenia sp000466265,0,0.0003228251697386
4143,Raoultibacter timonensis,0,0.0003187387751849
4143,Blautia_A sp934359835,0,0.0003166955779081
4143,Blautia_A schinkii_B,0,0.0003044363942471
4143,Lachnospira sp900545725,0,0.0003044363942471
4143,Prevotella sp900557035,0,0.0003003499996935
4143,CAG-303 sp000437755,0,0.0002983068024166
4143,Klebsiella pneumoniae,0,0.0002860476187557
4143,Merdimmobilis hominis,0,0.0002799180269252
4143,Oscillibacter sp944387035,0,0.0002799180269252
4143,Hominicoprocola sp900317525,0,0.0002778748296484
4143,Dorea_D hominis,0,0.0002758316323716
4143,Prevotella sp934202525,0,0.0002737884350947
4143,Akkermansia muciniphila,0,0.0002737884350947
4143,Streptococcus vestibularis,0,0.0002717452378179
4143,Enterocloster citroniae,0,0.0002635724487106
4143,Lachnospira sp900551945,0,0.0002553996596033
4143,Maccoya intestinihominis,0,0.0002553996596033
4143,Ruminococcus_C sp000980705,0,0.0002492700677728
4143,Blautia_A sp905206915,0,0.0002492700677728
4143,Porphyromonas uenonis,0,0.0002492700677728
4143,Prevotella copri_F,0,0.000247226870496
4143,Pseudoruminococcus_B merdavium,0,0.0002451836732192
4143,Scatomonas merdavium,0,0.0002451836732192
4143,CAG-103 sp900757655,0,0.0002451836732192
4143,Zongyangia gallinarum,0,0.0002431404759423
4143,Streptococcus anginosus,0,0.0002431404759423
4143,Prevotella sp021636625,0,0.0002431404759423
4143,Blautia_A sp900066335,0,0.0002410972786655
4143,Megamonas funiformis,0,0.0002410972786655
4143,Enterocloster sp001517625,0,0.0002410972786655
4143,Brotaphodocola sp900540335,0,0.0002390540813887
4143,Bacteroides hominis,0,0.0002370108841118
4143,Butyricicoccus sp900604335,0,0.0002370108841118
4143,Prevotella copri_B,0,0.000234967686835
4143,Angelakisella sp004557855,0,0.0002308812922814
4143,Guopingia tenuis,0,0.0002288380950045
4143,CAG-269 sp000437215,0,0.0002288380950045
4143,Collinsella sp041330285,0,0.0002288380950045
4143,Prevotella sp022741625,0,0.0002227085031741
4143,Enterococcus faecalis,0,0.0002206653058972
4143,Bacteroides sp900557355,0,0.0002206653058972
4143,Alistipes finegoldii,0,0.0002186221086204
4143,Hominiventricola filiformis,0,0.0002165789113436
4143,Duodenibacillus intestinigallinarum,0,0.0002145357140668
4143,Laedolimicola sp944378225,0,0.0002145357140668
4143,Massilistercora sp902406105,0,0.0002124925167899
4143,Faecalimonas sp000209385,0,0.0002104493195131
4143,Streptococcus oralis_CP,0,0.0002104493195131
4143,Oscillibacter sp902478785,0,0.0002104493195131
4143,Collinsella sp027669525,0,0.0002084061222363
4143,Bulleidia sp938039295,0,0.0002084061222363
4143,Prevotella copri_O,0,0.0002084061222363
4143,Rothia mucilaginosa_D,0,0.0002063629249594
4143,Claveliimonas ammoniilytica,0,0.0002063629249594
4143,Eubacterium maltosivorans,0,0.0002022765304058
4143,Gemella morbillorum,0,0.000200233333129
4143,Metalachnospira sp902406135,0,0.0001981901358521
4143,CAG-302 sp934162325,0,0.0001981901358521
4143,Blautia_A sp900120195,0,0.0001981901358521
4143,Pauljensenia sp902373545,0,0.0001920605440217
4143,Vescimonas sp003487665,0,0.0001920605440217
4143,Haemophilus_D sp905205995,0,0.0001900173467448
4143,Agathobacter sp900546625,0,0.000187974149468
4143,Dialister sp000434475,0,0.000187974149468
4143,Ruminococcoides intestinalis,0,0.000187974149468
4143,Evtepia sp004556345,0,0.0001859309521912
4143,Streptococcus vulneris,0,0.0001859309521912
4143,Enterocloster clostridioformis,0,0.0001838877549144
4143,Intestinimonas butyriciproducens,0,0.0001838877549144
4143,CAG-245 sp000434195,0,0.0001818445576375
4143,Leuconostoc lactis,0,0.0001777581630839
4143,Collinsella sp036550355,0,0.0001777581630839
4143,Suilimivivens sp000438155,0,0.0001777581630839
4143,CAKUFI01 sp934647305,0,0.000175714965807
4143,CAG-217 sp000436335,0,0.0001736717685302
4143,Eubacterium_G sp000435815,0,0.0001716285712534
4143,Desulfovibrio fairfieldensis_A,0,0.0001695853739766
4143,Hominibacterium sp019420305,0,0.0001695853739766
4143,Intestinibacter bartlettii,0,0.0001675421766997
4143,Streptococcus australis_B,0,0.0001654989794229
4143,Laedolimicola intestinihominis,0,0.0001634557821461
4143,Collinsella sp900542155,0,0.0001634557821461
4143,Hominicoprocola sp934835795,0,0.0001634557821461
4143,Cryptobacteroides sp900544195,0,0.0001614125848693
4143,Mediterraneibacter turbiniformis,0,0.0001573261903156
4143,Streptococcus infantarius,0,0.0001573261903156
4143,Prevotella copri,0,0.000153239795762
4143,CAG-170 sp002404795,0,0.0001450670066546
4143,Butyricimonas hominis,0,0.0001430238093778
4143,Prevotella copri_R,0,0.0001430238093778
4143,Anaerococcus vaginalis,0,0.000140980612101
4143,Vescimonas sp000435975,0,0.000140980612101
4143,Schaedlerella glycyrrhizinilytica_A,0,0.000140980612101
4143,Pauljensenia sp900554605,0,0.000140980612101
4143,Pilosibacter sp900066055,0,0.000140980612101
4143,Collinsella sp902475615,0,0.0001389374148242
4143,Bittarella massiliensis,0,0.0001389374148242
4143,Oliverpabstia intestinalis,0,0.0001368942175473
4143,Christensenella hongkongensis,0,0.0001368942175473
4143,Alistipes senegalensis,0,0.0001368942175473
4143,Corynebacterium durum,0,0.0001348510202705
4143,Eisenbergiella porci,0,0.0001328078229937
4143,Streptococcus mitis_AP,0,0.0001328078229937
4143,Enterococcus_E cecorum,0,0.0001328078229937
4143,Prevotella copri_G,0,0.0001328078229937
4143,Streptococcus mitis_BG,0,0.0001328078229937
4143,Oscillibacter sp900544105,0,0.0001307646257169
4143,Gordonibacter sp003339845,0,0.0001307646257169
4143,Neobittarella massiliensis,0,0.00012872142844
4143,Pauljensenia sp000278725,0,0.00012872142844
4143,Collinsella sp902835305,0,0.00012872142844
4143,Eubacterium_B sulci,0,0.0001266782311632
4143,Weissella fermenti,0,0.0001246350338864
4143,Streptococcus sanguinis_X,0,0.0001205486393327
4143,HGM13006 sp900756575,0,0.0001205486393327
4143,Blautia_A wexlerae_B,0,0.0001185054420559
4143,Clostridium sp000435835,0,0.0001185054420559
4143,Faecalibacterium prausnitzii,0,0.0001185054420559
4143,Ruminococcoides intestinihominis,0,0.0001164622447791
4143,Anaerofustis stercorihominis_A,0,0.0001164622447791
4143,Agathobaculum hominis,0,0.0001164622447791
4143,Streptococcus sp943912555,0,0.0001164622447791
4143,CAG-170 sp000432135,0,0.0001144190475022
4143,Weissella cibaria,0,0.0001144190475022
4143,Blautia_A caecimuris,0,0.0001144190475022
4143,Veillonella sp900552445,0,0.0001123758502254
4143,UMGS1696 sp900753285,0,0.0001123758502254
4143,Bacteroides thetaiotaomicron_A,0,0.0001123758502254
4143,Anaerostipes hadrus_C,0,0.0001103326529486
4143,Lactonifactor sp009677585,0,0.0001082894556718
4143,SDRW01 sp007845485,0,0.0001082894556718
4143,Agathobacter sp900317585,0,0.0001082894556718
4143,Dialister sp025992895,0,0.0001082894556718
4143,Angelakisella sp900547385,0,0.0001082894556718
4143,Acetatifactor hominis,0,0.0001082894556718
4143,Collinsella sp900543645,0,0.0001082894556718
4143,Allocoprobacillus sp002160865,0,0.0001062462583949
4143,Lachnospira eligens,0,0.0001042030611181
4143,Prevotella sp900546535,0,0.0001042030611181
4143,HGM11616 sp900761075,0,0.0001042030611181
4143,Granulicatella adiacens,0,0.0001021598638413
4143,Streptococcus parasanguinis_C,0,0.0001021598638413
4143,CAG-269 sp001916065,0,0.0001021598638413
4143,Gemmiger formicilis,0.1349414344547249,0.0110373516894169
4143,Agathobacter rectalis,0.1208215221693317,0.0106777489686952
4143,Prevotella sp015074785,0.0810825266085466,0.0089532904670525
4143,Bifidobacterium adolescentis,0.0786222388618493,0.006887618020181
4143,Schaedlerella hominis,0.0461036529924585,0.0071430176797854
4143,Prevotella copri_A,0.0444456329892493,0.0068998772038436
4143,Bifidobacterium bifidum,0.0270096806974379,0.0047892544168812
4143,Dorea_A longicatena_C,0.0254586297266939,0.0005434904756358
4143,Blautia_A obeum,0.0249237845643685,0.009876815636179
4143,Gemmiger qucibialis,0.0230518264962289,0.0064135962519581
4143,Blautia_A faecis,0.0205915387495316,0.0172221098463707
4143,Agathobaculum butyriciproducens,0.0165802000320904,0.010518379581103
4143,Phocaeicola vulgatus,0.015991870353532,0.0156059408004008
4143,Fusicatenibacter saccharivorans,0.0157779322886022,0.0126739527081545
4143,Blautia_A wexlerae,0.0154570251912066,0.0132869118912037
4143,Oliverpabstia faecicola,0.0143338503503235,0.0057332115587754
4143,Faecalibacillus intestinalis,0.0141733968016254,0.0066485639387928
4143,Roseburia inulinivorans,0.0141733968016254,0.0131479744763793
4143,Mediterraneibacter lactaris,0.0140664277691608,0.0057781618988644
4143,Eubacterium_R sp000436835,0.0137455206717652,0.0039086363905689
4143,Lachnospira eligens_A,0.0125153767984162,0.0060907710822184
4143,Eubacterium_I ramulus,0.0123014387334864,0.0046584897911639
4143,Fimenecus sp000432435,0.0117131090549281,0.0042232887711996
4143,Lachnospira rogosae,0.01091084131144,0.0054553367291265
4143,Wujia hominis,0.0089853987270681,0.006423812238342
4143,Blautia_A fusiformis,0.0088784296946029,0.0065034969321381
4143,Coprobacillus cateniformis,0.0085575225972079,0.0076946809445276
4143,CAG-269 sp003525075,0.0082366154998123,0.0028645625821109
4143,Dialister hominis,0.0076482858212545,0.0040700489754378
4143,Collinsella sp902475245,0.0075948013050216,0.0012831278898471
4143,Agathobacter faecis,0.0068995025939987,0.0095029105345199
4143,Dorea_A longicatena,0.0065251109803708,0.0044562132607575
4143,Coprococcus aceti,0.0061507193667429,0.0064667193811562
4143,Coprococcus_A intestinihominis,0.0058832967855802,0.0058946241436443
4143,Mediterraneibacter torques,0.0057228432368827,0.0052673625796576
4143,Prevotella copri_L,0.0056693587206498,0.0002206653058972
4143,Anaerostipes hadrus,0.0056693587206498,0.0055329782256458
4143,Coprococcus sp000433075,0.0052414825907895,0.0045318115600001
4143,Hominilimicola fabiformis,0.0051879980745572,0.0079092166585945
4143,Lachnospira sp000436475,0.0051879980745572,0.0056065333276116
4143,Romboutsia timonensis,0.0051345135583243,0.0092658996504084
4143,Dorea formicigenerans,0.005081029042092,0.0082197826446717
4143,Anthropogastromicrobium aceti,0.0047601219446964,0.0126535207353867
4143,Bifidobacterium pseudocatenulatum,0.0047601219446964,0.0042927574786118
4143,Eubacterium_G ventriosum,0.0047601219446964,0.0049915309472875
4143,Prevotella sp002265625,0.0043322458148362,0.0060110863884223
4143,Hominisplanchenecus faecis,0.0042787612986039,0.0068283652991546
4143,Enterocloster sp000431375,0.0042787612986039,0.0077580200601095
4143,Coprococcus ammoniilyticus,0.0040648232336735,0.0051488571376029
4143,Dorea_A amylophila,0.0040648232336735,0.0007396374142112
4143,Otoolea fessa,0.0040113387174412,0.0077478040737256
4143,Blautia_A sp005848555,0.0037974006525108,0.0038187357103889
4143,Blautia stercoris,0.0035834625875804,0.0058128962525714
4143,Collinsella sp937925735,0.0035834625875804,0
4143,Prevotella copri_C,0.0035299780713481,0.0004535897954555
4143,Roseburia rectibacter,0.0035299780713481,0.0074535836658626
4143,Bacteroides ovatus,0.0033695245226506,0.0093374115550974
4143,Blautia_A intestinihominis,0.0033160400064177,0.0072472207409027
4143,Ruminococcus_C callidus,0.0032090709739525,0.0052939241442576
4143,Streptococcus ilei,0.003048617425255,0.0037615261866374
4143,Gemmiger sp900539695,0.002674225811627,0.007004080264961
4143,Bacteroides uniformis,0,0.0164273061056848
4143,Bacteroides xylanisolvens,0,0.0155180833174977
4143,Escherichia coli,0,0.0142492578085889
4143,Bacteroides caccae,0,0.0107186129142326
4143,Parabacteroides merdae,0,0.0100607033910943
4143,Parabacteroides distasonis,0,0.0097726125750616
4143,Ruthenibacterium lactatiformans,0,0.0096398047520675
4143,Pilosibacter fragilis,0,0.008957376861608
4143,Acetatifactor intestinalis,0,0.0087346683584339
4143,Bacteroides thetaiotaomicron,0,0.0071184993124622
4143,Bilophila wadsworthia,0,0.0068998772038436
4143,Dorea_A sp019421265,0,0.0068896612174578
4143,UBA3402 sp003478355,0,0.0067977173400011
4143,Acetatifactor acetigignens,0,0.0066546935306231
4143,Parasutterella excrementihominis,0,0.00656683604772
4143,Bacteroides cellulosilyticus,0,0.0063584299254833
4143,Hominimerdicola aceti,0,0.0060069999938687
4143,COE1 sp001916965,0,0.0059395744837333
4143,Blautia_A intestinalis,0,0.0058067666607411
4143,Odoribacter splanchnicus,0,0.0056616996540864
4143,Sellimonas intestinalis,0,0.0055554533956903
4143,Anaerobutyricum hallii,0,0.005424688769973
4143,Eubacterium_I ramulus_A,0,0.0052694057769344
4143,Lachnospira sp000437735,0,0.0051795050967545
4143,Oscillibacter welbionis,0,0.0051774618994777
4143,Jutongia huaianensis,0,0.005085518022021
4143,Faecalibacterium taiwanense,0,0.0050528268655907
4143,Hominiventricola aquisgranensis,0,0.0050221789064391
4143,Hominicoprocola fusiformis,0,0.0049935741445643
4143,Enterocloster sp900541315,0,0.0049710989745178
4143,Phocaeicola massiliensis,0,0.0049588397908572
4143,Lachnospira hominis,0,0.0049547533963037
4143,Blautia_A difficilis,0,0.004844420743356
4143,Blautia_A luti,0,0.0047953840087115
4143,Oscillibacter segnis,0,0.0047769952332205
4143,Muricoprocola shaoxingensis,0,0.0045624595191536
4143,Faecalibacterium prausnitzii_E,0,0.0044419108798201
4143,Bacteroides clarus,0,0.004335664621426
4143,Limivivens faecihominis,0,0.004327491832317
4143,Alistipes shahii,0,0.0043254486350402
4143,CAG-103 sp000432375,0,0.0043193190432099
4143,Desulfovibrio sp900319575,0,0.0042621095194602
4143,Bifidobacterium longum,0,0.0042539367303512
4143,Muricoprocola aceti,0,0.0042273751657532
4143,Mesosutterella multiformis,0,0.0042192023766461
4143,Vescimonas coprocola,0,0.0041762952338319
4143,Choladousia sp902363135,0,0.0041722088392784
4143,Limivivens sp905214955,0,0.004157906458341
4143,Mediterraneibacter faecis,0,0.004068005778161
4143,Gallintestinimicrobium propionicum,0,0.0040189690435166
4143,Blautia_A sp003471165,0,0.004014882648963
4143,CAG-170 sp900545925,0,0.0040107962544095
4143,Acidaminococcus massiliensis,0,0.0040107962544095
4143,UMGS1071 sp900542375,0,0.0039188523769527
4143,Faecalibacterium duncaniae,0,0.0038922908123547
4143,Choladousia sp902363665,0,0.0038228221049425
4143,CAG-177 sp003514385,0,0.0037513102002535
4143,Enterocloster sp900543885,0,0.0037267918329303
4143,Pararoseburia lenta,0,0.0037247486356535
4143,Faecalibacterium longum,0,0.0036981870710555
4143,CAG-103 sp900543625,0,0.003604199996322
4143,Ruminococcus_B gnavus,0,0.0035939840099362
4143,Pilosibacter sp900066785,0,0.0035163425134169
4143,Phascolarctobacterium faecium,0,0.0034856945542653
4143,Hominibacterium hominis,0,0.003479564962435
4143,Lentihominibacter faecis,0,0.0034468738060047
4143,Vescimonas sp000435555,0,0.0034387010168976
4143,Anaerotignum_A faecicola,0,0.0033978370713621
4143,Faecalibacterium sp900539945,0,0.0033712755067622
4143,Flavonifractor plautii,0,0.0032548132619842
4143,Blautia_A acetigignens,0,0.0032098629218932
4143,Mediterraneibacter_A butyricigenes,0,0.0031812581600184
4143,Aveggerthella excrementigallinarum,0,0.0031342646226507
4143,CAG-492 sp000434335,0,0.0031240486362668
4143,Brotaphodocola sp003478505,0,0.0030116727860424
4143,Prevotella sp900313215,0,0.0030014567996566
4143,Eubacterium_U album,0,0.0029830680241657
4143,Weissella confusa,0,0.0029258585004141
4143,UBA11524 sp000437595,0,0.0028747785684948
4143,Hominicoprocola sp900550165,0,0.0028563897930019
4143,CAG-170 sp900553545,0,0.0028523033984483
4143,Lentihominibacter excrementipullorum,0,0.002846173806618
4143,Aphodocola sp000434835,0,0.0027624027182684
4143,Eubacterium_P hominis,0,0.00272971156184
4143,Vescimonas cirricatena,0,0.0027235819700097
4143,Evtepia excrementipullorum,0,0.0027051931945168
4143,Ventricola sp900542395,0,0.0026214221061672
4143,Prevotella sp000434975,0,0.0026152925143369
4143,CAG-238 sp900542245,0,0.0025846445551853
4143,Hydrogeniiclostridium mannosilyticum,0,0.0025560397933085
4143,Roseburia hominis,0,0.0025499102014782
4143,Faecalitalea cylindroides,0,0.0025376510178176
4143,Streptococcus thermophilus,0,0.0025131326504963
4143,Faecousia intestinalis,0,0.0025049598613892
4143,UMGS1975 sp900546685,0,0.0024600095212983
4143,Oscillibacter faecalis_A,0,0.0024579663240215
4143,CAG-245 sp000435175,0,0.002435491153977
4143,Brotaphodocola sp003480315,0,0.0023006401337061
4143,Fusobacterium_A mortiferum,0,0.0022740785691061
4143,Bacteroides finegoldii,0,0.0022536465963384
4143,Paraprevotella clara,0,0.0021514867324978
4143,Bariatricus comes,0,0.0018347911545903
4143,Bacteroides intestinalis_A,0,0.0018123159845452
4143,Butyricimonas paravirosa,0,0.0018020999981611
4143,Methanocatella smithii,0,0.0016570329915064
4143,Streptococcus rubneri,0,0.0016468170051222
4143,Anaerobutyricum soehngenii,0,0.0016222986378003
4143,Clostridium_A leptum,0,0.001614125848693
4143,Ventricola sp900542445,0,0.0016120826514162
4143,Lawsonibacter faecis_A,0,0.0015589595222187
4143,Clostridium_AQ innocuum,0,0.0015528299303882
4143,CAG-274 sp000432155,0,0.0015487435358346
4143,Amedibacterium intestinale,0,0.0015364843521736
4143,Phocaeicola dorei,0,0.0014792748284225
4143,Rothia sp916720455,0,0.001401633331903
4143,Roseburia_C amylophila,0,0.0013893741482421
4143,Blautia_A sp934394595,0,0.001379158161858
4143,Alistipes communis,0,0.0013771149645811
4143,Phocaeicola coprocola,0,0.0013485102027056
4143,Holdemania massiliensis,0,0.0013444238081519
4143,Prevotella stercorea,0,0.00131990544083
4143,Enterocloster aldenensis,0,0.0013056030598922
4143,Alistipes onderdonkii,0,0.0012872142844008
4143,Brotaphodocola sp003506385,0,0.0012769982980166
4143,Pseudobutyricicoccus sp003477405,0,0.0012504367334179
4143,Avimicrobium caecorum,0,0.0012320479579264
4143,Prevotella sp934191715,0,0.0011993568014972
4143,Lawsonibacter asaccharolyticus,0,0.0011932272096667
4143,Pseudoscillospira sp018369915,0,0.0011564496586838
4143,Negativibacillus massiliensis,0,0.001119672107701
4143,Oscillibacter sp944387015,0,0.0011033265294864
4143,Eggerthella lenta,0,0.0010992401349327
4143,Bacteroides salyersiae,0,0.0010461170057352
4143,Jutongia sp003524945,0,0.0010175122438596
4143,Oscillibacter faecalis,0,0.0010093394547523
4143,Laedolimicola ammoniilytica,0,0.0009889074819841
4143,Pseudoflavonifractor_A gallinarum,0,0.0009603027201085
4143,Alistipes_A indistinctus,0,0.0009603027201085
4143,Butyribacter hominis,0,0.0009562163255548
4143,Anaerotardibacter sp000435675,0,0.0009439571418939
4143,Bacteroides stercoris,0,0.0009398707473402
4143,Lawsonibacter aceti,0,0.0009173955772951
4143,Agathobaculum ammoniilyticum,0,0.0009092227881878
4143,Hominenteromicrobium mulieris,0,0.000907179590911
4143,Streptococcus salivarius,0,0.0009030931963573
4143,Prevotella copri_N,0,0.0008928772099732
4143,Butyricimonas virosa,0,0.0008724452372049
4143,Streptococcus australis_C,0,0.0008704020399281
4143,Allochristensenella caecavium,0,0.0008683588426513
4143,Faecalibacillus faecis,0,0.0008683588426513
4143,Prevotella sinensis,0,0.0008520132644367
4143,Scatomonas hejianensis,0,0.0008499700671598
4143,Prevotella sp900548745,0,0.0008438404753294
4143,CAG-882 sp003486385,0,0.0008336244889452
4143,Dielma fastidiosa,0,0.0008070629243465
4143,HGM13006 sp900757695,0,0.0008070629243465
4143,Streptococcus hohhotensis,0,0.0007948037406855
4143,Bacteroides eggerthii,0,0.0007825445570246
4143,Suilimivivens aceti,0,0.0007723285706404
4143,Parasutterella gallistercoris,0,0.00076619897881
4143,CAJJNI01 sp905193085,0,0.0007621125842563
4143,Roseburia intestinalis,0,0.0007437238087649
4143,Phocaeicola_A sp900765575,0,0.0007335078223807
4143,Adlercreutzia equolifaciens,0,0.0007232918359966
4143,Collinsella sp938023905,0,0.0007151190468893
4143,Prevotella rara,0,0.0006722119040759
4143,Prevotella sp900551275,0,0.0006701687067991
4143,Bifidobacterium animalis_B,0,0.0006619959176918
4143,Butyribacter intestini,0,0.0006211319721553
4143,Bacteroides nordii,0,0.0006068295912175
4143,Prevotella copri_K,0,0.000600699999387
4143,Ruthenibacterium merdipullorum,0,0.0005945704075565
4143,Alistipes putredinis,0,0.0005925272102797
4143,CAG-115 sp003531585,0,0.0005843544211724
4143,HGM11808 sp900757025,0,0.0005659656456809
4143,Prevotella copri_E,0,0.0005659656456809
4143,Brotaphodocola sp003481825,0,0.0005618792511273
4143,Gemmiger sp900540595,0,0.0005577928565736
4143,Collinsella sp027660625,0,0.0005496200674663
4143,Ruminococcoides intestinale,0,0.0005312312919749
4143,Faecalicatena contorta,0,0.0005230585028676
4143,Oliverpabstia tarda,0,0.0005189721083139
4143,CAG-882 sp900545175,0,0.0005128425164834
4143,Hungatella effluvii,0,0.0005087561219298
4143,Blautia_A sp003477525,0,0.0005046697273761
4143,Granulicatella sp938039195,0,0.0004985401355457
4143,UMGS856 sp900546265,0,0.0004842377546079
4143,Christensenella intestinihominis,0,0.0004781081627774
4143,Collinsella sp003466125,0,0.0004699353736701
4143,Ruminococcus_C sp000433635,0,0.000459719387286
4143,Bianquea renquensis,0,0.0004535897954555
4143,Eubacterium_F sp003491505,0,0.0004535897954555
4143,Cloacibacillus porcorum,0,0.0004454170063482
4143,Acutalibacter stercoravium,0,0.0004433738090713
4143,Collinsella sp900758375,0,0.0004331578226872
4143,Eubacterium_B sp938049335,0,0.0004270282308567
4143,Catenibacterium mitsuokai,0,0.0004065962580885
4143,Faecalibacillus sp003480255,0,0.0003922938771507
4143,Otoolea saccharolyticum_A,0,0.0003841210880434
4143,Streptococcus constellatus,0,0.0003820778907665
4143,Coprococcus_A catus,0,0.0003800346934897
4143,Parabacteroides segnis,0,0.0003759482989361
4143,Alistipes_A hominis,0,0.0003759482989361
4143,Hominicoprocola sp003522105,0,0.0003698187071056
4143,Christensenella minuta,0,0.0003575595234446
4143,Anaerostipes sp900066705,0,0.0003555163261678
4143,Gemella sp963532255,0,0.0003514299316141
4143,Limisoma sp000437795,0,0.0003493867343373
4143,Massiliimalia massiliensis,0,0.0003493867343373
4143,Pauljensenia sp937926415,0,0.0003473435370605
4143,Collinsella sp027669365,0,0.0003453003397837
4143,Neoanaerotignum_A sp944377425,0,0.00034121394523
4143,Enterocloster bolteae,0,0.0003371275506764
4143,Paludihabitans sp900543295,0,0.0003350843533995
4143,Pauljensenia sp000466265,0,0.0003228251697386
4143,Raoultibacter timonensis,0,0.0003187387751849
4143,Blautia_A sp934359835,0,0.0003166955779081
4143,Blautia_A schinkii_B,0,0.0003044363942471
4143,Lachnospira sp900545725,0,0.0003044363942471
4143,Prevotella sp900557035,0,0.0003003499996935
4143,CAG-303 sp000437755,0,0.0002983068024166
4143,Klebsiella pneumoniae,0,0.0002860476187557
4143,Merdimmobilis hominis,0,0.0002799180269252
4143,Oscillibacter sp944387035,0,0.0002799180269252
4143,Hominicoprocola sp900317525,0,0.0002778748296484
4143,Dorea_D hominis,0,0.0002758316323716
4143,Prevotella sp934202525,0,0.0002737884350947
4143,Akkermansia muciniphila,0,0.0002737884350947
4143,Streptococcus vestibularis,0,0.0002717452378179
4143,Enterocloster citroniae,0,0.0002635724487106
4143,Lachnospira sp900551945,0,0.0002553996596033
4143,Maccoya intestinihominis,0,0.0002553996596033
4143,Ruminococcus_C sp000980705,0,0.0002492700677728
4143,Blautia_A sp905206915,0,0.0002492700677728
4143,Porphyromonas uenonis,0,0.0002492700677728
4143,Prevotella copri_F,0,0.000247226870496
4143,Pseudoruminococcus_B merdavium,0,0.0002451836732192
4143,Scatomonas merdavium,0,0.0002451836732192
4143,CAG-103 sp900757655,0,0.0002451836732192
4143,Zongyangia gallinarum,0,0.0002431404759423
4143,Streptococcus anginosus,0,0.0002431404759423
4143,Prevotella sp021636625,0,0.0002431404759423
4143,Blautia_A sp900066335,0,0.0002410972786655
4143,Megamonas funiformis,0,0.0002410972786655
4143,Enterocloster sp001517625,0,0.0002410972786655
4143,Brotaphodocola sp900540335,0,0.0002390540813887
4143,Bacteroides hominis,0,0.0002370108841118
4143,Butyricicoccus sp900604335,0,0.0002370108841118
4143,Prevotella copri_B,0,0.000234967686835
4143,Angelakisella sp004557855,0,0.0002308812922814
4143,Guopingia tenuis,0,0.0002288380950045
4143,CAG-269 sp000437215,0,0.0002288380950045
4143,Collinsella sp041330285,0,0.0002288380950045
4143,Prevotella sp022741625,0,0.0002227085031741
4143,Enterococcus faecalis,0,0.0002206653058972
4143,Bacteroides sp900557355,0,0.0002206653058972
4143,Alistipes finegoldii,0,0.0002186221086204
4143,Hominiventricola filiformis,0,0.0002165789113436
4143,Duodenibacillus intestinigallinarum,0,0.0002145357140668
4143,Laedolimicola sp944378225,0,0.0002145357140668
4143,Massilistercora sp902406105,0,0.0002124925167899
4143,Faecalimonas sp000209385,0,0.0002104493195131
4143,Streptococcus oralis_CP,0,0.0002104493195131
4143,Oscillibacter sp902478785,0,0.0002104493195131
4143,Collinsella sp027669525,0,0.0002084061222363
4143,Bulleidia sp938039295,0,0.0002084061222363
4143,Prevotella copri_O,0,0.0002084061222363
4143,Rothia mucilaginosa_D,0,0.0002063629249594
4143,Claveliimonas ammoniilytica,0,0.0002063629249594
4143,Eubacterium maltosivorans,0,0.0002022765304058
4143,Gemella morbillorum,0,0.000200233333129
4143,Metalachnospira sp902406135,0,0.0001981901358521
4143,CAG-302 sp934162325,0,0.0001981901358521
4143,Blautia_A sp900120195,0,0.0001981901358521
4143,Pauljensenia sp902373545,0,0.0001920605440217
4143,Vescimonas sp003487665,0,0.0001920605440217
4143,Haemophilus_D sp905205995,0,0.0001900173467448
4143,Agathobacter sp900546625,0,0.000187974149468
4143,Dialister sp000434475,0,0.000187974149468
4143,Ruminococcoides intestinalis,0,0.000187974149468
4143,Evtepia sp004556345,0,0.0001859309521912
4143,Streptococcus vulneris,0,0.0001859309521912
4143,Enterocloster clostridioformis,0,0.0001838877549144
4143,Intestinimonas butyriciproducens,0,0.0001838877549144
4143,CAG-245 sp000434195,0,0.0001818445576375
4143,Leuconostoc lactis,0,0.0001777581630839
4143,Collinsella sp036550355,0,0.0001777581630839
4143,Suilimivivens sp000438155,0,0.0001777581630839
4143,CAKUFI01 sp934647305,0,0.000175714965807
4143,CAG-217 sp000436335,0,0.0001736717685302
4143,Eubacterium_G sp000435815,0,0.0001716285712534
4143,Desulfovibrio fairfieldensis_A,0,0.0001695853739766
4143,Hominibacterium sp019420305,0,0.0001695853739766
4143,Intestinibacter bartlettii,0,0.0001675421766997
4143,Streptococcus australis_B,0,0.0001654989794229
4143,Laedolimicola intestinihominis,0,0.0001634557821461
4143,Collinsella sp900542155,0,0.0001634557821461
4143,Hominicoprocola sp934835795,0,0.0001634557821461
4143,Cryptobacteroides sp900544195,0,0.0001614125848693
4143,Mediterraneibacter turbiniformis,0,0.0001573261903156
4143,Streptococcus infantarius,0,0.0001573261903156
4143,Prevotella copri,0,0.000153239795762
4143,CAG-170 sp002404795,0,0.0001450670066546
4143,Butyricimonas hominis,0,0.0001430238093778
4143,Prevotella copri_R,0,0.0001430238093778
4143,Anaerococcus vaginalis,0,0.000140980612101
4143,Vescimonas sp000435975,0,0.000140980612101
4143,Schaedlerella glycyrrhizinilytica_A,0,0.000140980612101
4143,Pauljensenia sp900554605,0,0.000140980612101
4143,Pilosibacter sp900066055,0,0.000140980612101
4143,Collinsella sp902475615,0,0.0001389374148242
4143,Bittarella massiliensis,0,0.0001389374148242
4143,Oliverpabstia intestinalis,0,0.0001368942175473
4143,Christensenella hongkongensis,0,0.0001368942175473
4143,Alistipes senegalensis,0,0.0001368942175473
4143,Corynebacterium durum,0,0.0001348510202705
4143,Eisenbergiella porci,0,0.0001328078229937
4143,Streptococcus mitis_AP,0,0.0001328078229937
4143,Enterococcus_E cecorum,0,0.0001328078229937
4143,Prevotella copri_G,0,0.0001328078229937
4143,Streptococcus mitis_BG,0,0.0001328078229937
4143,Oscillibacter sp900544105,0,0.0001307646257169
4143,Gordonibacter sp003339845,0,0.0001307646257169
4143,Neobittarella massiliensis,0,0.00012872142844
4143,Pauljensenia sp000278725,0,0.00012872142844
4143,Collinsella sp902835305,0,0.00012872142844
4143,Eubacterium_B sulci,0,0.0001266782311632
4143,Weissella fermenti,0,0.0001246350338864
4143,Streptococcus sanguinis_X,0,0.0001205486393327
4143,HGM13006 sp900756575,0,0.0001205486393327
4143,Blautia_A wexlerae_B,0,0.0001185054420559
4143,Clostridium sp000435835,0,0.0001185054420559
4143,Faecalibacterium prausnitzii,0,0.0001185054420559
4143,Ruminococcoides intestinihominis,0,0.0001164622447791
4143,Anaerofustis stercorihominis_A,0,0.0001164622447791
4143,Agathobaculum hominis,0,0.0001164622447791
4143,Streptococcus sp943912555,0,0.0001164622447791
4143,CAG-170 sp000432135,0,0.0001144190475022
4143,Weissella cibaria,0,0.0001144190475022
4143,Blautia_A caecimuris,0,0.0001144190475022
4143,Veillonella sp900552445,0,0.0001123758502254
4143,UMGS1696 sp900753285,0,0.0001123758502254
4143,Bacteroides thetaiotaomicron_A,0,0.0001123758502254
4143,Anaerostipes hadrus_C,0,0.0001103326529486
4143,Lactonifactor sp009677585,0,0.0001082894556718
4143,SDRW01 sp007845485,0,0.0001082894556718
4143,Agathobacter sp900317585,0,0.0001082894556718
4143,Dialister sp025992895,0,0.0001082894556718
4143,Angelakisella sp900547385,0,0.0001082894556718
4143,Acetatifactor hominis,0,0.0001082894556718
4143,Collinsella sp900543645,0,0.0001082894556718
4143,Allocoprobacillus sp002160865,0,0.0001062462583949
4143,Lachnospira eligens,0,0.0001042030611181
4143,Prevotella sp900546535,0,0.0001042030611181
4143,HGM11616 sp900761075,0,0.0001042030611181
4143,Granulicatella adiacens,0,0.0001021598638413
4143,Streptococcus parasanguinis_C,0,0.0001021598638413
4143,CAG-269 sp001916065,0,0.0001021598638413
8366,Phocaeicola vulgatus,0.0279856865411474,0.0173391536962226
8366,Bacteroides ovatus,0.0272486392263949,0.0246233616159936
8366,Bacteroides thetaiotaomicron,0.019601773335838,0.0169395821569719
8366,Blautia_A wexlerae,0.0195501800238056,0.0151555796507396
8366,Escherichia coli,0.0193880296145609,0.0213442487023301
8366,Blautia_A faecis,0.0186952051386935,0.0157765100708911
8366,Bacteroides uniformis,0.0182013834378086,0.0129776333734155
8366,Roseburia inulinivorans,0.0178660269095971,0.0119477518004163
8366,Fusicatenibacter saccharivorans,0.0172284809823358,0.0117338966103934
8366,Bacteroides caccae,0.0169336620564346,0.0112330252442904
8366,Anthropogastromicrobium aceti,0.016141336193076,0.0105182986881664
8366,Agathobacter faecis,0.0157580715894045,0.0092332916253181
8366,Blautia_A obeum,0.0149325785968829,0.0091563787938188
8366,Paraprevotella clara,0.014210272228425,0.0080983583800264
8366,Parabacteroides distasonis,0.0138085814418852,0.0120077813274386
8366,Bacteroides stercoris,0.0133589825798854,0.0098898645771388
8366,Bariatricus comes,0.0127546037817895,0.0069540455211397
8366,Mediterraneibacter faecis,0.0117595899068736,0.007513070491548
8366,Gemmiger formicilis,0.0116674589925297,0.0078619921173714
8366,Blautia_A intestinihominis,0.0114979381101365,0.0077625682132381
8366,Agathobacter rectalis,0.0114942528735628,0.0088130849361524
8366,Acetatifactor acetigignens,0.0113947514860716,0.008482922537523
8366,Gemmiger sp900539695,0.011092562087023,0.0071228785658944
8366,Bacteroides hominis,0.0110225425921211,0.0096647538507999
8366,Anaerostipes hadrus,0.0106429632250232,0.0074042669738175
8366,Agathobaculum butyriciproducens,0.0105508323106793,0.0084454040831328
8366,Enterocloster sp000431375,0.0105250356546637,0.0083328487199624
8366,Dorea formicigenerans,0.010396052374582,0.0080289492394071
8366,CAG-882 sp003486385,0.010200734836172,0.0054439277319524
8366,Bifidobacterium longum,0.0100680663195166,0.0056634106901324
8366,Lachnospira eligens_A,0.0100459549000746,0.005586497858633
8366,Gemmiger qucibialis,0.010042269663501,0.0060123323159578
8366,Wujia hominis,0.0099980468246158,0.0057815938214598
8366,Roseburia_C amylophila,0.0099243420931402,0.0052281966192106
8366,Oliverpabstia faecicola,0.0098395816519436,0.0052638391508817
8366,Bifidobacterium pseudocatenulatum,0.0098395816519436,0.0055489794042429
8366,Prevotella sp000434975,0.009765876920468,0.006770205094629
8366,Parabacteroides merdae,0.009754821210747,0.0077756996722751
8366,Lachnospira rogosae,0.0097437655010261,0.0051419041741142
8366,Hominisplanchenecus faecis,0.0096479493501073,0.0053426279051
8366,Blautia_A sp005848555,0.009401038499666,0.0054270444274774
8366,Mediterraneibacter lactaris,0.0092941666390262,0.0058903973391903
8366,Blautia_A schinkii_B,0.0089477544010926,0.0055283442543298
8366,Coprococcus_A intestinihominis,0.0088740496696182,0.005584621935914
8366,Faecalibacillus intestinalis,0.0088040301747162,0.0066914163404106
8366,Pilosibacter fragilis,0.0087082140237986,0.0095278114922763
8366,Otoolea fessa,0.0084944703025203,0.0061755375925515
8366,Dorea_A amylophila,0.0082475594520778,0.0043990387771972
8366,Limisoma sp000437795,0.0077389968048995,0.0044853312222935
8366,Parasutterella gallistercoris,0.0077279410951785,0.0045922588173049
8366,Bilophila wadsworthia,0.0075952725785219,0.0071266304113324
8366,Blautia_A sp003471165,0.0073483617280807,0.0095972206328976
8366,Eubacterium_I ramulus,0.0071825260822612,0.0041908113553353
8366,CAG-303 sp000437755,0.0069393004683924,0.0054139129684403
8366,Ruminococcus_C callidus,0.0068508547906221,0.0050406043472618
8366,Hominimerdicola aceti,0.0068176876614592,0.0055489794042429
8366,Butyribacter hominis,0.006773464822574,0.0049280489840933
8366,Butyribacter intestini,0.0066923896179511,0.0061849172061505
8366,Ruminococcoides intestinale,0.006659222488787,0.0039713283971534
8366,COE1 sp001916965,0.0064860163698201,0.0062843411102819
8366,Butyricimonas paravirosa,0.0064565344772296,0.0093102044568154
8366,CAG-269 sp000437215,0.0057710804745108,0.0029770893558253
8366,Hominicoprocola sp934835795,0.0057710804745108,0.0036599252257201
8366,Eubacterium_G ventriosum,0.0057673952379371,0.0042677241868326
8366,Hominilimicola fabiformis,0.005734228108773,0.0048698953797881
8366,Romboutsia timonensis,0.0056863200333142,0.0065976202044362
8366,Dorea_A longicatena,0.0055462810435115,0.0038212545795948
8366,Streptococcus salivarius,0.0055425958069366,0.0049674433612025
8366,Eubacterium_R sp000436835,0.0055425958069366,0.0032622296091884
8366,Vescimonas sp003487665,0.0055241696240683,0.0033635294360408
8366,Blautia_A sp900120195,0.0054652058388885,0.0050762468789329
8366,Alistipes putredinis,0.0054209830000034,0.0043765277045631
8366,Hominiventricola aquisgranensis,0.0052404064078893,0.0064794370731087
8366,Hominenteromicrobium mulieris,0.0052219802250197,0.00435214070921
8366,Choladousia sp902363135,0.0050708855254961,0.0044346813088683
8366,Muricoprocola shaoxingensis,0.0049382170088407,0.0048980342205812
8366,Eubacterium_U album,0.0049161055893975,0.0043802795500031
8366,Blautia_A acetigignens,0.0047650108898738,0.0081152416845035
8366,Lachnospira hominis,0.0046139161903489,0.004354016631929
8366,Mediterraneibacter torques,0.0044959886199882,0.0049374285976904
8366,Evtepia gabavorous,0.0044443953079558,0.0040219783105806
8366,Ruminococcoides intestinihominis,0.0043043563181531,0.0037574732071325
8366,UBA3402 sp003478355,0.0042564482426943,0.0054833221090616
8366,Dialister sp000434475,0.004168002564924,0.0026469269571959
8366,CAG-274 sp000432155,0.0041348354357599,0.0039188025610091
8366,Laedolimicola intestinihominis,0.0041053535431706,0.0047517122484606
8366,Scybalousia sp900542735,0.0040795568871538,0.0022248443453112
8366,Pilosibacter sp900066055,0.0039026655316133,0.0037443417480955
8366,Oscillibacter segnis,0.0036594399177445,0.0053445038278191
8366,Lawsonibacter sp900549405,0.0035046599816471,0.0036580493029991
8366,Bacteroides xylanisolvens,0.0034788633256303,0.0071829080929166
8366,Adlercreutzia equolifaciens,0.0034456961964661,0.0041626725145422
8366,Hominiventricola filiformis,0.0033941028844337,0.0043146222548198
8366,Dorea_D hominis,0.0033498800455486,0.0035923920078178
8366,Alistipes communis,0.0032614343677783,0.0046672957260852
8366,Alistipes shahii,0.0032577491312047,0.0052882261462348
8366,Butyricimonas faecihominis,0.0031656182168608,0.0059748138615676
8366,CAG-882 sp900545175,0.003117710141402,0.0053895259730872
8366,Weissella confusa,0.0030808577756642,0.0049130416023373
8366,Faecalibacterium duncaniae,0.0030698020659432,0.0040407375377747
8366,CAG-170 sp002404795,0.0029813563881729,0.0039975913152275
8366,Streptococcus salivarius_D,0.0029334483127141,0.0022154647317141
8366,Brotaphodocola sp003506385,0.0029187073664183,0.004845508384435
8366,Collinsella sp902405995,0.0028929107104027,0.0015964102342839
8366,Agathobaculum hominis,0.0028228912155007,0.0037593491298515
8366,Brotaphodocola sp003480315,0.0028081502692061,0.0050574876517369
8366,Enterocloster sp900541315,0.0027197045914358,0.0056033811631081
8366,Suilimivivens sp000438155,0.0027086488817149,0.004858639843472
8366,Claveliimonas ammoniilytica,0.00270496364514,0.0035923920078178
8366,Faecalibacterium taiwanense,0.0023253842780434,0.0060142082386768
8366,Clostridium saudiense,0.0021042700836177,0.0043296296365759
8366,Enterococcus faecalis,0.0020747881910272,0.0037049473709863
8366,Oscillibacter welbionis,0.0020084539327002,0.0049374285976904
8366,Faecalibacterium longum,0.0018499887600279,0.0043277537138569
8366,Vescimonas coprocola,0.0018278773405848,0.0030765132599587
8366,Faecalibacterium sp900539945,0.001757857845684,0.0039056711019721
8366,Weissella cibaria,0.0017320611896672,0.0039206784837282
8366,Lachnospira sp000436535,0.0016878383507821,0.0033072517544566
8366,Hominicoprocola sp900317525,0.0016841531142084,0.0034160552721851
8366,Otoolea sp000435655,0.0016694121679138,0.0039150507155692
8366,Flavonifractor plautii,0.0016546712216179,0.0050143414291897
8366,Alistipes senegalensis,0.0016436155118969,0.0040519930740927
8366,Pilosibacter sp900066785,0.0016399302753233,0.0042377094233224
8366,Faecousia intestinalis,0.0016141336193064,0.0033091276771756
8366,Agathobaculum sp900544475,0.0016104483827328,0.0030108559647774
8366,Anaerobutyricum hallii,0.0015883369632908,0.0030840169508367
8366,Anaerotignum_A faecicola,0.0015072617586679,0.0030014763511784
8366,CAG-103 sp900543625,0.0014519832100618,0.003160929782336
8366,Roseburia hominis,0.0013672227688652,0.0032903684499796
8366,Alistipes_A indistinctus,0.001345111349422,0.0035211069444775
8366,Collinsella aerofaciens_AF,0.0013414261128484,0.0007841356967458
8366,Maccoya intestinihominis,0.0013303704031274,0.0027050805615011
8366,Oscillibacter faecalis,0.001278777091095,0.0028476506881817
8366,Faecalibacterium prausnitzii,0.001267721381374,0.0033785368177969
8366,Blautia_A intestinalis,0.0012382394887835,0.0029602060513502
8366,Roseburia intestinalis,0.0012050723596201,0.003633662307646
8366,Klebsiella pneumoniae,0.0012013871230463,0.0038475174976688
8366,UMGS1975 sp959600905,0.0011977018864726,0.0019753466236191
8366,Dorea_A sp019421265,0.0011866461767513,0.0012249775358254
8366,Clostridium sp000435835,0.0011792757036037,0.0024368236126131
8366,Streptococcus parasanguinis_X,0.0011239971549973,0.0014838548711147
8366,Dialister sp021633965,0.0010650333698171,0.0006171785747114
8366,Alistipes_A hominis,0.0010576628966696,0.0032847406818225
8366,Hominicoprocola fusiformis,0.0010502924235221,0.0014857307938342
8366,Oscillibacter faecalis_A,0.0009692172188993,0.0022980053313705
8366,CAG-170 sp937967235,0.0009176239068667,0.002905804292485
8366,Laedolimicola ammoniilytica,0.0008770863045553,0.0017896302743912
8366,Collinsella sp003475325,0.0008623453582602,0.0005177546705785
8366,Blautia_A ammoniilytica,0.0008623453582602,0.0019378281692307
8366,Escherichia ruysiae,0.0008586601216865,0.0027838693157194
8366,Ruminococcus_B gnavus,0.0008512896485389,0.002191077736361
8366,Lawsonibacter aceti,0.0008402339388177,0.0022192165771522
8366,Oscillibacter sp900550685,0.0008107520462276,0.0022754942587383
8366,Streptococcus salivarius_E,0.0007665292073424,0.0004520973753965
8366,UMGS1071 sp900542375,0.0007481030244736,0.0018140172697445
8366,Bacteroides finegoldii,0.0007149358953097,0.0022154647317141
8366,Pauljensenia sp018382595,0.0007001949490147,0.0012212256903864
8366,Comamonas kerstersii,0.0006965097124409,0.0028795413744129
8366,Hungatella effluvii,0.0006301754541132,0.0019734707009001
8366,Streptococcus pasteurianus,0.0006264902175395,0.0007916393876237
8366,Phocaeicola dorei,0.0006154345078182,0.0021498074365309
8366,Lawsonibacter sp900066825,0.0006117492712444,0.0023205164040046
8366,Lentihominibacter butyricus,0.0006043787980969,0.0018684190286097
8366,Streptococcus constellatus,0.0006043787980969,0.0012062183086305
8366,HGM11808 sp900757025,0.0006006935615231,0.0014913585619926
8366,Prevotella sp015074785,0.0005970083249494,0.0060235878522738
8366,Collinsella sp905208635,0.0005822673786543,0
8366,Mediterraneibacter_A butyricigenes,0.0005380445397692,0.0015213733255044
8366,Ruthenibacterium lactatiformans,0.0005306740666217,0.0019190689420358
8366,Prevotella stercorea,0.0005196183569004,0.0014838548711147
8366,Eubacterium_B sulci,0.0005085626471791,0.0016189213069178
8366,Blautia_A luti,0.0005085626471791,0.0016151694614788
8366,Oliverpabstia tarda,0.0005048774106053,0.0005121269024201
8366,Prevotella sp900313215,0.0004975069374578,0.002433071767175
8366,Streptococcus parasanguinis_W,0.0004864512277365,0
8366,Clostridium lentum,0.0004827659911628,0.0013694235852259
8366,Alangreenwoodia sp019420525,0.0004753955180152,0.0014838548711147
8366,Intestinibacter sp900540355,0.0004680250448677,0.0011837072359967
8366,Eggerthella lenta,0.0004680250448677,0.0011518165497654
8366,Collinsella sp900549715,0.0004606545717202,0.0004070752301288
8366,Coprococcus aceti,0.0004459136254251,0.0022473554179453
8366,Faecalibacterium prausnitzii_E,0.0004348579157038,0.0027182120205362
8366,Brotaphodocola sp003481825,0.0004348579157038,0.0015645195480527
8366,Rothia mucilaginosa_D,0.0004311726791301,0
8366,Blautia_A sp934394595,0.0004238022059826,0.0015138696346265
8366,Avimicrobium caecorum,0.0004238022059826,0.0020316243052034
8366,Pseudobutyricicoccus sp016901775,0.000416431732835,0.0013825550442624
8366,Streptococcus pseudopneumoniae_C,0.0003943203133925,0.0008948151371956
8366,Dialister sp022722495,0.0003943203133925,0.0001894681946682
8366,Schaedlerella hominis,0.0003906350768187,0.001581402852528
8366,Gordonibacter pamelaeae,0.0003795793670974,0.0010824074091443
8366,Lactococcus lactis,0.0003685236573761,0.0012137219995085
8366,Clostridium sp900540255,0.0003648384208024,0.0009173262098294
8366,Neoanaerotignum_A sp934256695,0.0003574679476548,0.0013056422127634
8366,Vescimonas cirricatena,0.0003537827110811,0.0003264105531908
8366,Faecalicatena contorta,0.0003537827110811,0.000984859427731
8366,Turicibacter sanguinis,0.0003537827110811,0.0008066467693796
8366,Streptococcus sanguinis,0.0003537827110811,0.0005590249704073
8366,Coprobacillus cateniformis,0.0003427270013598,0.0007972671557822
8366,Klebsiella variicola,0.0003427270013598,0.0013356569762752
8366,Collinsella sp958453935,0.0003427270013598,0
8366,Leuconostoc lactis,0.0003279860550648,0.0009698520459751
8366,Schaedlerella glycyrrhizinilytica_A,0.0003206155819172,0.0009961149640479
8366,Bifidobacterium adolescentis,0.0003095598721959,0.0024743420670032
8366,Pauljensenia sp902373545,0.0002985041624747,0.0007766320058678
8366,Faecalibacterium prausnitzii_I,0.0002911336893271,0.001662067529466
8366,Acetatifactor intestinalis,0.0002911336893271,0.0014575919530419
8366,Peptostreptococcus stomatis,0.0002874484527534,0.0008122745375381
8366,Lachnospira sp000437735,0.0002837632161796,0.0011930868495941
8366,Enterococcus_B faecium,0.0002727075064583,0.0006940914062104
8366,Streptococcus parasanguinis_S,0.0002690222698846,0
8366,Collinsella sp902399975,0.0002690222698846,0
8366,Raoultibacter timonensis,0.0002690222698846,0.0010298815729987
8366,Limivivens faecihominis,0.0002653370333108,0.0011555683952043
8366,Lawsonibacter faecis_A,0.000261651796737,0.0003676808530195
8366,Streptococcus ilei,0.000261651796737,0.0005702805067242
8366,Pyramidobacter piscolens,0.0002542813235895,0.0004971195206642
8366,Otoolea symbiosa,0.0002542813235895,0.0012287293812644
8366,Gemella sanguinis,0.000246910850442,0.0004746084480303
8366,Streptococcus sp001556435,0.0002432256138682,0.0002119792673021
8366,Blautia_A sp003474435,0.0002321699041469,0.0001481978948395
8366,Oscillibacter sp944387035,0.0002321699041469,0.0007672523922704
8366,Prevotella copri_L,0.0002247994309994,0
8366,Rothia mucilaginosa_C,0.0002100584847044,0.000377060466617
8366,Christensenella massiliensis,0.0002100584847044,0.0008535448373668
8366,Collinsella sp022713905,0.0002026880115569,0
8366,Gemella morbillorum,0.0002026880115569,0.0004727325253108
8366,Dorea_A longicatena_C,0.0002026880115569,0.0002176070354605
8366,Blautia_A sp900066335,0.0002026880115569,0.0001200590540472
8366,Allocoprobacillus sp002160865,0.0002026880115569,0.0012568682220567
8366,Eubacterium_I ramulus_A,0.0001990027749831,0.0006865877153324
8366,Collinsella sp003459245,0.0001990027749831,0.0001200590540472
8366,Citrobacter portucalensis,0.0001953175384093,0.0003995715392508
8366,Bulleidia moorei,0.0001916323018356,0.0004689806798719
8366,Pauljensenia sp000758755,0.0001879470652618,0.0003676808530195
8366,Granulicatella sp916049935,0.0001879470652618,0.0004370899936406
8366,Roseburia sp900542495,0.0001879470652618,0.0001650811993149
8366,Streptococcus parasanguinis_V,0.0001879470652618,0.000142570126681
8366,Pseudoscillospira faecavium,0.000184261828688,0.0007897634649043
8366,Faecalibacterium prausnitzii_F,0.000184261828688,0.0001200590540472
8366,Limivivens sp905214955,0,0.0017539877427209
8366,Prevotella copri_A,0,0.0013168977490803
8366,Flemingiibacterium sp900546315,0,0.0011686998542408
8366,Holdemania massiliensis,0,0.0010598963365105
8366,Faecalibacterium sp934514285,0,0.001050516722913
8366,Roseburia rectibacter,0,0.0010430130320351
8366,Phocaeicola massiliensis,0,0.0010017427322064
8366,Phocaeicola coprocola,0,0.0009098225189515
8366,Pseudoflavonifractor_A gallinarum,0,0.0007991430785017
8366,Enterocloster bolteae,0,0.0007897634649043
8366,Phascolarctobacterium faecium,0,0.0007747560831484
8366,Streptococcus parasanguinis,0,0.0007672523922704
8366,Jutongia sp003524945,0,0.0007316098606001
8366,Neobittarella massiliensis,0,0.0007203543242832
8366,Rothia sp916720455,0,0.0007128506334053
8366,Anaerotruncus colihominis,0,0.0007015950970883
8366,Blautia_A fusiformis,0,0.0006865877153324
8366,Fimenecus sp000432435,0,0.000680959947174
8366,Bifidobacterium bifidum,0,0.0006715803335765
8366,Bacteroides clarus,0,0.0006471933382232
8366,Prevotella sp900548745,0,0.0006378137246258
8366,Citrobacter freundii,0,0.0006284341110283
8366,Haemophilus_D parainfluenzae,0,0.0006096748838334
8366,Merdimmobilis hominis,0,0.000600295270236
8366,Prevotella copri_N,0,0.0005646527385657
8366,Blautia stercoris,0,0.0005552731249683
8366,Eubacterium_F sp003491505,0,0.0005290102068955
8366,Enterocloster citroniae,0,0.0005252583614565
8366,Pauljensenia sp000466265,0,0.0005008713661032
8366,Clostridium disporicum_B,0,0.0004614769889939
8366,Streptococcus caecimuris,0,0.0004558492208354
8366,Clostridium_AQ innocuum,0,0.000453973298116
8366,Bulleidia sp015256775,0,0.000450221452677
8366,Pauljensenia sp001072465,0,0.0004370899936406
8366,Prevotella rara,0,0.0004258344573236
8366,Streptococcus anginosus,0,0.0004127029982872
8366,Bacteroides eggerthii,0,0.0004070752301288
8366,Pauljensenia sp000278725,0,0.0004014474619703
8366,Eubacterium_B infirmum,0,0.0004014474619703
8366,DXYV01 sp019415645,0,0.0003920678483729
8366,Gemmiger sp900540595,0,0.0003864400802144
8366,Mogibacterium diversum,0,0.0003826882347754
8366,Lactococcus petauri,0,0.0003789363893365
8366,Clostridium sp026168755,0,0.0003601771621416
8366,CAG-170 sp900549635,0,0.0003526734712636
8366,Dialister hominis,0,0.0003507975485441
8366,Bacteroides cellulosilyticus,0,0.0003470457031052
8366,Prevotella sp934191715,0,0.0003432938576662
8366,CAG-115 sp003531585,0,0.0003320383213493
8366,Collinsella sp003466125,0,0.0003245346304713
8366,Parasutterella excrementihominis,0,0.0003207827850323
8366,Streptococcus parasanguinis_C,0,0.0003170309395934
8366,Pauljensenia dentiphila,0,0.0003076513259959
8366,Haemophilus_D sp905205995,0,0.000296395789679
8366,CAJOJO01 sp900546745,0,0.000288892098801
8366,Anaerobutyricum soehngenii,0,0.0002795124852036
8366,Parvimonas micra,0,0.0002738847170451
8366,Ruminococcus_C sp000433635,0,0.0002720087943257
8366,Streptococcus infantis_M,0,0.0002720087943257
8366,Veillonella parvula_A,0,0.0002720087943257
8366,Catenibacterium mitsuokai,0,0.0002663810261672
8366,CAG-269 sp003525075,0,0.0002570014125698
8366,Bacteroides vicugnae,0,0.0002551254898503
8366,Collinsella sp900542365,0,0.0002532495671308
8366,Actinomyces sp915069725,0,0.0002513736444113
8366,Gemella sp947254465,0,0.0002494977216918
8366,Streptococcus parasanguinis_Q,0,0.0002476217989723
8366,Klebsiella quasipneumoniae,0,0.0002457458762528
8366,Prevotella sp002265625,0,0.0002457458762528
8366,UMGS1591 sp905198295,0,0.0002457458762528
8366,Turicibacter bilis,0,0.0002419940308139
8366,Streptococcus australis_C,0,0.0002401181080944
8366,Clostridium cuniculi,0,0.0002344903399359
8366,Eubacterium_G sp000435815,0,0.0002251107263385
8366,Intestinibacter bartlettii,0,0.0002213588808995
8366,Granulicatella adiacens,0,0.00021948295818
8366,Corynebacterium durum,0,0.0002176070354605
8366,Clostridium sp900543325,0,0.0002176070354605
8366,Collinsella sp027660625,0,0.000215731112741
8366,Allisonella pneumosinta,0,0.000215731112741
8366,Coprococcus_A catus,0,0.0002119792673021
8366,CAG-492 sp000434335,0,0.0002101033445826
8366,Blautia_A sp900066355,0,0.0002082274218631
8366,Lachnospira sp900545725,0,0.0002082274218631
8366,Coprococcus ammoniilyticus,0,0.0002082274218631
8366,Streptococcus mitis_BM,0,0.0002063514991436
8366,Lactococcus garvieae,0,0.0001988478082656
8366,Actinomyces sp915063485,0,0.0001988478082656
8366,Lancefieldella sp024691995,0,0.0001969718855462
8366,Odoribacter splanchnicus,0,0.0001969718855462
8366,Streptococcus sanguinis_H,0,0.0001950959628267
8366,Veillonella atypica,0,0.0001950959628267
8366,Clostridium celatum,0,0.0001913441173877
8366,Pararoseburia lenta,0,0.0001913441173877
8366,Citrobacter europaeus,0,0.0001913441173877
8366,Ruminococcoides intestinalis,0,0.0001894681946682
8366,Butyricicoccus sp900547195,0,0.0001857163492292
8366,Streptococcus oralis_CU,0,0.0001838404265097
8366,Brotaphodocola sp003478505,0,0.0001800885810708
8366,Agathobaculum ammoniilyticum,0,0.0001782126583513
8366,Streptococcus hominis,0,0.0001782126583513
8366,Collinsella sp027663555,0,0.0001744608129123
8366,Klebsiella ornithinolytica,0,0.0001744608129123
8366,Faecalibacillus faecis,0,0.0001725848901928
8366,Guopingia tenuis,0,0.0001725848901928
8366,Granulicatella sp001058355,0,0.0001669571220344
8366,Enterococcus_B hirae,0,0.0001650811993149
8366,Ruminococcus_C sp000980705,0,0.0001632052765954
8366,Cryptobacteroides sp900544195,0,0.0001632052765954
8366,Bulleidia sp963550625,0,0.0001594534311564
8366,Rothia dentocariosa,0,0.0001575775084369
8366,CAG-177 sp003514385,0,0.0001575775084369
8366,Streptococcus australis_B,0,0.0001557015857174
8366,Streptococcus mitis_CD,0,0.0001557015857174
8366,Prevotella copri_E,0,0.0001557015857174
8366,Streptococcus infantis_B,0,0.0001519497402784
8366,Holdemania filiformis,0,0.000150073817559
8366,Pauljensenia sp000308055,0,0.0001481978948395
8366,Collinsella sp900540855,0,0.0001481978948395
8366,Coprococcus sp000433075,0,0.0001481978948395
8366,Streptococcus cristatus_I,0,0.00014632197212
8366,CAG-245 sp000434195,0,0.0001444460494005
8366,Enterobacter hormaechei_C,0,0.0001444460494005
8366,Enterococcus_B lactis,0,0.000142570126681
8366,Fusobacterium_A varium_A,0,0.000142570126681
8366,Streptococcus infantarius,0,0.000142570126681
8366,Lachnospira sp900551945,0,0.000138818281242
8366,Faecalimonas sp000209385,0,0.0001369423585225
8366,Acetatifactor hominis,0,0.0001369423585225
8366,Veillonella rogosae,0,0.0001350664358031
8366,Sellimonas intestinalis,0,0.0001350664358031
8366,Vescimonas sp000435555,0,0.0001350664358031
8366,Enterococcus_D casseliflavus,0,0.0001331905130836
8366,Peptostreptococcus sp900759325,0,0.0001313145903641
8366,Megamonas funiformis,0,0.0001313145903641
8366,Massilioclostridium facile,0,0.0001294386676446
8366,Haemophilus_D parainfluenzae_Y,0,0.0001294386676446
8366,Fusobacterium nucleatum_J,0,0.0001275627449251
8366,Streptococcus sp036663675,0,0.0001256868222056
8366,Duodenibacillus intestinigallinarum,0,0.0001238108994861
8366,Pseudobutyricicoccus sp003477405,0,0.0001219349767666
8366,Allocoprobacillus merdigallinarum,0,0.0001219349767666
8366,CAG-103 sp000432375,0,0.0001219349767666
8366,Gallintestinimicrobium propionicum,0,0.0001200590540472
8366,Hominicoprocola sp003522105,0,0.0001200590540472
8366,Aphodocola sp000434835,0,0.0001200590540472
8366,Bulleidia sp938039295,0,0.0001181831313277
8366,Lancefieldella sp938041635,0,0.0001181831313277
8366,Lentihominibacter sp934247125,0,0.0001163072086082
8366,Porphyromonas endodontalis,0,0.0001144312858887
8366,Parabacteroides goldsteinii,0,0.0001144312858887
8366,Collinsella sp900546775,0,0.0001125553631692
8366,Bifidobacterium kashiwanohense_A,0,0.0001125553631692
8366,Streptococcus mitis_DE,0,0.0001106794404497
8366,Granulicatella sp916438765,0,0.0001106794404497
8366,Enterobacter roggenkampii,0,0.0001106794404497
8366,Streptococcus sp027665725,0,0.0001106794404497
8366,Anthropogastromicrobium sp934292725,0,0.0001106794404497
8366,CHH4-2 sp018378255,0,0.0001088035177302
8366,Bulleidia extructa,0,0.0001088035177302
8366,Veillonella parvula_L,0,0.0001069275950107
8366,Clostridium sp900547475,0,0.0001069275950107
8366,Lachnospira sp000436475,0,0.0001069275950107
8366,Eubacterium_P hominis,0,0.0001050516722913
8366,Bacteroides zhangwenhongii,0,0.0001050516722913
8366,Bariatricus comes_A,0,0.0001031757495718
8366,Muricoprocola aceti,0,0.0001031757495718
8366,Streptococcus parasanguinis_K,0,0.0001012998268523
8366,Gemella haemolysans_B,0,0.0001012998268523
8366,Collinsella sp027669365,0,9.942390413284566e-05
8366,Mogibacterium timidum,0,9.7547981413358e-05
8366,Weissella fermenti,0,9.7547981413358e-05
8366,CAG-217 sp000436335,0,9.7547981413358e-05
8366,Veillonella sp900545205,0,9.567205869387034e-05
8366,Parasutterella sp900552195,0,9.567205869387034e-05
8366,Butyricicoccus sp900604335,0,9.567205869387034e-05
8366,Streptococcus vaginalis,0,9.567205869387034e-05
8366,Muricoprocola sp900544685,0,9.379613597438268e-05
8366,Anaerotardibacter sp000435475,0,9.379613597438268e-05
8366,Lawsonibacter asaccharolyticus,0,9.379613597438268e-05
8366,Phocaeicola vulgatus,0.0279856865411474,0.0173391536962226
8366,Bacteroides ovatus,0.0272486392263949,0.0246233616159936
8366,Bacteroides thetaiotaomicron,0.019601773335838,0.0169395821569719
8366,Blautia_A wexlerae,0.0195501800238056,0.0151555796507396
8366,Escherichia coli,0.0193880296145609,0.0213442487023301
8366,Blautia_A faecis,0.0186952051386935,0.0157765100708911
8366,Bacteroides uniformis,0.0182013834378086,0.0129776333734155
8366,Roseburia inulinivorans,0.0178660269095971,0.0119477518004163
8366,Fusicatenibacter saccharivorans,0.0172284809823358,0.0117338966103934
8366,Bacteroides caccae,0.0169336620564346,0.0112330252442904
8366,Anthropogastromicrobium aceti,0.016141336193076,0.0105182986881664
8366,Agathobacter faecis,0.0157580715894045,0.0092332916253181
8366,Blautia_A obeum,0.0149325785968829,0.0091563787938188
8366,Paraprevotella clara,0.014210272228425,0.0080983583800264
8366,Parabacteroides distasonis,0.0138085814418852,0.0120077813274386
8366,Bacteroides stercoris,0.0133589825798854,0.0098898645771388
8366,Bariatricus comes,0.0127546037817895,0.0069540455211397
8366,Mediterraneibacter faecis,0.0117595899068736,0.007513070491548
8366,Gemmiger formicilis,0.0116674589925297,0.0078619921173714
8366,Blautia_A intestinihominis,0.0114979381101365,0.0077625682132381
8366,Agathobacter rectalis,0.0114942528735628,0.0088130849361524
8366,Acetatifactor acetigignens,0.0113947514860716,0.008482922537523
8366,Gemmiger sp900539695,0.011092562087023,0.0071228785658944
8366,Bacteroides hominis,0.0110225425921211,0.0096647538507999
8366,Anaerostipes hadrus,0.0106429632250232,0.0074042669738175
8366,Agathobaculum butyriciproducens,0.0105508323106793,0.0084454040831328
8366,Enterocloster sp000431375,0.0105250356546637,0.0083328487199624
8366,Dorea formicigenerans,0.010396052374582,0.0080289492394071
8366,CAG-882 sp003486385,0.010200734836172,0.0054439277319524
8366,Bifidobacterium longum,0.0100680663195166,0.0056634106901324
8366,Lachnospira eligens_A,0.0100459549000746,0.005586497858633
8366,Gemmiger qucibialis,0.010042269663501,0.0060123323159578
8366,Wujia hominis,0.0099980468246158,0.0057815938214598
8366,Roseburia_C amylophila,0.0099243420931402,0.0052281966192106
8366,Oliverpabstia faecicola,0.0098395816519436,0.0052638391508817
8366,Bifidobacterium pseudocatenulatum,0.0098395816519436,0.0055489794042429
8366,Prevotella sp000434975,0.009765876920468,0.006770205094629
8366,Parabacteroides merdae,0.009754821210747,0.0077756996722751
8366,Lachnospira rogosae,0.0097437655010261,0.0051419041741142
8366,Hominisplanchenecus faecis,0.0096479493501073,0.0053426279051
8366,Blautia_A sp005848555,0.009401038499666,0.0054270444274774
8366,Mediterraneibacter lactaris,0.0092941666390262,0.0058903973391903
8366,Blautia_A schinkii_B,0.0089477544010926,0.0055283442543298
8366,Coprococcus_A intestinihominis,0.0088740496696182,0.005584621935914
8366,Faecalibacillus intestinalis,0.0088040301747162,0.0066914163404106
8366,Pilosibacter fragilis,0.0087082140237986,0.0095278114922763
8366,Otoolea fessa,0.0084944703025203,0.0061755375925515
8366,Dorea_A amylophila,0.0082475594520778,0.0043990387771972
8366,Limisoma sp000437795,0.0077389968048995,0.0044853312222935
8366,Parasutterella gallistercoris,0.0077279410951785,0.0045922588173049
8366,Bilophila wadsworthia,0.0075952725785219,0.0071266304113324
8366,Blautia_A sp003471165,0.0073483617280807,0.0095972206328976
8366,Eubacterium_I ramulus,0.0071825260822612,0.0041908113553353
8366,CAG-303 sp000437755,0.0069393004683924,0.0054139129684403
8366,Ruminococcus_C callidus,0.0068508547906221,0.0050406043472618
8366,Hominimerdicola aceti,0.0068176876614592,0.0055489794042429
8366,Butyribacter hominis,0.006773464822574,0.0049280489840933
8366,Butyribacter intestini,0.0066923896179511,0.0061849172061505
8366,Ruminococcoides intestinale,0.006659222488787,0.0039713283971534
8366,COE1 sp001916965,0.0064860163698201,0.0062843411102819
8366,Butyricimonas paravirosa,0.0064565344772296,0.0093102044568154
8366,CAG-269 sp000437215,0.0057710804745108,0.0029770893558253
8366,Hominicoprocola sp934835795,0.0057710804745108,0.0036599252257201
8366,Eubacterium_G ventriosum,0.0057673952379371,0.0042677241868326
8366,Hominilimicola fabiformis,0.005734228108773,0.0048698953797881
8366,Romboutsia timonensis,0.0056863200333142,0.0065976202044362
8366,Dorea_A longicatena,0.0055462810435115,0.0038212545795948
8366,Streptococcus salivarius,0.0055425958069366,0.0049674433612025
8366,Eubacterium_R sp000436835,0.0055425958069366,0.0032622296091884
8366,Vescimonas sp003487665,0.0055241696240683,0.0033635294360408
8366,Blautia_A sp900120195,0.0054652058388885,0.0050762468789329
8366,Alistipes putredinis,0.0054209830000034,0.0043765277045631
8366,Hominiventricola aquisgranensis,0.0052404064078893,0.0064794370731087
8366,Hominenteromicrobium mulieris,0.0052219802250197,0.00435214070921
8366,Choladousia sp902363135,0.0050708855254961,0.0044346813088683
8366,Muricoprocola shaoxingensis,0.0049382170088407,0.0048980342205812
8366,Eubacterium_U album,0.0049161055893975,0.0043802795500031
8366,Blautia_A acetigignens,0.0047650108898738,0.0081152416845035
8366,Lachnospira hominis,0.0046139161903489,0.004354016631929
8366,Mediterraneibacter torques,0.0044959886199882,0.0049374285976904
8366,Evtepia gabavorous,0.0044443953079558,0.0040219783105806
8366,Ruminococcoides intestinihominis,0.0043043563181531,0.0037574732071325
8366,UBA3402 sp003478355,0.0042564482426943,0.0054833221090616
8366,Dialister sp000434475,0.004168002564924,0.0026469269571959
8366,CAG-274 sp000432155,0.0041348354357599,0.0039188025610091
8366,Laedolimicola intestinihominis,0.0041053535431706,0.0047517122484606
8366,Scybalousia sp900542735,0.0040795568871538,0.0022248443453112
8366,Pilosibacter sp900066055,0.0039026655316133,0.0037443417480955
8366,Oscillibacter segnis,0.0036594399177445,0.0053445038278191
8366,Lawsonibacter sp900549405,0.0035046599816471,0.0036580493029991
8366,Bacteroides xylanisolvens,0.0034788633256303,0.0071829080929166
8366,Adlercreutzia equolifaciens,0.0034456961964661,0.0041626725145422
8366,Hominiventricola filiformis,0.0033941028844337,0.0043146222548198
8366,Dorea_D hominis,0.0033498800455486,0.0035923920078178
8366,Alistipes communis,0.0032614343677783,0.0046672957260852
8366,Alistipes shahii,0.0032577491312047,0.0052882261462348
8366,Butyricimonas faecihominis,0.0031656182168608,0.0059748138615676
8366,CAG-882 sp900545175,0.003117710141402,0.0053895259730872
8366,Weissella confusa,0.0030808577756642,0.0049130416023373
8366,Faecalibacterium duncaniae,0.0030698020659432,0.0040407375377747
8366,CAG-170 sp002404795,0.0029813563881729,0.0039975913152275
8366,Streptococcus salivarius_D,0.0029334483127141,0.0022154647317141
8366,Brotaphodocola sp003506385,0.0029187073664183,0.004845508384435
8366,Collinsella sp902405995,0.0028929107104027,0.0015964102342839
8366,Agathobaculum hominis,0.0028228912155007,0.0037593491298515
8366,Brotaphodocola sp003480315,0.0028081502692061,0.0050574876517369
8366,Enterocloster sp900541315,0.0027197045914358,0.0056033811631081
8366,Suilimivivens sp000438155,0.0027086488817149,0.004858639843472
8366,Claveliimonas ammoniilytica,0.00270496364514,0.0035923920078178
8366,Faecalibacterium taiwanense,0.0023253842780434,0.0060142082386768
8366,Clostridium saudiense,0.0021042700836177,0.0043296296365759
8366,Enterococcus faecalis,0.0020747881910272,0.0037049473709863
8366,Oscillibacter welbionis,0.0020084539327002,0.0049374285976904
8366,Faecalibacterium longum,0.0018499887600279,0.0043277537138569
8366,Vescimonas coprocola,0.0018278773405848,0.0030765132599587
8366,Faecalibacterium sp900539945,0.001757857845684,0.0039056711019721
8366,Weissella cibaria,0.0017320611896672,0.0039206784837282
8366,Lachnospira sp000436535,0.0016878383507821,0.0033072517544566
8366,Hominicoprocola sp900317525,0.0016841531142084,0.0034160552721851
8366,Otoolea sp000435655,0.0016694121679138,0.0039150507155692
8366,Flavonifractor plautii,0.0016546712216179,0.0050143414291897
8366,Alistipes senegalensis,0.0016436155118969,0.0040519930740927
8366,Pilosibacter sp900066785,0.0016399302753233,0.0042377094233224
8366,Faecousia intestinalis,0.0016141336193064,0.0033091276771756
8366,Agathobaculum sp900544475,0.0016104483827328,0.0030108559647774
8366,Anaerobutyricum hallii,0.0015883369632908,0.0030840169508367
8366,Anaerotignum_A faecicola,0.0015072617586679,0.0030014763511784
8366,CAG-103 sp900543625,0.0014519832100618,0.003160929782336
8366,Roseburia hominis,0.0013672227688652,0.0032903684499796
8366,Alistipes_A indistinctus,0.001345111349422,0.0035211069444775
8366,Collinsella aerofaciens_AF,0.0013414261128484,0.0007841356967458
8366,Maccoya intestinihominis,0.0013303704031274,0.0027050805615011
8366,Oscillibacter faecalis,0.001278777091095,0.0028476506881817
8366,Faecalibacterium prausnitzii,0.001267721381374,0.0033785368177969
8366,Blautia_A intestinalis,0.0012382394887835,0.0029602060513502
8366,Roseburia intestinalis,0.0012050723596201,0.003633662307646
8366,Klebsiella pneumoniae,0.0012013871230463,0.0038475174976688
8366,UMGS1975 sp959600905,0.0011977018864726,0.0019753466236191
8366,Dorea_A sp019421265,0.0011866461767513,0.0012249775358254
8366,Clostridium sp000435835,0.0011792757036037,0.0024368236126131
8366,Streptococcus parasanguinis_X,0.0011239971549973,0.0014838548711147
8366,Dialister sp021633965,0.0010650333698171,0.0006171785747114
8366,Alistipes_A hominis,0.0010576628966696,0.0032847406818225
8366,Hominicoprocola fusiformis,0.0010502924235221,0.0014857307938342
8366,Oscillibacter faecalis_A,0.0009692172188993,0.0022980053313705
8366,CAG-170 sp937967235,0.0009176239068667,0.002905804292485
8366,Laedolimicola ammoniilytica,0.0008770863045553,0.0017896302743912
8366,Collinsella sp003475325,0.0008623453582602,0.0005177546705785
8366,Blautia_A ammoniilytica,0.0008623453582602,0.0019378281692307
8366,Escherichia ruysiae,0.0008586601216865,0.0027838693157194
8366,Ruminococcus_B gnavus,0.0008512896485389,0.002191077736361
8366,Lawsonibacter aceti,0.0008402339388177,0.0022192165771522
8366,Oscillibacter sp900550685,0.0008107520462276,0.0022754942587383
8366,Streptococcus salivarius_E,0.0007665292073424,0.0004520973753965
8366,UMGS1071 sp900542375,0.0007481030244736,0.0018140172697445
8366,Bacteroides finegoldii,0.0007149358953097,0.0022154647317141
8366,Pauljensenia sp018382595,0.0007001949490147,0.0012212256903864
8366,Comamonas kerstersii,0.0006965097124409,0.0028795413744129
8366,Hungatella effluvii,0.0006301754541132,0.0019734707009001
8366,Streptococcus pasteurianus,0.0006264902175395,0.0007916393876237
8366,Phocaeicola dorei,0.0006154345078182,0.0021498074365309
8366,Lawsonibacter sp900066825,0.0006117492712444,0.0023205164040046
8366,Lentihominibacter butyricus,0.0006043787980969,0.0018684190286097
8366,Streptococcus constellatus,0.0006043787980969,0.0012062183086305
8366,HGM11808 sp900757025,0.0006006935615231,0.0014913585619926
8366,Prevotella sp015074785,0.0005970083249494,0.0060235878522738
8366,Collinsella sp905208635,0.0005822673786543,0
8366,Mediterraneibacter_A butyricigenes,0.0005380445397692,0.0015213733255044
8366,Ruthenibacterium lactatiformans,0.0005306740666217,0.0019190689420358
8366,Prevotella stercorea,0.0005196183569004,0.0014838548711147
8366,Eubacterium_B sulci,0.0005085626471791,0.0016189213069178
8366,Blautia_A luti,0.0005085626471791,0.0016151694614788
8366,Oliverpabstia tarda,0.0005048774106053,0.0005121269024201
8366,Prevotella sp900313215,0.0004975069374578,0.002433071767175
8366,Streptococcus parasanguinis_W,0.0004864512277365,0
8366,Clostridium lentum,0.0004827659911628,0.0013694235852259
8366,Alangreenwoodia sp019420525,0.0004753955180152,0.0014838548711147
8366,Intestinibacter sp900540355,0.0004680250448677,0.0011837072359967
8366,Eggerthella lenta,0.0004680250448677,0.0011518165497654
8366,Collinsella sp900549715,0.0004606545717202,0.0004070752301288
8366,Coprococcus aceti,0.0004459136254251,0.0022473554179453
8366,Faecalibacterium prausnitzii_E,0.0004348579157038,0.0027182120205362
8366,Brotaphodocola sp003481825,0.0004348579157038,0.0015645195480527
8366,Rothia mucilaginosa_D,0.0004311726791301,0
8366,Blautia_A sp934394595,0.0004238022059826,0.0015138696346265
8366,Avimicrobium caecorum,0.0004238022059826,0.0020316243052034
8366,Pseudobutyricicoccus sp016901775,0.000416431732835,0.0013825550442624
8366,Streptococcus pseudopneumoniae_C,0.0003943203133925,0.0008948151371956
8366,Dialister sp022722495,0.0003943203133925,0.0001894681946682
8366,Schaedlerella hominis,0.0003906350768187,0.001581402852528
8366,Gordonibacter pamelaeae,0.0003795793670974,0.0010824074091443
8366,Lactococcus lactis,0.0003685236573761,0.0012137219995085
8366,Clostridium sp900540255,0.0003648384208024,0.0009173262098294
8366,Neoanaerotignum_A sp934256695,0.0003574679476548,0.0013056422127634
8366,Vescimonas cirricatena,0.0003537827110811,0.0003264105531908
8366,Faecalicatena contorta,0.0003537827110811,0.000984859427731
8366,Turicibacter sanguinis,0.0003537827110811,0.0008066467693796
8366,Streptococcus sanguinis,0.0003537827110811,0.0005590249704073
8366,Coprobacillus cateniformis,0.0003427270013598,0.0007972671557822
8366,Klebsiella variicola,0.0003427270013598,0.0013356569762752
8366,Collinsella sp958453935,0.0003427270013598,0
8366,Leuconostoc lactis,0.0003279860550648,0.0009698520459751
8366,Schaedlerella glycyrrhizinilytica_A,0.0003206155819172,0.0009961149640479
8366,Bifidobacterium adolescentis,0.0003095598721959,0.0024743420670032
8366,Pauljensenia sp902373545,0.0002985041624747,0.0007766320058678
8366,Faecalibacterium prausnitzii_I,0.0002911336893271,0.001662067529466
8366,Acetatifactor intestinalis,0.0002911336893271,0.0014575919530419
8366,Peptostreptococcus stomatis,0.0002874484527534,0.0008122745375381
8366,Lachnospira sp000437735,0.0002837632161796,0.0011930868495941
8366,Enterococcus_B faecium,0.0002727075064583,0.0006940914062104
8366,Streptococcus parasanguinis_S,0.0002690222698846,0
8366,Collinsella sp902399975,0.0002690222698846,0
8366,Raoultibacter timonensis,0.0002690222698846,0.0010298815729987
8366,Limivivens faecihominis,0.0002653370333108,0.0011555683952043
8366,Lawsonibacter faecis_A,0.000261651796737,0.0003676808530195
8366,Streptococcus ilei,0.000261651796737,0.0005702805067242
8366,Pyramidobacter piscolens,0.0002542813235895,0.0004971195206642
8366,Otoolea symbiosa,0.0002542813235895,0.0012287293812644
8366,Gemella sanguinis,0.000246910850442,0.0004746084480303
8366,Streptococcus sp001556435,0.0002432256138682,0.0002119792673021
8366,Blautia_A sp003474435,0.0002321699041469,0.0001481978948395
8366,Oscillibacter sp944387035,0.0002321699041469,0.0007672523922704
8366,Prevotella copri_L,0.0002247994309994,0
8366,Rothia mucilaginosa_C,0.0002100584847044,0.000377060466617
8366,Christensenella massiliensis,0.0002100584847044,0.0008535448373668
8366,Collinsella sp022713905,0.0002026880115569,0
8366,Gemella morbillorum,0.0002026880115569,0.0004727325253108
8366,Dorea_A longicatena_C,0.0002026880115569,0.0002176070354605
8366,Blautia_A sp900066335,0.0002026880115569,0.0001200590540472
8366,Allocoprobacillus sp002160865,0.0002026880115569,0.0012568682220567
8366,Eubacterium_I ramulus_A,0.0001990027749831,0.0006865877153324
8366,Collinsella sp003459245,0.0001990027749831,0.0001200590540472
8366,Citrobacter portucalensis,0.0001953175384093,0.0003995715392508
8366,Bulleidia moorei,0.0001916323018356,0.0004689806798719
8366,Pauljensenia sp000758755,0.0001879470652618,0.0003676808530195
8366,Granulicatella sp916049935,0.0001879470652618,0.0004370899936406
8366,Roseburia sp900542495,0.0001879470652618,0.0001650811993149
8366,Streptococcus parasanguinis_V,0.0001879470652618,0.000142570126681
8366,Pseudoscillospira faecavium,0.000184261828688,0.0007897634649043
8366,Faecalibacterium prausnitzii_F,0.000184261828688,0.0001200590540472
8366,Limivivens sp905214955,0,0.0017539877427209
8366,Prevotella copri_A,0,0.0013168977490803
8366,Flemingiibacterium sp900546315,0,0.0011686998542408
8366,Holdemania massiliensis,0,0.0010598963365105
8366,Faecalibacterium sp934514285,0,0.001050516722913
8366,Roseburia rectibacter,0,0.0010430130320351
8366,Phocaeicola massiliensis,0,0.0010017427322064
8366,Phocaeicola coprocola,0,0.0009098225189515
8366,Pseudoflavonifractor_A gallinarum,0,0.0007991430785017
8366,Enterocloster bolteae,0,0.0007897634649043
8366,Phascolarctobacterium faecium,0,0.0007747560831484
8366,Streptococcus parasanguinis,0,0.0007672523922704
8366,Jutongia sp003524945,0,0.0007316098606001
8366,Neobittarella massiliensis,0,0.0007203543242832
8366,Rothia sp916720455,0,0.0007128506334053
8366,Anaerotruncus colihominis,0,0.0007015950970883
8366,Blautia_A fusiformis,0,0.0006865877153324
8366,Fimenecus sp000432435,0,0.000680959947174
8366,Bifidobacterium bifidum,0,0.0006715803335765
8366,Bacteroides clarus,0,0.0006471933382232
8366,Prevotella sp900548745,0,0.0006378137246258
8366,Citrobacter freundii,0,0.0006284341110283
8366,Haemophilus_D parainfluenzae,0,0.0006096748838334
8366,Merdimmobilis hominis,0,0.000600295270236
8366,Prevotella copri_N,0,0.0005646527385657
8366,Blautia stercoris,0,0.0005552731249683
8366,Eubacterium_F sp003491505,0,0.0005290102068955
8366,Enterocloster citroniae,0,0.0005252583614565
8366,Pauljensenia sp000466265,0,0.0005008713661032
8366,Clostridium disporicum_B,0,0.0004614769889939
8366,Streptococcus caecimuris,0,0.0004558492208354
8366,Clostridium_AQ innocuum,0,0.000453973298116
8366,Bulleidia sp015256775,0,0.000450221452677
8366,Pauljensenia sp001072465,0,0.0004370899936406
8366,Prevotella rara,0,0.0004258344573236
8366,Streptococcus anginosus,0,0.0004127029982872
8366,Bacteroides eggerthii,0,0.0004070752301288
8366,Pauljensenia sp000278725,0,0.0004014474619703
8366,Eubacterium_B infirmum,0,0.0004014474619703
8366,DXYV01 sp019415645,0,0.0003920678483729
8366,Gemmiger sp900540595,0,0.0003864400802144
8366,Mogibacterium diversum,0,0.0003826882347754
8366,Lactococcus petauri,0,0.0003789363893365
8366,Clostridium sp026168755,0,0.0003601771621416
8366,CAG-170 sp900549635,0,0.0003526734712636
8366,Dialister hominis,0,0.0003507975485441
8366,Bacteroides cellulosilyticus,0,0.0003470457031052
8366,Prevotella sp934191715,0,0.0003432938576662
8366,CAG-115 sp003531585,0,0.0003320383213493
8366,Collinsella sp003466125,0,0.0003245346304713
8366,Parasutterella excrementihominis,0,0.0003207827850323
8366,Streptococcus parasanguinis_C,0,0.0003170309395934
8366,Pauljensenia dentiphila,0,0.0003076513259959
8366,Haemophilus_D sp905205995,0,0.000296395789679
8366,CAJOJO01 sp900546745,0,0.000288892098801
8366,Anaerobutyricum soehngenii,0,0.0002795124852036
8366,Parvimonas micra,0,0.0002738847170451
8366,Ruminococcus_C sp000433635,0,0.0002720087943257
8366,Streptococcus infantis_M,0,0.0002720087943257
8366,Veillonella parvula_A,0,0.0002720087943257
8366,Catenibacterium mitsuokai,0,0.0002663810261672
8366,CAG-269 sp003525075,0,0.0002570014125698
8366,Bacteroides vicugnae,0,0.0002551254898503
8366,Collinsella sp900542365,0,0.0002532495671308
8366,Actinomyces sp915069725,0,0.0002513736444113
8366,Gemella sp947254465,0,0.0002494977216918
8366,Streptococcus parasanguinis_Q,0,0.0002476217989723
8366,Klebsiella quasipneumoniae,0,0.0002457458762528
8366,Prevotella sp002265625,0,0.0002457458762528
8366,UMGS1591 sp905198295,0,0.0002457458762528
8366,Turicibacter bilis,0,0.0002419940308139
8366,Streptococcus australis_C,0,0.0002401181080944
8366,Clostridium cuniculi,0,0.0002344903399359
8366,Eubacterium_G sp000435815,0,0.0002251107263385
8366,Intestinibacter bartlettii,0,0.0002213588808995
8366,Granulicatella adiacens,0,0.00021948295818
8366,Corynebacterium durum,0,0.0002176070354605
8366,Clostridium sp900543325,0,0.0002176070354605
8366,Collinsella sp027660625,0,0.000215731112741
8366,Allisonella pneumosinta,0,0.000215731112741
8366,Coprococcus_A catus,0,0.0002119792673021
8366,CAG-492 sp000434335,0,0.0002101033445826
8366,Blautia_A sp900066355,0,0.0002082274218631
8366,Lachnospira sp900545725,0,0.0002082274218631
8366,Coprococcus ammoniilyticus,0,0.0002082274218631
8366,Streptococcus mitis_BM,0,0.0002063514991436
8366,Lactococcus garvieae,0,0.0001988478082656
8366,Actinomyces sp915063485,0,0.0001988478082656
8366,Lancefieldella sp024691995,0,0.0001969718855462
8366,Odoribacter splanchnicus,0,0.0001969718855462
8366,Streptococcus sanguinis_H,0,0.0001950959628267
8366,Veillonella atypica,0,0.0001950959628267
8366,Clostridium celatum,0,0.0001913441173877
8366,Pararoseburia lenta,0,0.0001913441173877
8366,Citrobacter europaeus,0,0.0001913441173877
8366,Ruminococcoides intestinalis,0,0.0001894681946682
8366,Butyricicoccus sp900547195,0,0.0001857163492292
8366,Streptococcus oralis_CU,0,0.0001838404265097
8366,Brotaphodocola sp003478505,0,0.0001800885810708
8366,Agathobaculum ammoniilyticum,0,0.0001782126583513
8366,Streptococcus hominis,0,0.0001782126583513
8366,Collinsella sp027663555,0,0.0001744608129123
8366,Klebsiella ornithinolytica,0,0.0001744608129123
8366,Faecalibacillus faecis,0,0.0001725848901928
8366,Guopingia tenuis,0,0.0001725848901928
8366,Granulicatella sp001058355,0,0.0001669571220344
8366,Enterococcus_B hirae,0,0.0001650811993149
8366,Ruminococcus_C sp000980705,0,0.0001632052765954
8366,Cryptobacteroides sp900544195,0,0.0001632052765954
8366,Bulleidia sp963550625,0,0.0001594534311564
8366,Rothia dentocariosa,0,0.0001575775084369
8366,CAG-177 sp003514385,0,0.0001575775084369
8366,Streptococcus australis_B,0,0.0001557015857174
8366,Streptococcus mitis_CD,0,0.0001557015857174
8366,Prevotella copri_E,0,0.0001557015857174
8366,Streptococcus infantis_B,0,0.0001519497402784
8366,Holdemania filiformis,0,0.000150073817559
8366,Pauljensenia sp000308055,0,0.0001481978948395
8366,Collinsella sp900540855,0,0.0001481978948395
8366,Coprococcus sp000433075,0,0.0001481978948395
8366,Streptococcus cristatus_I,0,0.00014632197212
8366,CAG-245 sp000434195,0,0.0001444460494005
8366,Enterobacter hormaechei_C,0,0.0001444460494005
8366,Enterococcus_B lactis,0,0.000142570126681
8366,Fusobacterium_A varium_A,0,0.000142570126681
8366,Streptococcus infantarius,0,0.000142570126681
8366,Lachnospira sp900551945,0,0.000138818281242
8366,Faecalimonas sp000209385,0,0.0001369423585225
8366,Acetatifactor hominis,0,0.0001369423585225
8366,Veillonella rogosae,0,0.0001350664358031
8366,Sellimonas intestinalis,0,0.0001350664358031
8366,Vescimonas sp000435555,0,0.0001350664358031
8366,Enterococcus_D casseliflavus,0,0.0001331905130836
8366,Peptostreptococcus sp900759325,0,0.0001313145903641
8366,Megamonas funiformis,0,0.0001313145903641
8366,Massilioclostridium facile,0,0.0001294386676446
8366,Haemophilus_D parainfluenzae_Y,0,0.0001294386676446
8366,Fusobacterium nucleatum_J,0,0.0001275627449251
8366,Streptococcus sp036663675,0,0.0001256868222056
8366,Duodenibacillus intestinigallinarum,0,0.0001238108994861
8366,Pseudobutyricicoccus sp003477405,0,0.0001219349767666
8366,Allocoprobacillus merdigallinarum,0,0.0001219349767666
8366,CAG-103 sp000432375,0,0.0001219349767666
8366,Gallintestinimicrobium propionicum,0,0.0001200590540472
8366,Hominicoprocola sp003522105,0,0.0001200590540472
8366,Aphodocola sp000434835,0,0.0001200590540472
8366,Bulleidia sp938039295,0,0.0001181831313277
8366,Lancefieldella sp938041635,0,0.0001181831313277
8366,Lentihominibacter sp934247125,0,0.0001163072086082
8366,Porphyromonas endodontalis,0,0.0001144312858887
8366,Parabacteroides goldsteinii,0,0.0001144312858887
8366,Collinsella sp900546775,0,0.0001125553631692
8366,Bifidobacterium kashiwanohense_A,0,0.0001125553631692
8366,Streptococcus mitis_DE,0,0.0001106794404497
8366,Granulicatella sp916438765,0,0.0001106794404497
8366,Enterobacter roggenkampii,0,0.0001106794404497
8366,Streptococcus sp027665725,0,0.0001106794404497
8366,Anthropogastromicrobium sp934292725,0,0.0001106794404497
8366,CHH4-2 sp018378255,0,0.0001088035177302
8366,Bulleidia extructa,0,0.0001088035177302
8366,Veillonella parvula_L,0,0.0001069275950107
8366,Clostridium sp900547475,0,0.0001069275950107
8366,Lachnospira sp000436475,0,0.0001069275950107
8366,Eubacterium_P hominis,0,0.0001050516722913
8366,Bacteroides zhangwenhongii,0,0.0001050516722913
8366,Bariatricus comes_A,0,0.0001031757495718
8366,Muricoprocola aceti,0,0.0001031757495718
8366,Streptococcus parasanguinis_K,0,0.0001012998268523
8366,Gemella haemolysans_B,0,0.0001012998268523
8366,Collinsella sp027669365,0,9.942390413284566e-05
8366,Mogibacterium timidum,0,9.7547981413358e-05
8366,Weissella fermenti,0,9.7547981413358e-05
8366,CAG-217 sp000436335,0,9.7547981413358e-05
8366,Veillonella sp900545205,0,9.567205869387034e-05
8366,Parasutterella sp900552195,0,9.567205869387034e-05
8366,Butyricicoccus sp900604335,0,9.567205869387034e-05
8366,Streptococcus vaginalis,0,9.567205869387034e-05
8366,Muricoprocola sp900544685,0,9.379613597438268e-05
8366,Anaerotardibacter sp000435475,0,9.379613597438268e-05
8366,Lawsonibacter asaccharolyticus,0,9.379613597438268e-05
8373,Phocaeicola vulgatus,0.0329898881365124,0.0160664550873367
8373,Fusicatenibacter saccharivorans,0.030367505864455,0.0135110649513663
8373,Blautia_A faecis,0.0240482560891927,0.0145982265443006
8373,Bacteroides finegoldii,0.0195641419809883,0.0091325309756986
8373,Blautia_A obeum,0.0188885992861587,0.0094463508169576
8373,Gemmiger qucibialis,0.0179311371989975,0.0074588251556483
8373,Bariatricus comes,0.0166864364856883,0.0074793728833493
8373,Roseburia rectibacter,0.0165481364064311,0.0070441346511264
8373,Mediterraneibacter faecis,0.0157874859705207,0.0068946966314795
8373,Blautia_A wexlerae,0.0157342936323444,0.0119064742154023
8373,Gemmiger sp900539695,0.01552684351346,0.0069918313442501
8373,Coprococcus aceti,0.0154310973047437,0.0064295707953274
8373,Faecalibacillus intestinalis,0.0154151396032909,0.006530441458589
8373,Agathobacter rectalis,0.0150108778331567,0.0083909448031986
8373,Dorea_A sp019421265,0.0144098044117716,0.0049576063018003
8373,Oliverpabstia tarda,0.0143991659441371,0.0055609623061263
8373,Eubacterium_I ramulus_A,0.0142608658648799,0.0058486304939486
8373,Prevotella rara,0.0140640542136309,0.0055815100338287
8373,Ruminococcus_B gnavus,0.0138778810300156,0.0070665503540735
8373,Schaedlerella hominis,0.0136863886125839,0.0062296974440491
8373,Hominisplanchenecus faecis,0.0134789384936985,0.0052826339945336
8373,Bacteroides uniformis,0.0128406304355917,0.0141723281883057
8373,Streptococcus salivarius,0.0125001994712674,0.0059252174790168
8373,Agathobaculum butyriciproducens,0.0121916839098494,0.0084880795159692
8373,Gemmiger formicilis,0.0121757262083967,0.0065640650130091
8373,Hominimerdicola aceti,0.0118565721793423,0.0051238560986586
8373,Lachnospira sp900545725,0.011739549035356,0.0049146428711521
8373,Dorea formicigenerans,0.0114948642797489,0.008465663813022
8373,Phocaeicola massiliensis,0.0114629488768435,0.006844261299848
8373,Jutongia sp003524945,0.0108937908583638,0.0055815100338287
8373,Coprococcus_A catus,0.0107820869481958,0.0048642075395207
8373,Mediterraneibacter torques,0.010654425336574,0.0048978310939421
8373,Hominilimicola fabiformis,0.010521444491135,0.0067919579929717
8373,Eubacterium_U album,0.0104522944515069,0.0044158934805786
8373,Dorea_A longicatena,0.0103991021133315,0.0041319612432487
8373,Bacteroides stercoris,0.0103139943722497,0.0069544718393391
8373,Eubacterium_P hominis,0.0102927174369797,0.0078137404523107
8373,Eubacterium_G ventriosum,0.0102235673973516,0.004473800713192
8373,Faecalibacillus faecis,0.0100214365122844,0.0040422984314601
8373,Lachnospira eligens_A,0.0097182401846837,0.005471299494339
8373,Pararoseburia lenta,0.0094310015585348,0.0039937310750748
8373,Streptococcus infantarius,0.0090746128927587,0.0039451637186894
8373,Collinsella sp003466125,0.0090480167236705,0.0033548835410825
8373,Eubacterium_R sp000436835,0.0088086512018807,0.0034613581300812
8373,Bifidobacterium pseudocatenulatum,0.0081437469746856,0.0040591102086701
8373,Blautia stercoris,0.0078671468161722,0.0055348106526882
8373,Ruminococcoides intestinale,0.0078618275823549,0.0037546302436392
8373,Anaerostipes hadrus,0.0075001196827606,0.0055329426774434
8373,Alistipes putredinis,0.0071862848875244,0.0042944750896161
8373,Blautia_A sp900066335,0.0071437310169835,0.0062820007509254
8373,Ruminococcus_C sp000980705,0.0071277733155308,0.0050248534106418
8373,Hominicoprocola fusiformis,0.0070745809773554,0.0072776315568262
8373,Megamonas funiformis,0.0070267078729972,0.0039899951245838
8373,Blautia_A fusiformis,0.0068777693261055,0.0041132814907925
8373,Eubacterium_F sp003491505,0.0066649999734029,0.0052676901925683
8373,CAG-177 sp003514385,0.006468188322154,0.0043878738518943
8373,Butyribacter hominis,0.0062288228003632,0.0053050496974807
8373,Bifidobacterium longum,0.0061969073974578,0.0042926071143699
8373,Faecalibacterium prausnitzii,0.0059043495374925,0.0048455277870645
8373,Weissella cibaria,0.0058139225625935,0.0083591892240233
8373,Vescimonas cirricatena,0.0055905147422564,0.0037564982188854
8373,Maccoya intestinihominis,0.0053724261557356,0.0040030709513029
8373,Aphodocola sp000434835,0.0052873184146547,0.0019277504534497
8373,Otoolea fessa,0.0050426336590476,0.0073448786656677
8373,Choladousia sp902363135,0.0048990143459732,0.0046960897674176
8373,Acetatifactor intestinalis,0.0048139066048923,0.0055646982566173
8373,Enterocloster sp000431375,0.0047873104358041,0.0063866073646779
8373,Bilophila wadsworthia,0.0047873104358041,0.0092707611438726
8373,Parabacteroides distasonis,0.0047766719681696,0.0106455909246278
8373,Parasutterella gallistercoris,0.0047660335005342,0.0042533796342127
8373,Streptococcus ilei,0.0047500757990814,0.0036799112338157
8373,Eubacterium_G sp000435815,0.0046702872918178,0.0042440397579846
8373,Blautia_A sp900120195,0.0045585833816488,0.0038723126841122
8373,Anthropogastromicrobium aceti,0.0043936871333044,0.0079183470660646
8373,Claveliimonas ammoniilytica,0.0040160215322583,0.004163716822424
8373,Muricoprocola aceti,0.0037553790751975,0.0046605982377513
8373,Desulfovibrio fairfieldensis_A,0.0037553790751975,0.0052639542420774
8373,Onthomonas sp900752305,0.0037553790751975,0.0029196453088595
8373,Bacteroides ovatus,0.0036809098017512,0.0094799743713791
8373,Alistipes shahii,0.0036755905679339,0.0056244734644769
8373,Scatocola faecipullorum,0.0036702713341167,0.0032035775461894
8373,Evtepia sp004556345,0.0036117597621231,0.0031792938679975
8373,Bifidobacterium adolescentis,0.0036117597621231,0.004598955054647
8373,Eubacterium_G segne,0.0035053750857722,0.0038573688821469
8373,Faecalibacterium longum,0.0034894173843195,0.002562862036951
8373,Bacteroides thetaiotaomicron,0.003367075006516,0.0085104952189164
8373,Vescimonas coprocola,0.0030851556141852,0.0042683234361766
8373,Agathobaculum sp900544475,0.0030585594450971,0.0038965963623041
8373,Prevotella sp900553595,0.0030319632760089,0.0041114135155477
8373,Leuconostoc lactis,0.0029734517040162,0.0054376759399176
8373,Dorea_D hominis,0.0028511093262117,0.0038685767336198
8373,Streptococcus hominis,0.0027660015851309,0.0035024535854846
8373,Parabacteroides merdae,0.0027660015851309,0.0071151177104589
8373,Escherichia coli,0.0026011053367864,0.0068405253493571
8373,Oscillibacter segnis,0.0026011053367864,0.0061923379391367
8373,Phascolarctobacterium_A succinatutens_B,0.0025000398942529,0.0023891403391121
8373,Butyricimonas faecalis,0.0024894014266183,0.0052676901925683
8373,Blautia_A sp005848555,0.0024521667898947,0.005039797212607
8373,Faecousia intestinalis,0.0023830167502666,0.0039059362385322
8373,Gallintestinimicrobium propionicum,0.0023670590488139,0.0059625769839292
8373,Bacteroides eggerthii,0.0023404628797266,0.0055142629249872
8373,Bacteroides caccae,0.0022979090091857,0.0055348106526882
8373,Adlercreutzia equolifaciens,0.0022979090091857,0.0045447837725245
8373,Streptococcus rubneri,0.0022766320739158,0.0021463035571842
8373,Romboutsia timonensis,0.0022500359048276,0.0038947283870593
8373,Coprococcus_A intestinihominis,0.0022021628004694,0.0033604874668196
8373,Muricoprocola shaoxingensis,0.0021862050990167,0.0035622287933428
8373,Odoribacter splanchnicus,0.0021649281637467,0.0057552317316689
8373,Weissella confusa,0.0021170550593886,0.0039470316939356
8373,UBA3402 sp003478355,0.0021064165917541,0.004481272614174
8373,Faecalibacterium sp900539945,0.0020957781241186,0.0034837738330284
8373,Blautia_A sp900551715,0.0019627972786796,0.0033362037886263
8373,Choladousia sp902363665,0.0019415203434096,0.0046867498911895
8373,Paraprevotella clara,0.0018404549008751,0.0055534904051444
8373,Lentihominibacter faecis,0.0017819433288824,0.0028692099772281
8373,Anaerobutyricum hallii,0.0017181125230716,0.0029047015068943
8373,Anaerotardibacter sp000435475,0.0017021548216188,0.0026170333190734
8373,Rothia sp916720455,0.0016755586525316,0.0024171599677951
8373,Alistipes onderdonkii,0.0016649201848961,0.0041170174412835
8373,Mediterraneibacter_A butyricigenes,0.001617047080538,0.0034650940805722
8373,Prevotella sp015074785,0.0015851316776325,0.0054600916428648
8373,Blautia_A intestinalis,0.0015638547423626,0.0053386732519008
8373,Streptococcus xiaochunlingii,0.0015266201056399,0.001524267800402
8373,Faecalibacterium duncaniae,0.0015213008718217,0.0040030709513029
8373,Mesosutterella multiformis,0.0015159816380044,0.0037340825159382
8373,Alangreenwoodia sp905206455,0.0015106624041872,0.0033772992440296
8373,CAG-103 sp900543625,0.0014574700660108,0.0028972296059124
8373,Blautia_A sp003471165,0.0013936392602009,0.0036107961497281
8373,Butyribacter intestini,0.0013883200263827,0.0034482823033621
8373,Oliverpabstia intestinalis,0.0013617238572954,0.0011880322561965
8373,CAG-103 sp000432375,0.0013191699867545,0.002831850472317
8373,Bifidobacterium bifidum,0.0013032122853018,0.002815038695107
8373,Hominiventricola aquisgranensis,0.0012925738176664,0.0045466517477707
8373,Parasutterella excrementihominis,0.0012819353500318,0.0022733258738853
8373,Bacteroides xylanisolvens,0.0012234237780382,0.0050099096086766
8373,Lentihominibacter excrementipullorum,0.001218104544221,0.0023069494283054
8373,UMGS1975 sp900546685,0.0012021468427683,0.0027982269178956
8373,Clostridium sp900540255,0.0011915083751328,0.0019539021068892
8373,Methanocatella smithii,0.0011276775693229,0.0021313597552204
8373,Gemella sp963532255,0.0011223583355047,0.0012067120086524
8373,Butyricimonas virosa,0.0011117198678701,0.0038405571049369
8373,Klebsiella pneumoniae,0.0011010814002347,0.0043355705450181
8373,CAG-170 sp002404795,0.0010957621664174,0.002680544477424
8373,Pilosibacter fragilis,0.0010585275296938,0.0033922430459949
8373,Alitiscatomonas aceti,0.0010585275296938,0.0027851510911765
8373,Vescimonas sp900545585,0.0010372505944238,0.0019370903296778
8373,Blautia_A intestinihominis,0.0010212928929711,0.0036332118526752
8373,Blautia_A acetigignens,0.0010159736591538,0.0033866391202577
8373,Streptococcus australis_C,0.0009840582562484,0.0015111919736829
8373,Barnesiella intestinihominis,0.0009787390224311,0.0027160360070902
8373,Hominibacterium hominis,0.0009787390224311,0.0021350957057113
8373,Dorea_A amylophila,0.0009681005547957,0.0003848029005919
8373,Ruthenibacterium lactatiformans,0.0009149082166204,0.0045709354259627
8373,Scatomonas hejianensis,0.0009042697489853,0.0025647300121972
8373,Apopatocola sp003522945,0.0008617158784448,0.0024844070766366
8373,Coprococcus ammoniilyticus,0.0008563966446273,0.0032782965560129
8373,Vescimonas sp003539495,0.0008138427740868,0.0024395756707422
8373,Angelakisella sp900547385,0.0008085235402692,0.0023050814530592
8373,Oscillibacter welbionis,0.0008032043064516,0.0031905017194704
8373,Prevotella sp900313215,0.0007978850726341,0.0023293651312526
8373,Bacteroides bouchesdurhonensis,0.0007925658388165,0.0015989868102254
8373,Streptococcus sanguinis_H,0.0007819273711814,0.0011338609740743
8373,Gemella sanguinis,0.0007553312020936,0.0011786923799685
8373,Blautia_A sp934394595,0.0007180965653707,0.0019968655375374
8373,Hominiventricola filiformis,0.0006968196301004,0.0022210225670077
8373,Anaerotignum_A faecicola,0.0006968196301004,0.0022714578986391
8373,Faecalibacterium taiwanense,0.0006915003962829,0.0032820325065038
8373,Wujia hominis,0.0006808619286477,0.0022957415768325
8373,Roseburia intestinalis,0.0006755426948302,0.0002073452522607
8373,Pilosibacter sp900066055,0.0006383080581073,0.002090264299817
8373,Streptococcus vulneris,0.0006329888242897,0.0008891562169018
8373,Flavonifractor plautii,0.0006223503566546,0.0027533955120026
8373,UBA11524 sp000437595,0.0006117118890195,0.0032895044074871
8373,Mediterraneibacter massiliensis,0.0006063926552019,0.0014663605677886
8373,Agathobacter faecis,0.0005957541875668,0.0020977362007989
8373,Latilactobacillus curvatus,0.0005957541875668,0.0016531580923479
8373,Eubacterium_B sp938049335,0.0005904349537492,0.0012104479591436
8373,QAMH01 sp900756605,0.0005851157199317,0.001968845908853
8373,Blautia_A hydrogenotrophica,0.0005797964861141,0.0021817950868505
8373,Enterocloster sp900541315,0.0005585195508438,0.0021948709135695
8373,Clostridium lentum,0.0005585195508438,0.000924647746568
8373,Bacteroides sp900557355,0.0005532003170263,0.0023648566609188
8373,Pseudoscillospira sp018369915,0.0005425618493912,0.0019240145029587
8373,Hominenteromicrobium mulieris,0.0005372426155736,0.0016008547854716
8373,Rothia aeria,0.000531923381756,0.0008088332813413
8373,CAG-238 sp934277655,0.0005266041479385,0.0017558967308556
8373,Ruthenibacterium sp018380115,0.0005266041479385,0.0014570206915605
8373,Roseburia inulinivorans,0.0005212849141209,0.0019613740078711
8373,Alistipes finegoldii,0.0005212849141209,0.0024134240173041
8373,Faecalicatena contorta,0.0005053272126682,0.0017148012754523
8373,Roseburia_C amylophila,0.0004946887450331,0.0018698432208363
8373,Pilosibacter sp900066785,0.0004893695112156,0.0016737058200502
8373,Streptococcus sp001556435,0.000484050277398,0.000214817153243
8373,Lactonifactor sp009677585,0.0004734118097629,0.0022639859976572
8373,Acetatifactor acetigignens,0.0004680925759453,0.0014009814341932
8373,Hominifimenecus microfluidus,0.0004627733421278,0.0013318663501071
8373,Faecalibacterium sp900765105,0.0004574541083102,0.0015223998251572
8373,Streptococcus infantis_M,0.0004521348744926,0.0006556593112028
8373,CAG-170 sp937967235,0.0004521348744926,0.0016699698695579
8373,Negativibacillus massiliensis,0.0004468156406751,0.001976317809835
8373,Claveliimonas acetigenes,0.0004308579392224,0.0015298717261391
8373,Bacteroides sp003438995,0.0004149002377697,0.0016494221418569
8373,Collinsella sp900552425,0.0004095810039521,0.0002633845096284
8373,PeH17 sp000435055,0.0004095810039521,0.0023200252550245
8373,Peptostreptococcus stomatis,0.0004042617701346,0.0004875415390995
8373,Coprobacter fastidiosus,0.000398942536317,0.00119924010767
8373,RGIG3159 sp938049125,0.000398942536317,0.0011319929988287
8373,Mediterraneibacter lactaris,0.0003883040686819,0.0011357289493199
8373,Weissella koreensis,0.0003829848348643,0.0012646192412658
8373,Anaerobutyricum soehngenii,0.0003776656010468,0.0008050973308501
8373,Streptococcus sinensis,0.0003776656010468,0.0006724710884131
8373,Clostridium_A leptum,0.0003670271334117,0.0014775684192629
8373,Streptococcus australis_B,0.0003617078995941,0.0002353648809445
8373,Brotaphodocola sp003480315,0.0003563886657765,0.0020118093395012
8373,Lawsonibacter sp900549405,0.0003457501981414,0.0014607566420528
8373,Blautia_A sp900763175,0.0003457501981414,0.0018324837159252
8373,CAG-238 sp900542245,0.0003404309643238,0.0014644925925438
8373,Blautia_A ammoniilytica,0.0003351117305063,0.0014215291618942
8373,Phocaeicola dorei,0.0003351117305063,0.000933987622796
8373,Slackia piriformis,0.0003297924966887,0.0008630045634635
8373,Bacteroides clarus,0.0003244732628712,0.0013337343253527
8373,Brotonthovivens sp905193415,0.0003191540290536,0.001117049196864
8373,Hominicoprocola sp900317525,0.000313834795236,0.0013991134589471
8373,Prevotella stercorea,0.000313834795236,0.0008984960931297
8373,Lachnospira hominis,0.0003085155614185,0.000792021504131
8373,Phascolarctobacterium faecium,0.0003085155614185,0.0005846762518703
8373,Clostridium_AP sp000509125,0.0003031963276009,0.0007733417516751
8373,Streptococcus anginosus,0.0003031963276009,0.0006537913359572
8373,Bacteroides intestinalis_A,0.0002978770937834,0.0012347316373363
8373,Streptococcus mitis_BX,0.0002978770937834,0.0002036093017695
8373,Hominicoprocola sp003522105,0.0002978770937834,0
8373,JAHZGC01 sp019421015,0.0002978770937834,0.0005977520785894
8373,Lentihominibacter butyricus,0.0002925578599658,0.000924647746568
8373,Fimisoma sp000435715,0.0002925578599658,0.0010815576671977
8373,Hungatella hathewayi,0.0002872386261482,0.0010778217167066
8373,Longicatena caecimuris,0.0002819193923307,0.0007415861725
8373,Allisonella histaminiformans,0.0002766001585131,0.0009956308059005
8373,Streptococcus constellatus,0.0002712809246956,0.0008928921673929
8373,CAG-170 sp900553545,0.000265961690878,0.001503720072701
8373,Coprobacter secundus,0.000265961690878,0.0009059679941121
8373,Alistipes communis,0.000265961690878,0.0008013613803589
8373,Lientehia sp934351765,0.000265961690878,0.000640715509238
8373,Faecalibacterium sp934514285,0,0.0026824124526688
8373,Prevotella sp000434975,0,0.0019370903296778
8373,Ventricola sp900542395,0,0.001662497968576
8373,Klebsiella quasipneumoniae,0,0.001658762018085
8373,Alistipes_A sp900539755,0,0.0013580180035454
8373,Prevotella copri_A,0,0.0012739591174937
8373,Latilactobacillus sakei,0,0.0011712204789862
8373,Lachnospira rogosae,0,0.0010591419642506
8373,Lawsonibacter faecis_A,0,0.0010329903108124
8373,Hominicoprocola sp934835795,0,0.0010273863850756
8373,Alistipes_A hominis,0,0.0010180465088476
8373,Dorea_A longicatena_C,0,0.0010012347316373
8373,Laedolimicola hominis,0,0.0009956308059005
8373,Cloacibacillus porcorum,0,0.0009918948554093
8373,Phocaeicola coprocola,0,0.0009825549791814
8373,CAG-170 sp000436735,0,0.0009788190286902
8373,Enterocloster sp900543885,0,0.0009732151029534
8373,QAKD01 sp944386585,0,0.0009265157218136
8373,Avimicrobium caecorum,0,0.0009190438208312
8373,Caecibacter hominis,0,0.0009171758455856
8373,Otoolea sp000435655,0,0.0008891562169018
8373,Thomasclavelia ramosa,0,0.0008574006377267
8373,Massiliimalia massiliensis,0,0.0008555326624811
8373,Alistipes_A ihumii,0,0.0008293810090428
8373,UBA3818 sp900557155,0,0.0008181731575693
8373,Bacteroides cellulosilyticus,0,0.0008181731575693
8373,Faecousia sp000435995,0,0.0008107012565869
8373,CAG-103 sp900757655,0,0.0007808136526574
8373,Anaerotardibacter sp000435675,0,0.0007770777021662
8373,UMGS1696 sp900753285,0,0.0007696058011839
8373,Faecivicinus sp900759005,0,0.0007696058011839
8373,Parvibacter sp947649875,0,0.0007640018754471
8373,Blautia_A sp900066355,0,0.0007471900982368
8373,QAKL01 sp003343815,0,0.0007415861725
8373,Hominiventricola sp018223365,0,0.0007415861725
8373,Faecivicinus sp900553265,0,0.0007397181972544
8373,HGM13006 sp900757695,0,0.0007378502220088
8373,CAG-170 sp003516765,0,0.0007116985685705
8373,Brotaphodocola sp003506385,0,0.0007042266675882
8373,UBA737 sp900549055,0,0.0006967547666058
8373,Pauljensenia sp916438945,0,0.0006780750141499
8373,Laedolimicola intestinihominis,0,0.0006762070389043
8373,Holdemania filiformis,0,0.0006743390636587
8373,Lepagella sp900541835,0,0.0006612632369395
8373,Prevotella copri_N,0,0.0006593952616939
8373,Fimenecus sp000432435,0,0.0006369795587468
8373,Butyricimonas hominis,0,0.0006201677815365
8373,Klebsiella variicola,0,0.0006145638557997
8373,AF33-28 sp003477885,0,0.0006070919548174
8373,Prevotella sp900548745,0,0.0006033560043262
8373,Lactococcus lactis,0,0.0006014880290806
8373,Oscillibacter faecalis,0,0.0005940161280982
8373,Limiplasma sp900548145,0,0.0005734684003967
8373,Oscillibacter sp004553545,0,0.0005697324499055
8373,Butyricimonas sp003479425,0,0.0005603925736776
8373,Gemella morbillorum,0,0.000558524598432
8373,Paludihabitans sp900543295,0,0.0005417128212216
8373,UMGS1623 sp934647945,0,0.0005417128212216
8373,Suilimivivens sp000438155,0,0.0005361088954849
8373,Brotaphodocola sp003478505,0,0.0005342409202393
8373,Bacteroides sp947646015,0,0.0005323729449937
8373,Ruminococcus_C callidus,0,0.0005155611677834
8373,Parabacteroides bouchesdurhonensis,0,0.0004875415390995
8373,Oscillibacter faecalis_A,0,0.0004838055886083
8373,Eubacterium_B infirmum,0,0.0004782016628715
8373,Streptococcus sp934229205,0,0.0004557859599244
8373,Bulleidia sp938039295,0,0.0004557859599244
8373,Clostridium_AQ innocuum,0,0.000448314058942
8373,RUG11247 sp902767315,0,0.0004464460836964
8373,Merdimmobilis hominis,0,0.0004408421579597
8373,QAND01 sp003150225,0,0.0004352382322229
8373,Enterobacter roggenkampii,0,0.0004315022817317
8373,Oscillibacter sp900550685,0,0.0004221624055038
8373,Streptococcus pseudopneumoniae_S,0,0.0004202944302582
8373,Collinsella sp900540835,0,0.0004109545540302
8373,Bacteroides nordii,0,0.0004034826530478
8373,Agathobaculum ammoniilyticum,0,0.0003904068263287
8373,Granulicatella sp938039195,0,0.0003904068263287
8373,Streptococcus mitis_BG,0,0.0003904068263287
8373,UMGS1071 sp934476545,0,0.0003866708758375
8373,JAHZFN01 sp019421315,0,0.0003829349253463
8373,Leuconostoc mesenteroides,0,0.0003829349253463
8373,Pseudolachnospira sp022867805,0,0.000375463024364
8373,UMGS1696 sp900554225,0,0.0003642551728904
8373,Victivallis lenta,0,0.0003642551728904
8373,Streptococcus mitis_AT,0,0.0003605192223992
8373,Clostridium sp000435835,0,0.0003605192223992
8373,Oxalobacter paeniformigenes,0,0.0003474433956801
8373,Parabacteroides johnsonii,0,0.0003474433956801
8373,CAG-238 sp900754805,0,0.0003455754204345
8373,Lachnospira sp000437735,0,0.0003455754204345
8373,Mogibacterium sp916438645,0,0.0003437074451889
8373,Bulleidia moorei,0,0.0003418394699433
8373,CAJFUR01 sp904420575,0,0.0003399714946977
8373,Limivivens sp905214955,0,0.0003399714946977
8373,Faecousia sp900547405,0,0.0003362355442065
8373,Faecalicatena contortus_B,0,0.0003324995937153
8373,Bacteroides hominis,0,0.0003306316184697
8373,Eisenbergiella tayi,0,0.0003287636432241
8373,CAG-115 sp003531585,0,0.000325027692733
8373,Prevotella sp934191715,0,0.000325027692733
8373,CAG-882 sp003486385,0,0.000325027692733
8373,Dialister hominis,0,0.0003231597174874
8373,Holdemania massiliensis,0,0.0003194237669962
8373,Pauljensenia dentiphila,0,0.000315687816505
8373,CAG-269 sp000437215,0,0.0003138198412594
8373,Clostridium sp900766315,0,0.0003119518660138
8373,Ruthenibacterium sp905212515,0,0.0003119518660138
8373,Laedolimicola faecalis,0,0.0003082159155226
8373,Limisoma sp000437795,0,0.000306347940277
8373,HGM11808 sp900757025,0,0.0003044799650315
8373,Phil1 sp001940855,0,0.0003044799650315
8373,Turicimonas sp900542195,0,0.0003044799650315
8373,Catenibacterium mitsuokai,0,0.0003007440145403
8373,Fimivivens sp900113995,0,0.0002988760392947
8373,Lawsonibacter aceti,0,0.0002895361630667
8373,Oliverpabstia faecicola,0,0.0002876681878211
8373,UBA11452 sp003526375,0,0.0002858002125755
8373,Laedolimicola ammoniilytica,0,0.0002783283115932
8373,Pseudobutyricicoccus sp003477405,0,0.0002783283115932
8373,Streptococcus sp001072385,0,0.0002783283115932
8373,HGM13862 sp944393575,0,0.0002764603363476
8373,Enterococcus_B lactis,0,0.0002671204601196
8373,Streptococcus infantis_H,0,0.0002671204601196
8373,CAG-882 sp900545175,0,0.0002671204601196
8373,JAGZLR01 sp018364635,0,0.0002615165343828
8373,Christensenella minuta,0,0.0002540446334005
8373,Blautia_A difficilis,0,0.0002540446334005
8373,Granulicatella sp916049935,0,0.0002521766581549
8373,Faecalibacterium prausnitzii_E,0,0.0002503086829093
8373,CAG-269 sp003525075,0,0.0002484407076637
8373,Alistipes provencensis,0,0.0002428367819269
8373,Suilimivivens aceti,0,0.0002409688066813
8373,Mediterraneibacter_A sp934418295,0,0.0002409688066813
8373,Youxingia wuxianensis,0,0.0002409688066813
8373,Corynebacterium durum,0,0.0002409688066813
8373,JAGTTR01 sp018223385,0,0.0002372328561901
8373,Bacteroides sp934716785,0,0.0002353648809445
8373,Hominibacterium faecale,0,0.0002353648809445
8373,Brotaphodocola sp003481825,0,0.0002316289304534
8373,CAG-303 sp000437755,0,0.0002316289304534
8373,Eubacterium_I ramulus,0,0.0002316289304534
8373,UBA644 sp014872655,0,0.0002260250047166
8373,Streptococcus oralis_O,0,0.000224157029471
8373,Egerieenecus merdigallinarum,0,0.0002204210789798
8373,Terrisporobacter sp900557165,0,0.0002204210789798
8373,Kluyvera georgiana,0,0.0002204210789798
8373,Ruminococcus_C sp000433635,0,0.0002185531037342
8373,Prevotella sp002265625,0,0.0002166851284886
8373,Leuconostoc lactis_A,0,0.0002166851284886
8373,Lancefieldella sp024691995,0,0.0002166851284886
8373,Streptococcus cristatus,0,0.0002110812027519
8373,Neoanaerotignum_A sp934256695,0,0.0002092132275063
8373,Pauljensenia sp018375675,0,0.0002036093017695
8373,Prevotella copri_E,0,0.0002036093017695
8373,Lawsonibacter asaccharolyticus,0,0.0002017413265239
8373,Gemmiger sp900540595,0,0.0001980053760327
8373,Streptococcus oralis_Y,0,0.0001980053760327
8373,Gemella haemolysans_B,0,0.0001961374007871
8373,Lawsonibacter sp000177015,0,0.0001942694255415
8373,Kluyvera ascorbata,0,0.0001886654998047
8373,Streptococcus vaginalis,0,0.0001886654998047
8373,Collinsella sp905214145,0,0.0001849295493136
8373,Alistipes dispar,0,0.0001849295493136
8373,Cryptobacteroides sp900544195,0,0.000183061574068
8373,Streptococcus infantis_K,0,0.0001811935988224
8373,UMGS1591 sp905198295,0,0.0001811935988224
8373,Granulicatella adiacens,0,0.0001793256235768
8373,CAG-217 sp000436335,0,0.0001793256235768
8373,Oscillibacter hominis,0,0.0001755896730856
8373,Limivivens faecihominis,0,0.00017372169784
8373,Streptococcus macedonicus,0,0.00017372169784
8373,Otoolea symbiosa,0,0.0001699857473488
8373,Collinsella sp902405995,0,0.0001681177721032
8373,Actinomyces sp915069725,0,0.0001662497968576
8373,Parabacteroides goldsteinii,0,0.000164381821612
8373,Agathobaculum hominis,0,0.000164381821612
8373,Blautia_A schinkii_B,0,0.000164381821612
8373,Streptococcus mitis_BZ,0,0.0001606458711209
8373,Faecalimonas sp000209385,0,0.0001606458711209
8373,Mediterraneibacter sp900120155,0,0.0001606458711209
8373,Enterobacter cloacae,0,0.0001587778958753
8373,Pauljensenia sp938041695,0,0.0001569099206297
8373,Borkfalkia ceftriaxoniphila,0,0.0001569099206297
8373,CAG-492 sp000434335,0,0.0001531739701385
8373,Phocaeicola_A sp900765575,0,0.0001494380196473
8373,Streptococcus infantis,0,0.0001475700444017
8373,Scatosoma sp900552625,0,0.0001457020691561
8373,Roseburia hominis,0,0.0001457020691561
8373,Gabonibacter massiliensis,0,0.0001457020691561
8373,Guopingia tenuis,0,0.0001438340939105
8373,Neochristensenella sp900547955,0,0.0001438340939105
8373,Lachnospira eligens,0,0.0001419661186649
8373,Pseudoflavonifractor_A sp018917965,0,0.0001419661186649
8373,Enterocloster aldenensis,0,0.0001419661186649
8373,Merdimorpha sp003150615,0,0.0001419661186649
8373,Lachnospira sp900551945,0,0.0001400981434194
8373,Streptococcus gwangjuense_A,0,0.0001400981434194
8373,Rothia mucilaginosa_B,0,0.0001382301681738
8373,CAKTXU01 sp902492455,0,0.0001363621929282
8373,Dialister sp000434475,0,0.0001363621929282
8373,Duodenibacillus intestinigallinarum,0,0.0001363621929282
8373,Gemella sp947254465,0,0.0001344942176826
8373,Vescimonas sp003487665,0,0.0001344942176826
8373,Streptococcus sanguinis_N,0,0.0001307582671914
8373,Weissella fermenti,0,0.0001307582671914
8373,Phascolarctobacterium_A sp934203365,0,0.0001307582671914
8373,Fumia sp902493155,0,0.0001307582671914
8373,Collinsella sp902364645,0,0.0001307582671914
8373,Haemophilus_D parainfluenzae,0,0.0001307582671914
8373,Anaerotruncus rubiinfantis,0,0.0001288902919458
8373,Oscillibacter sp900544105,0,0.0001288902919458
8373,Streptococcus sp002355895,0,0.0001288902919458
8373,Bittarella massiliensis,0,0.0001288902919458
8373,QANA01 sp900554725,0,0.0001288902919458
8373,Harryflintia acetispora,0,0.0001270223167002
8373,Pauljensenia sp902373545,0,0.0001270223167002
8373,Bacteroides intestinalis,0,0.0001270223167002
8373,Prevotella sp900551275,0,0.0001251543414546
8373,Rothia mucilaginosa_C,0,0.0001251543414546
8373,Granulicatella sp041433555,0,0.0001251543414546
8373,Streptococcus sp030825805,0,0.000123286366209
8373,Intestinibacter bartlettii,0,0.0001214183909634
8373,Streptococcus sp963549015,0,0.0001214183909634
8373,CAKTXU01 sp934615635,0,0.0001214183909634
8373,Lachnospira sp003537285,0,0.0001214183909634
8373,HGM13222 sp900757485,0,0.0001214183909634
8373,Limivivens sp900066135,0,0.0001195504157178
8373,Citrobacter freundii,0,0.0001176824404722
8373,Oscillibacter sp902478785,0,0.0001176824404722
8373,Enterocloster citroniae,0,0.0001158144652267
8373,Coprococcus sp000433075,0,0.0001158144652267
8373,Coprobacillus cateniformis,0,0.0001158144652267
8373,Shuttleworthia satelles,0,0.0001139464899811
8373,Prevotella copri_C,0,0.0001139464899811
8373,Scardovia wiggsiae,0,0.0001139464899811
8373,QAKS01 sp003343685,0,0.0001120785147355
8373,Ruminococcoides intestinalis,0,0.0001102105394899
8373,Eggerthia catenaformis,0,0.0001102105394899
8373,Streptococcus whileyi,0,0.0001102105394899
8373,HGM10766 sp900757295,0,0.0001083425642443
8373,Desulfovibrio sp018379785,0,0.0001083425642443
8373,Butyricimonas paravirosa,0,0.0001083425642443
8373,Streptococcus sp001650315,0,0.0001064745889987
8373,Geddesella stercoravicola,0,0.0001064745889987
8373,Leuconostoc gelidum,0,0.0001046066137531
8373,Streptococcus timonensis,0,0.0001046066137531
8373,Johnsonella sp916438835,0,0.0001046066137531
8373,Mediterraneibacter sp019420405,0,0.0001027386385075
8373,Hominibacterium sp019420305,0,0.0001027386385075
8373,Eisenbergiella porci,0,0.0001027386385075
8373,Christensenella hongkongensis,0,0.0001008706632619
8373,Faecalibacterium intestinale,0,0.0001008706632619
8373,CAJFUH01 sp934717555,0,0.0001008706632619
8373,Streptococcus cristatus_B,0,0.0001008706632619
8373,Streptococcus sp027665725,0,0.0001008706632619
8373,Extibacter hylemonae,0,0.0001008706632619
8373,CAG-274 sp000432155,0,9.90026880163783e-05
8373,Metalachnospira sp900553995,0,9.90026880163783e-05
8373,Klebsiella quasivariicola,0,9.90026880163783e-05
8373,Streptococcus sanguinis_Y,0,9.713471277078624e-05
8373,Fournierella excrementavium,0,9.713471277078624e-05
8373,Streptococcus oralis_CS,0,9.52667375251942e-05
8373,Streptococcus salivarius_D,0,9.52667375251942e-05
8373,Clostridium_A sp959596515,0,9.52667375251942e-05
8373,Anaerotruncus colihominis,0,9.52667375251942e-05
8373,CAG-245 sp000434195,0,9.339876227960215e-05
8373,Enterococcus_B faecium,0,9.339876227960215e-05
8373,Ruminococcoides intestinihominis,0,9.339876227960215e-05
8373,Streptococcus infantis_L,0,9.339876227960215e-05
8373,UMGS856 sp900546265,0,9.339876227960215e-05
8373,Phocaeicola vulgatus,0.0329898881365124,0.0160664550873367
8373,Fusicatenibacter saccharivorans,0.030367505864455,0.0135110649513663
8373,Blautia_A faecis,0.0240482560891927,0.0145982265443006
8373,Bacteroides finegoldii,0.0195641419809883,0.0091325309756986
8373,Blautia_A obeum,0.0188885992861587,0.0094463508169576
8373,Gemmiger qucibialis,0.0179311371989975,0.0074588251556483
8373,Bariatricus comes,0.0166864364856883,0.0074793728833493
8373,Roseburia rectibacter,0.0165481364064311,0.0070441346511264
8373,Mediterraneibacter faecis,0.0157874859705207,0.0068946966314795
8373,Blautia_A wexlerae,0.0157342936323444,0.0119064742154023
8373,Gemmiger sp900539695,0.01552684351346,0.0069918313442501
8373,Coprococcus aceti,0.0154310973047437,0.0064295707953274
8373,Faecalibacillus intestinalis,0.0154151396032909,0.006530441458589
8373,Agathobacter rectalis,0.0150108778331567,0.0083909448031986
8373,Dorea_A sp019421265,0.0144098044117716,0.0049576063018003
8373,Oliverpabstia tarda,0.0143991659441371,0.0055609623061263
8373,Eubacterium_I ramulus_A,0.0142608658648799,0.0058486304939486
8373,Prevotella rara,0.0140640542136309,0.0055815100338287
8373,Ruminococcus_B gnavus,0.0138778810300156,0.0070665503540735
8373,Schaedlerella hominis,0.0136863886125839,0.0062296974440491
8373,Hominisplanchenecus faecis,0.0134789384936985,0.0052826339945336
8373,Bacteroides uniformis,0.0128406304355917,0.0141723281883057
8373,Streptococcus salivarius,0.0125001994712674,0.0059252174790168
8373,Agathobaculum butyriciproducens,0.0121916839098494,0.0084880795159692
8373,Gemmiger formicilis,0.0121757262083967,0.0065640650130091
8373,Hominimerdicola aceti,0.0118565721793423,0.0051238560986586
8373,Lachnospira sp900545725,0.011739549035356,0.0049146428711521
8373,Dorea formicigenerans,0.0114948642797489,0.008465663813022
8373,Phocaeicola massiliensis,0.0114629488768435,0.006844261299848
8373,Jutongia sp003524945,0.0108937908583638,0.0055815100338287
8373,Coprococcus_A catus,0.0107820869481958,0.0048642075395207
8373,Mediterraneibacter torques,0.010654425336574,0.0048978310939421
8373,Hominilimicola fabiformis,0.010521444491135,0.0067919579929717
8373,Eubacterium_U album,0.0104522944515069,0.0044158934805786
8373,Dorea_A longicatena,0.0103991021133315,0.0041319612432487
8373,Bacteroides stercoris,0.0103139943722497,0.0069544718393391
8373,Eubacterium_P hominis,0.0102927174369797,0.0078137404523107
8373,Eubacterium_G ventriosum,0.0102235673973516,0.004473800713192
8373,Faecalibacillus faecis,0.0100214365122844,0.0040422984314601
8373,Lachnospira eligens_A,0.0097182401846837,0.005471299494339
8373,Pararoseburia lenta,0.0094310015585348,0.0039937310750748
8373,Streptococcus infantarius,0.0090746128927587,0.0039451637186894
8373,Collinsella sp003466125,0.0090480167236705,0.0033548835410825
8373,Eubacterium_R sp000436835,0.0088086512018807,0.0034613581300812
8373,Bifidobacterium pseudocatenulatum,0.0081437469746856,0.0040591102086701
8373,Blautia stercoris,0.0078671468161722,0.0055348106526882
8373,Ruminococcoides intestinale,0.0078618275823549,0.0037546302436392
8373,Anaerostipes hadrus,0.0075001196827606,0.0055329426774434
8373,Alistipes putredinis,0.0071862848875244,0.0042944750896161
8373,Blautia_A sp900066335,0.0071437310169835,0.0062820007509254
8373,Ruminococcus_C sp000980705,0.0071277733155308,0.0050248534106418
8373,Hominicoprocola fusiformis,0.0070745809773554,0.0072776315568262
8373,Megamonas funiformis,0.0070267078729972,0.0039899951245838
8373,Blautia_A fusiformis,0.0068777693261055,0.0041132814907925
8373,Eubacterium_F sp003491505,0.0066649999734029,0.0052676901925683
8373,CAG-177 sp003514385,0.006468188322154,0.0043878738518943
8373,Butyribacter hominis,0.0062288228003632,0.0053050496974807
8373,Bifidobacterium longum,0.0061969073974578,0.0042926071143699
8373,Faecalibacterium prausnitzii,0.0059043495374925,0.0048455277870645
8373,Weissella cibaria,0.0058139225625935,0.0083591892240233
8373,Vescimonas cirricatena,0.0055905147422564,0.0037564982188854
8373,Maccoya intestinihominis,0.0053724261557356,0.0040030709513029
8373,Aphodocola sp000434835,0.0052873184146547,0.0019277504534497
8373,Otoolea fessa,0.0050426336590476,0.0073448786656677
8373,Choladousia sp902363135,0.0048990143459732,0.0046960897674176
8373,Acetatifactor intestinalis,0.0048139066048923,0.0055646982566173
8373,Enterocloster sp000431375,0.0047873104358041,0.0063866073646779
8373,Bilophila wadsworthia,0.0047873104358041,0.0092707611438726
8373,Parabacteroides distasonis,0.0047766719681696,0.0106455909246278
8373,Parasutterella gallistercoris,0.0047660335005342,0.0042533796342127
8373,Streptococcus ilei,0.0047500757990814,0.0036799112338157
8373,Eubacterium_G sp000435815,0.0046702872918178,0.0042440397579846
8373,Blautia_A sp900120195,0.0045585833816488,0.0038723126841122
8373,Anthropogastromicrobium aceti,0.0043936871333044,0.0079183470660646
8373,Claveliimonas ammoniilytica,0.0040160215322583,0.004163716822424
8373,Muricoprocola aceti,0.0037553790751975,0.0046605982377513
8373,Desulfovibrio fairfieldensis_A,0.0037553790751975,0.0052639542420774
8373,Onthomonas sp900752305,0.0037553790751975,0.0029196453088595
8373,Bacteroides ovatus,0.0036809098017512,0.0094799743713791
8373,Alistipes shahii,0.0036755905679339,0.0056244734644769
8373,Scatocola faecipullorum,0.0036702713341167,0.0032035775461894
8373,Evtepia sp004556345,0.0036117597621231,0.0031792938679975
8373,Bifidobacterium adolescentis,0.0036117597621231,0.004598955054647
8373,Eubacterium_G segne,0.0035053750857722,0.0038573688821469
8373,Faecalibacterium longum,0.0034894173843195,0.002562862036951
8373,Bacteroides thetaiotaomicron,0.003367075006516,0.0085104952189164
8373,Vescimonas coprocola,0.0030851556141852,0.0042683234361766
8373,Agathobaculum sp900544475,0.0030585594450971,0.0038965963623041
8373,Prevotella sp900553595,0.0030319632760089,0.0041114135155477
8373,Leuconostoc lactis,0.0029734517040162,0.0054376759399176
8373,Dorea_D hominis,0.0028511093262117,0.0038685767336198
8373,Streptococcus hominis,0.0027660015851309,0.0035024535854846
8373,Parabacteroides merdae,0.0027660015851309,0.0071151177104589
8373,Escherichia coli,0.0026011053367864,0.0068405253493571
8373,Oscillibacter segnis,0.0026011053367864,0.0061923379391367
8373,Phascolarctobacterium_A succinatutens_B,0.0025000398942529,0.0023891403391121
8373,Butyricimonas faecalis,0.0024894014266183,0.0052676901925683
8373,Blautia_A sp005848555,0.0024521667898947,0.005039797212607
8373,Faecousia intestinalis,0.0023830167502666,0.0039059362385322
8373,Gallintestinimicrobium propionicum,0.0023670590488139,0.0059625769839292
8373,Bacteroides eggerthii,0.0023404628797266,0.0055142629249872
8373,Bacteroides caccae,0.0022979090091857,0.0055348106526882
8373,Adlercreutzia equolifaciens,0.0022979090091857,0.0045447837725245
8373,Streptococcus rubneri,0.0022766320739158,0.0021463035571842
8373,Romboutsia timonensis,0.0022500359048276,0.0038947283870593
8373,Coprococcus_A intestinihominis,0.0022021628004694,0.0033604874668196
8373,Muricoprocola shaoxingensis,0.0021862050990167,0.0035622287933428
8373,Odoribacter splanchnicus,0.0021649281637467,0.0057552317316689
8373,Weissella confusa,0.0021170550593886,0.0039470316939356
8373,UBA3402 sp003478355,0.0021064165917541,0.004481272614174
8373,Faecalibacterium sp900539945,0.0020957781241186,0.0034837738330284
8373,Blautia_A sp900551715,0.0019627972786796,0.0033362037886263
8373,Choladousia sp902363665,0.0019415203434096,0.0046867498911895
8373,Paraprevotella clara,0.0018404549008751,0.0055534904051444
8373,Lentihominibacter faecis,0.0017819433288824,0.0028692099772281
8373,Anaerobutyricum hallii,0.0017181125230716,0.0029047015068943
8373,Anaerotardibacter sp000435475,0.0017021548216188,0.0026170333190734
8373,Rothia sp916720455,0.0016755586525316,0.0024171599677951
8373,Alistipes onderdonkii,0.0016649201848961,0.0041170174412835
8373,Mediterraneibacter_A butyricigenes,0.001617047080538,0.0034650940805722
8373,Prevotella sp015074785,0.0015851316776325,0.0054600916428648
8373,Blautia_A intestinalis,0.0015638547423626,0.0053386732519008
8373,Streptococcus xiaochunlingii,0.0015266201056399,0.001524267800402
8373,Faecalibacterium duncaniae,0.0015213008718217,0.0040030709513029
8373,Mesosutterella multiformis,0.0015159816380044,0.0037340825159382
8373,Alangreenwoodia sp905206455,0.0015106624041872,0.0033772992440296
8373,CAG-103 sp900543625,0.0014574700660108,0.0028972296059124
8373,Blautia_A sp003471165,0.0013936392602009,0.0036107961497281
8373,Butyribacter intestini,0.0013883200263827,0.0034482823033621
8373,Oliverpabstia intestinalis,0.0013617238572954,0.0011880322561965
8373,CAG-103 sp000432375,0.0013191699867545,0.002831850472317
8373,Bifidobacterium bifidum,0.0013032122853018,0.002815038695107
8373,Hominiventricola aquisgranensis,0.0012925738176664,0.0045466517477707
8373,Parasutterella excrementihominis,0.0012819353500318,0.0022733258738853
8373,Bacteroides xylanisolvens,0.0012234237780382,0.0050099096086766
8373,Lentihominibacter excrementipullorum,0.001218104544221,0.0023069494283054
8373,UMGS1975 sp900546685,0.0012021468427683,0.0027982269178956
8373,Clostridium sp900540255,0.0011915083751328,0.0019539021068892
8373,Methanocatella smithii,0.0011276775693229,0.0021313597552204
8373,Gemella sp963532255,0.0011223583355047,0.0012067120086524
8373,Butyricimonas virosa,0.0011117198678701,0.0038405571049369
8373,Klebsiella pneumoniae,0.0011010814002347,0.0043355705450181
8373,CAG-170 sp002404795,0.0010957621664174,0.002680544477424
8373,Pilosibacter fragilis,0.0010585275296938,0.0033922430459949
8373,Alitiscatomonas aceti,0.0010585275296938,0.0027851510911765
8373,Vescimonas sp900545585,0.0010372505944238,0.0019370903296778
8373,Blautia_A intestinihominis,0.0010212928929711,0.0036332118526752
8373,Blautia_A acetigignens,0.0010159736591538,0.0033866391202577
8373,Streptococcus australis_C,0.0009840582562484,0.0015111919736829
8373,Barnesiella intestinihominis,0.0009787390224311,0.0027160360070902
8373,Hominibacterium hominis,0.0009787390224311,0.0021350957057113
8373,Dorea_A amylophila,0.0009681005547957,0.0003848029005919
8373,Ruthenibacterium lactatiformans,0.0009149082166204,0.0045709354259627
8373,Scatomonas hejianensis,0.0009042697489853,0.0025647300121972
8373,Apopatocola sp003522945,0.0008617158784448,0.0024844070766366
8373,Coprococcus ammoniilyticus,0.0008563966446273,0.0032782965560129
8373,Vescimonas sp003539495,0.0008138427740868,0.0024395756707422
8373,Angelakisella sp900547385,0.0008085235402692,0.0023050814530592
8373,Oscillibacter welbionis,0.0008032043064516,0.0031905017194704
8373,Prevotella sp900313215,0.0007978850726341,0.0023293651312526
8373,Bacteroides bouchesdurhonensis,0.0007925658388165,0.0015989868102254
8373,Streptococcus sanguinis_H,0.0007819273711814,0.0011338609740743
8373,Gemella sanguinis,0.0007553312020936,0.0011786923799685
8373,Blautia_A sp934394595,0.0007180965653707,0.0019968655375374
8373,Hominiventricola filiformis,0.0006968196301004,0.0022210225670077
8373,Anaerotignum_A faecicola,0.0006968196301004,0.0022714578986391
8373,Faecalibacterium taiwanense,0.0006915003962829,0.0032820325065038
8373,Wujia hominis,0.0006808619286477,0.0022957415768325
8373,Roseburia intestinalis,0.0006755426948302,0.0002073452522607
8373,Pilosibacter sp900066055,0.0006383080581073,0.002090264299817
8373,Streptococcus vulneris,0.0006329888242897,0.0008891562169018
8373,Flavonifractor plautii,0.0006223503566546,0.0027533955120026
8373,UBA11524 sp000437595,0.0006117118890195,0.0032895044074871
8373,Mediterraneibacter massiliensis,0.0006063926552019,0.0014663605677886
8373,Agathobacter faecis,0.0005957541875668,0.0020977362007989
8373,Latilactobacillus curvatus,0.0005957541875668,0.0016531580923479
8373,Eubacterium_B sp938049335,0.0005904349537492,0.0012104479591436
8373,QAMH01 sp900756605,0.0005851157199317,0.001968845908853
8373,Blautia_A hydrogenotrophica,0.0005797964861141,0.0021817950868505
8373,Enterocloster sp900541315,0.0005585195508438,0.0021948709135695
8373,Clostridium lentum,0.0005585195508438,0.000924647746568
8373,Bacteroides sp900557355,0.0005532003170263,0.0023648566609188
8373,Pseudoscillospira sp018369915,0.0005425618493912,0.0019240145029587
8373,Hominenteromicrobium mulieris,0.0005372426155736,0.0016008547854716
8373,Rothia aeria,0.000531923381756,0.0008088332813413
8373,CAG-238 sp934277655,0.0005266041479385,0.0017558967308556
8373,Ruthenibacterium sp018380115,0.0005266041479385,0.0014570206915605
8373,Roseburia inulinivorans,0.0005212849141209,0.0019613740078711
8373,Alistipes finegoldii,0.0005212849141209,0.0024134240173041
8373,Faecalicatena contorta,0.0005053272126682,0.0017148012754523
8373,Roseburia_C amylophila,0.0004946887450331,0.0018698432208363
8373,Pilosibacter sp900066785,0.0004893695112156,0.0016737058200502
8373,Streptococcus sp001556435,0.000484050277398,0.000214817153243
8373,Lactonifactor sp009677585,0.0004734118097629,0.0022639859976572
8373,Acetatifactor acetigignens,0.0004680925759453,0.0014009814341932
8373,Hominifimenecus microfluidus,0.0004627733421278,0.0013318663501071
8373,Faecalibacterium sp900765105,0.0004574541083102,0.0015223998251572
8373,Streptococcus infantis_M,0.0004521348744926,0.0006556593112028
8373,CAG-170 sp937967235,0.0004521348744926,0.0016699698695579
8373,Negativibacillus massiliensis,0.0004468156406751,0.001976317809835
8373,Claveliimonas acetigenes,0.0004308579392224,0.0015298717261391
8373,Bacteroides sp003438995,0.0004149002377697,0.0016494221418569
8373,Collinsella sp900552425,0.0004095810039521,0.0002633845096284
8373,PeH17 sp000435055,0.0004095810039521,0.0023200252550245
8373,Peptostreptococcus stomatis,0.0004042617701346,0.0004875415390995
8373,Coprobacter fastidiosus,0.000398942536317,0.00119924010767
8373,RGIG3159 sp938049125,0.000398942536317,0.0011319929988287
8373,Mediterraneibacter lactaris,0.0003883040686819,0.0011357289493199
8373,Weissella koreensis,0.0003829848348643,0.0012646192412658
8373,Anaerobutyricum soehngenii,0.0003776656010468,0.0008050973308501
8373,Streptococcus sinensis,0.0003776656010468,0.0006724710884131
8373,Clostridium_A leptum,0.0003670271334117,0.0014775684192629
8373,Streptococcus australis_B,0.0003617078995941,0.0002353648809445
8373,Brotaphodocola sp003480315,0.0003563886657765,0.0020118093395012
8373,Lawsonibacter sp900549405,0.0003457501981414,0.0014607566420528
8373,Blautia_A sp900763175,0.0003457501981414,0.0018324837159252
8373,CAG-238 sp900542245,0.0003404309643238,0.0014644925925438
8373,Blautia_A ammoniilytica,0.0003351117305063,0.0014215291618942
8373,Phocaeicola dorei,0.0003351117305063,0.000933987622796
8373,Slackia piriformis,0.0003297924966887,0.0008630045634635
8373,Bacteroides clarus,0.0003244732628712,0.0013337343253527
8373,Brotonthovivens sp905193415,0.0003191540290536,0.001117049196864
8373,Hominicoprocola sp900317525,0.000313834795236,0.0013991134589471
8373,Prevotella stercorea,0.000313834795236,0.0008984960931297
8373,Lachnospira hominis,0.0003085155614185,0.000792021504131
8373,Phascolarctobacterium faecium,0.0003085155614185,0.0005846762518703
8373,Clostridium_AP sp000509125,0.0003031963276009,0.0007733417516751
8373,Streptococcus anginosus,0.0003031963276009,0.0006537913359572
8373,Bacteroides intestinalis_A,0.0002978770937834,0.0012347316373363
8373,Streptococcus mitis_BX,0.0002978770937834,0.0002036093017695
8373,Hominicoprocola sp003522105,0.0002978770937834,0
8373,JAHZGC01 sp019421015,0.0002978770937834,0.0005977520785894
8373,Lentihominibacter butyricus,0.0002925578599658,0.000924647746568
8373,Fimisoma sp000435715,0.0002925578599658,0.0010815576671977
8373,Hungatella hathewayi,0.0002872386261482,0.0010778217167066
8373,Longicatena caecimuris,0.0002819193923307,0.0007415861725
8373,Allisonella histaminiformans,0.0002766001585131,0.0009956308059005
8373,Streptococcus constellatus,0.0002712809246956,0.0008928921673929
8373,CAG-170 sp900553545,0.000265961690878,0.001503720072701
8373,Coprobacter secundus,0.000265961690878,0.0009059679941121
8373,Alistipes communis,0.000265961690878,0.0008013613803589
8373,Lientehia sp934351765,0.000265961690878,0.000640715509238
8373,Faecalibacterium sp934514285,0,0.0026824124526688
8373,Prevotella sp000434975,0,0.0019370903296778
8373,Ventricola sp900542395,0,0.001662497968576
8373,Klebsiella quasipneumoniae,0,0.001658762018085
8373,Alistipes_A sp900539755,0,0.0013580180035454
8373,Prevotella copri_A,0,0.0012739591174937
8373,Latilactobacillus sakei,0,0.0011712204789862
8373,Lachnospira rogosae,0,0.0010591419642506
8373,Lawsonibacter faecis_A,0,0.0010329903108124
8373,Hominicoprocola sp934835795,0,0.0010273863850756
8373,Alistipes_A hominis,0,0.0010180465088476
8373,Dorea_A longicatena_C,0,0.0010012347316373
8373,Laedolimicola hominis,0,0.0009956308059005
8373,Cloacibacillus porcorum,0,0.0009918948554093
8373,Phocaeicola coprocola,0,0.0009825549791814
8373,CAG-170 sp000436735,0,0.0009788190286902
8373,Enterocloster sp900543885,0,0.0009732151029534
8373,QAKD01 sp944386585,0,0.0009265157218136
8373,Avimicrobium caecorum,0,0.0009190438208312
8373,Caecibacter hominis,0,0.0009171758455856
8373,Otoolea sp000435655,0,0.0008891562169018
8373,Thomasclavelia ramosa,0,0.0008574006377267
8373,Massiliimalia massiliensis,0,0.0008555326624811
8373,Alistipes_A ihumii,0,0.0008293810090428
8373,UBA3818 sp900557155,0,0.0008181731575693
8373,Bacteroides cellulosilyticus,0,0.0008181731575693
8373,Faecousia sp000435995,0,0.0008107012565869
8373,CAG-103 sp900757655,0,0.0007808136526574
8373,Anaerotardibacter sp000435675,0,0.0007770777021662
8373,UMGS1696 sp900753285,0,0.0007696058011839
8373,Faecivicinus sp900759005,0,0.0007696058011839
8373,Parvibacter sp947649875,0,0.0007640018754471
8373,Blautia_A sp900066355,0,0.0007471900982368
8373,QAKL01 sp003343815,0,0.0007415861725
8373,Hominiventricola sp018223365,0,0.0007415861725
8373,Faecivicinus sp900553265,0,0.0007397181972544
8373,HGM13006 sp900757695,0,0.0007378502220088
8373,CAG-170 sp003516765,0,0.0007116985685705
8373,Brotaphodocola sp003506385,0,0.0007042266675882
8373,UBA737 sp900549055,0,0.0006967547666058
8373,Pauljensenia sp916438945,0,0.0006780750141499
8373,Laedolimicola intestinihominis,0,0.0006762070389043
8373,Holdemania filiformis,0,0.0006743390636587
8373,Lepagella sp900541835,0,0.0006612632369395
8373,Prevotella copri_N,0,0.0006593952616939
8373,Fimenecus sp000432435,0,0.0006369795587468
8373,Butyricimonas hominis,0,0.0006201677815365
8373,Klebsiella variicola,0,0.0006145638557997
8373,AF33-28 sp003477885,0,0.0006070919548174
8373,Prevotella sp900548745,0,0.0006033560043262
8373,Lactococcus lactis,0,0.0006014880290806
8373,Oscillibacter faecalis,0,0.0005940161280982
8373,Limiplasma sp900548145,0,0.0005734684003967
8373,Oscillibacter sp004553545,0,0.0005697324499055
8373,Butyricimonas sp003479425,0,0.0005603925736776
8373,Gemella morbillorum,0,0.000558524598432
8373,Paludihabitans sp900543295,0,0.0005417128212216
8373,UMGS1623 sp934647945,0,0.0005417128212216
8373,Suilimivivens sp000438155,0,0.0005361088954849
8373,Brotaphodocola sp003478505,0,0.0005342409202393
8373,Bacteroides sp947646015,0,0.0005323729449937
8373,Ruminococcus_C callidus,0,0.0005155611677834
8373,Parabacteroides bouchesdurhonensis,0,0.0004875415390995
8373,Oscillibacter faecalis_A,0,0.0004838055886083
8373,Eubacterium_B infirmum,0,0.0004782016628715
8373,Streptococcus sp934229205,0,0.0004557859599244
8373,Bulleidia sp938039295,0,0.0004557859599244
8373,Clostridium_AQ innocuum,0,0.000448314058942
8373,RUG11247 sp902767315,0,0.0004464460836964
8373,Merdimmobilis hominis,0,0.0004408421579597
8373,QAND01 sp003150225,0,0.0004352382322229
8373,Enterobacter roggenkampii,0,0.0004315022817317
8373,Oscillibacter sp900550685,0,0.0004221624055038
8373,Streptococcus pseudopneumoniae_S,0,0.0004202944302582
8373,Collinsella sp900540835,0,0.0004109545540302
8373,Bacteroides nordii,0,0.0004034826530478
8373,Agathobaculum ammoniilyticum,0,0.0003904068263287
8373,Granulicatella sp938039195,0,0.0003904068263287
8373,Streptococcus mitis_BG,0,0.0003904068263287
8373,UMGS1071 sp934476545,0,0.0003866708758375
8373,JAHZFN01 sp019421315,0,0.0003829349253463
8373,Leuconostoc mesenteroides,0,0.0003829349253463
8373,Pseudolachnospira sp022867805,0,0.000375463024364
8373,UMGS1696 sp900554225,0,0.0003642551728904
8373,Victivallis lenta,0,0.0003642551728904
8373,Streptococcus mitis_AT,0,0.0003605192223992
8373,Clostridium sp000435835,0,0.0003605192223992
8373,Oxalobacter paeniformigenes,0,0.0003474433956801
8373,Parabacteroides johnsonii,0,0.0003474433956801
8373,CAG-238 sp900754805,0,0.0003455754204345
8373,Lachnospira sp000437735,0,0.0003455754204345
8373,Mogibacterium sp916438645,0,0.0003437074451889
8373,Bulleidia moorei,0,0.0003418394699433
8373,CAJFUR01 sp904420575,0,0.0003399714946977
8373,Limivivens sp905214955,0,0.0003399714946977
8373,Faecousia sp900547405,0,0.0003362355442065
8373,Faecalicatena contortus_B,0,0.0003324995937153
8373,Bacteroides hominis,0,0.0003306316184697
8373,Eisenbergiella tayi,0,0.0003287636432241
8373,CAG-115 sp003531585,0,0.000325027692733
8373,Prevotella sp934191715,0,0.000325027692733
8373,CAG-882 sp003486385,0,0.000325027692733
8373,Dialister hominis,0,0.0003231597174874
8373,Holdemania massiliensis,0,0.0003194237669962
8373,Pauljensenia dentiphila,0,0.000315687816505
8373,CAG-269 sp000437215,0,0.0003138198412594
8373,Clostridium sp900766315,0,0.0003119518660138
8373,Ruthenibacterium sp905212515,0,0.0003119518660138
8373,Laedolimicola faecalis,0,0.0003082159155226
8373,Limisoma sp000437795,0,0.000306347940277
8373,HGM11808 sp900757025,0,0.0003044799650315
8373,Phil1 sp001940855,0,0.0003044799650315
8373,Turicimonas sp900542195,0,0.0003044799650315
8373,Catenibacterium mitsuokai,0,0.0003007440145403
8373,Fimivivens sp900113995,0,0.0002988760392947
8373,Lawsonibacter aceti,0,0.0002895361630667
8373,Oliverpabstia faecicola,0,0.0002876681878211
8373,UBA11452 sp003526375,0,0.0002858002125755
8373,Laedolimicola ammoniilytica,0,0.0002783283115932
8373,Pseudobutyricicoccus sp003477405,0,0.0002783283115932
8373,Streptococcus sp001072385,0,0.0002783283115932
8373,HGM13862 sp944393575,0,0.0002764603363476
8373,Enterococcus_B lactis,0,0.0002671204601196
8373,Streptococcus infantis_H,0,0.0002671204601196
8373,CAG-882 sp900545175,0,0.0002671204601196
8373,JAGZLR01 sp018364635,0,0.0002615165343828
8373,Christensenella minuta,0,0.0002540446334005
8373,Blautia_A difficilis,0,0.0002540446334005
8373,Granulicatella sp916049935,0,0.0002521766581549
8373,Faecalibacterium prausnitzii_E,0,0.0002503086829093
8373,CAG-269 sp003525075,0,0.0002484407076637
8373,Alistipes provencensis,0,0.0002428367819269
8373,Suilimivivens aceti,0,0.0002409688066813
8373,Mediterraneibacter_A sp934418295,0,0.0002409688066813
8373,Youxingia wuxianensis,0,0.0002409688066813
8373,Corynebacterium durum,0,0.0002409688066813
8373,JAGTTR01 sp018223385,0,0.0002372328561901
8373,Bacteroides sp934716785,0,0.0002353648809445
8373,Hominibacterium faecale,0,0.0002353648809445
8373,Brotaphodocola sp003481825,0,0.0002316289304534
8373,CAG-303 sp000437755,0,0.0002316289304534
8373,Eubacterium_I ramulus,0,0.0002316289304534
8373,UBA644 sp014872655,0,0.0002260250047166
8373,Streptococcus oralis_O,0,0.000224157029471
8373,Egerieenecus merdigallinarum,0,0.0002204210789798
8373,Terrisporobacter sp900557165,0,0.0002204210789798
8373,Kluyvera georgiana,0,0.0002204210789798
8373,Ruminococcus_C sp000433635,0,0.0002185531037342
8373,Prevotella sp002265625,0,0.0002166851284886
8373,Leuconostoc lactis_A,0,0.0002166851284886
8373,Lancefieldella sp024691995,0,0.0002166851284886
8373,Streptococcus cristatus,0,0.0002110812027519
8373,Neoanaerotignum_A sp934256695,0,0.0002092132275063
8373,Pauljensenia sp018375675,0,0.0002036093017695
8373,Prevotella copri_E,0,0.0002036093017695
8373,Lawsonibacter asaccharolyticus,0,0.0002017413265239
8373,Gemmiger sp900540595,0,0.0001980053760327
8373,Streptococcus oralis_Y,0,0.0001980053760327
8373,Gemella haemolysans_B,0,0.0001961374007871
8373,Lawsonibacter sp000177015,0,0.0001942694255415
8373,Kluyvera ascorbata,0,0.0001886654998047
8373,Streptococcus vaginalis,0,0.0001886654998047
8373,Collinsella sp905214145,0,0.0001849295493136
8373,Alistipes dispar,0,0.0001849295493136
8373,Cryptobacteroides sp900544195,0,0.000183061574068
8373,Streptococcus infantis_K,0,0.0001811935988224
8373,UMGS1591 sp905198295,0,0.0001811935988224
8373,Granulicatella adiacens,0,0.0001793256235768
8373,CAG-217 sp000436335,0,0.0001793256235768
8373,Oscillibacter hominis,0,0.0001755896730856
8373,Limivivens faecihominis,0,0.00017372169784
8373,Streptococcus macedonicus,0,0.00017372169784
8373,Otoolea symbiosa,0,0.0001699857473488
8373,Collinsella sp902405995,0,0.0001681177721032
8373,Actinomyces sp915069725,0,0.0001662497968576
8373,Parabacteroides goldsteinii,0,0.000164381821612
8373,Agathobaculum hominis,0,0.000164381821612
8373,Blautia_A schinkii_B,0,0.000164381821612
8373,Streptococcus mitis_BZ,0,0.0001606458711209
8373,Faecalimonas sp000209385,0,0.0001606458711209
8373,Mediterraneibacter sp900120155,0,0.0001606458711209
8373,Enterobacter cloacae,0,0.0001587778958753
8373,Pauljensenia sp938041695,0,0.0001569099206297
8373,Borkfalkia ceftriaxoniphila,0,0.0001569099206297
8373,CAG-492 sp000434335,0,0.0001531739701385
8373,Phocaeicola_A sp900765575,0,0.0001494380196473
8373,Streptococcus infantis,0,0.0001475700444017
8373,Scatosoma sp900552625,0,0.0001457020691561
8373,Roseburia hominis,0,0.0001457020691561
8373,Gabonibacter massiliensis,0,0.0001457020691561
8373,Guopingia tenuis,0,0.0001438340939105
8373,Neochristensenella sp900547955,0,0.0001438340939105
8373,Lachnospira eligens,0,0.0001419661186649
8373,Pseudoflavonifractor_A sp018917965,0,0.0001419661186649
8373,Enterocloster aldenensis,0,0.0001419661186649
8373,Merdimorpha sp003150615,0,0.0001419661186649
8373,Lachnospira sp900551945,0,0.0001400981434194
8373,Streptococcus gwangjuense_A,0,0.0001400981434194
8373,Rothia mucilaginosa_B,0,0.0001382301681738
8373,CAKTXU01 sp902492455,0,0.0001363621929282
8373,Dialister sp000434475,0,0.0001363621929282
8373,Duodenibacillus intestinigallinarum,0,0.0001363621929282
8373,Gemella sp947254465,0,0.0001344942176826
8373,Vescimonas sp003487665,0,0.0001344942176826
8373,Streptococcus sanguinis_N,0,0.0001307582671914
8373,Weissella fermenti,0,0.0001307582671914
8373,Phascolarctobacterium_A sp934203365,0,0.0001307582671914
8373,Fumia sp902493155,0,0.0001307582671914
8373,Collinsella sp902364645,0,0.0001307582671914
8373,Haemophilus_D parainfluenzae,0,0.0001307582671914
8373,Anaerotruncus rubiinfantis,0,0.0001288902919458
8373,Oscillibacter sp900544105,0,0.0001288902919458
8373,Streptococcus sp002355895,0,0.0001288902919458
8373,Bittarella massiliensis,0,0.0001288902919458
8373,QANA01 sp900554725,0,0.0001288902919458
8373,Harryflintia acetispora,0,0.0001270223167002
8373,Pauljensenia sp902373545,0,0.0001270223167002
8373,Bacteroides intestinalis,0,0.0001270223167002
8373,Prevotella sp900551275,0,0.0001251543414546
8373,Rothia mucilaginosa_C,0,0.0001251543414546
8373,Granulicatella sp041433555,0,0.0001251543414546
8373,Streptococcus sp030825805,0,0.000123286366209
8373,Intestinibacter bartlettii,0,0.0001214183909634
8373,Streptococcus sp963549015,0,0.0001214183909634
8373,CAKTXU01 sp934615635,0,0.0001214183909634
8373,Lachnospira sp003537285,0,0.0001214183909634
8373,HGM13222 sp900757485,0,0.0001214183909634
8373,Limivivens sp900066135,0,0.0001195504157178
8373,Citrobacter freundii,0,0.0001176824404722
8373,Oscillibacter sp902478785,0,0.0001176824404722
8373,Enterocloster citroniae,0,0.0001158144652267
8373,Coprococcus sp000433075,0,0.0001158144652267
8373,Coprobacillus cateniformis,0,0.0001158144652267
8373,Shuttleworthia satelles,0,0.0001139464899811
8373,Prevotella copri_C,0,0.0001139464899811
8373,Scardovia wiggsiae,0,0.0001139464899811
8373,QAKS01 sp003343685,0,0.0001120785147355
8373,Ruminococcoides intestinalis,0,0.0001102105394899
8373,Eggerthia catenaformis,0,0.0001102105394899
8373,Streptococcus whileyi,0,0.0001102105394899
8373,HGM10766 sp900757295,0,0.0001083425642443
8373,Desulfovibrio sp018379785,0,0.0001083425642443
8373,Butyricimonas paravirosa,0,0.0001083425642443
8373,Streptococcus sp001650315,0,0.0001064745889987
8373,Geddesella stercoravicola,0,0.0001064745889987
8373,Leuconostoc gelidum,0,0.0001046066137531
8373,Streptococcus timonensis,0,0.0001046066137531
8373,Johnsonella sp916438835,0,0.0001046066137531
8373,Mediterraneibacter sp019420405,0,0.0001027386385075
8373,Hominibacterium sp019420305,0,0.0001027386385075
8373,Eisenbergiella porci,0,0.0001027386385075
8373,Christensenella hongkongensis,0,0.0001008706632619
8373,Faecalibacterium intestinale,0,0.0001008706632619
8373,CAJFUH01 sp934717555,0,0.0001008706632619
8373,Streptococcus cristatus_B,0,0.0001008706632619
8373,Streptococcus sp027665725,0,0.0001008706632619
8373,Extibacter hylemonae,0,0.0001008706632619
8373,CAG-274 sp000432155,0,9.90026880163783e-05
8373,Metalachnospira sp900553995,0,9.90026880163783e-05
8373,Klebsiella quasivariicola,0,9.90026880163783e-05
8373,Streptococcus sanguinis_Y,0,9.713471277078624e-05
8373,Fournierella excrementavium,0,9.713471277078624e-05
8373,Streptococcus oralis_CS,0,9.52667375251942e-05
8373,Streptococcus salivarius_D,0,9.52667375251942e-05
8373,Clostridium_A sp959596515,0,9.52667375251942e-05
8373,Anaerotruncus colihominis,0,9.52667375251942e-05
8373,CAG-245 sp000434195,0,9.339876227960215e-05
8373,Enterococcus_B faecium,0,9.339876227960215e-05
8373,Ruminococcoides intestinihominis,0,9.339876227960215e-05
8373,Streptococcus infantis_L,0,9.339876227960215e-05
8373,UMGS856 sp900546265,0,9.339876227960215e-05
8915,Phocaeicola vulgatus,0.021043141513589,0.0113800912794508
8915,Blautia_A wexlerae,0.0184204325420802,0.0129537666123255
8915,Blautia_A faecis,0.0180311241791218,0.0136856355795102
8915,Fusicatenibacter saccharivorans,0.0176930406007634,0.01088851405471
8915,Bacteroides cellulosilyticus,0.0170612682573661,0.0107817177247345
8915,Agathobaculum butyriciproducens,0.0167129397220882,0.0098299739605412
8915,Blautia_A intestinihominis,0.014448804242778,0.0072731441781848
8915,Acetatifactor acetigignens,0.0142575650469381,0.0080301416936003
8915,Bacteroides uniformis,0.0136975074019811,0.0096587857257267
8915,Anthropogastromicrobium aceti,0.013564322962021,0.0091891959806886
8915,Paraprevotella clara,0.0128847408196645,0.0066920465003776
8915,Parabacteroides merdae,0.0128505909632648,0.008669349139189
8915,Roseburia rectibacter,0.0125159223705463,0.0054042084036146
8915,Parabacteroides distasonis,0.0119114699122679,0.0109905987818934
8915,Bariatricus comes,0.0118500001707482,0.0065805385676085
8915,Phocaeicola massiliensis,0.0117407206302693,0.0056931867082542
8915,Agathobacter faecis,0.011375317166791,0.0064768833061627
8915,Bacteroides eggerthii,0.0110099137033127,0.005865945477331
8915,Butyribacter intestini,0.0109279540479528,0.0052518665799731
8915,Otoolea fessa,0.0108630693207932,0.0076516429358926
8915,Enterocloster sp000431375,0.0103781413599154,0.0066904759661136
8915,Prevotella sp900313215,0.0101254324225558,0.0061360773707993
8915,Bacteroides thetaiotaomicron,0.0098624785282777,0.0097514472473245
8915,CAG-882 sp900545175,0.0096200145478388,0.0047665714922899
8915,Schaedlerella hominis,0.0094731701653193,0.0054795940483016
8915,Bacteroides caccae,0.0094117004237996,0.0076312259904573
8915,Blautia stercoris,0.0093877955243194,0.0047210259986239
8915,Coprococcus aceti,0.0092853459551192,0.005143499715732
8915,Mediterraneibacter faecis,0.0092580260700003,0.0062365915637171
8915,Mediterraneibacter lactaris,0.0091965563284795,0.0044461825023636
8915,Lachnospira eligens_A,0.00915899148644,0.0041462104578726
8915,Roseburia inulinivorans,0.0091077667018409,0.0069668899966379
8915,Phascolarctobacterium faecium,0.0090599569028807,0.0056994688453102
8915,Butyricimonas hominis,0.0090155620895603,0.0077929910196844
8915,Prevotella sp900548745,0.0090087321182806,0.0044681699820629
8915,Jutongia sp003524945,0.0089814122331606,0.0044524646394196
8915,Bacteroides xylanisolvens,0.0089233574772808,0.0090337130885174
8915,Lachnospira sp000437735,0.0089062825490815,0.0047995527118406
8915,Wujia hominis,0.0087355332670818,0.0047492956153809
8915,Hominilimicola fabiformis,0.0086979684250422,0.0047116027930365
8915,Bacteroides sp900557355,0.0085408790856032,0.0068742284750418
8915,Streptococcus salivarius,0.0085408790856032,0.005140358647204
8915,Agathobacter rectalis,0.0084350145307631,0.0066009555130455
8915,Dorea_A sp019421265,0.0084213545882036,0.0053806503896479
8915,Eubacterium_F sp003491505,0.0083667148179636,0.0043943548716399
8915,Prevotella stercorea,0.0083496398897632,0.0047367313412672
8915,Lachnospira sp900551945,0.0082574352774837,0.0041933264858026
8915,CAG-115 sp003531585,0.0080525361390855,0.0041383577865509
8915,Hominisplanchenecus faecis,0.0079159367134855,0.0044540351736853
8915,Hominiventricola aquisgranensis,0.0076598127904872,0.006776855350652
8915,Ruminococcus_C sp000433635,0.0072534294993283,0.0038179687966246
8915,Gemmiger qucibialis,0.0071953747434485,0.0053822209239136
8915,CAG-303 sp000437755,0.0070860952029685,0.0042592889249057
8915,Cryptobacteroides sp900544195,0.007048530360929,0.0041634863347799
8915,Roseburia_C amylophila,0.0068504611938104,0.0044163423513409
8915,Faecalibacillus intestinalis,0.0067070317969308,0.0046849037105435
8915,Coprococcus_A catus,0.0065362825149311,0.0042231666368253
8915,Odoribacter splanchnicus,0.0065089626298112,0.0065506984165858
8915,Catenibacterium mitsuokai,0.0064918877016119,0.003271422872632
8915,Limisoma sp000437795,0.0064167580175316,0.0035839591912367
8915,Anaerostipes hadrus,0.0063108934626926,0.0063402468251646
8915,Gemmiger sp900540595,0.0062630836637324,0.0034269057648015
8915,Pilosibacter sp900066785,0.0062425937498932,0.0066543536780332
8915,Blautia_A obeum,0.0062323487929725,0.0067454446653653
8915,Bacteroides ovatus,0.0061230692524937,0.0107267490254828
8915,Oliverpabstia tarda,0.0059693948986934,0.0044995806673513
8915,Parasutterella gallistercoris,0.0059318300566538,0.003249435392931
8915,Eubacterium_I ramulus_A,0.0057508358177346,0.0049063490418161
8915,Clostridium sp000435835,0.005713270975695,0.0045906716546834
8915,Ruminococcoides intestinalis,0.0056483862485354,0.0031913256251496
8915,Eubacterium_I ramulus,0.0056142363921357,0.0036844733841544
8915,Suilimivivens sp000438155,0.0052146830722566,0.0047445840125889
8915,Eubacterium_G sp000435815,0.0051600433020177,0.0039153419210144
8915,Oscillibacter segnis,0.0051190634743372,0.0076689188128016
8915,Brotaphodocola sp003480315,0.0050473487758979,0.0050681140710432
8915,Gemmiger sp900539695,0.0050268588620577,0.0053351048959818
8915,CAG-492 sp000434335,0.0049175793215788,0.0024673093292865
8915,Blautia_A fusiformis,0.0048731845082584,0.0046346466140838
8915,Dorea formicigenerans,0.0047741499246992,0.0044336182282482
8915,Laedolimicola intestinihominis,0.0046443804703801,0.0041964675543323
8915,UBA3402 sp003478355,0.0044907061165797,0.0067470151996293
8915,Acetatifactor hominis,0.0044121614468607,0.0032855576810114
8915,Bilophila wadsworthia,0.0043848415617407,0.0064658895663113
8915,CAG-217 sp000436335,0.0041731124520617,0.0023495192594614
8915,Ruminococcus_C callidus,0.0041423775813018,0.004507433338673
8915,Roseburia intestinalis,0.0041048127392623,0.0072323102873125
8915,Agathobaculum hominis,0.0038896686439422,0.0036153698765234
8915,Hominicoprocola sp934835795,0.0038794236870226,0.0025112842886886
8915,CAG-269 sp001916035,0.0038281989024225,0.0021987479700839
8915,Alistipes shahii,0.0037496542327035,0.0051450702499959
8915,Gallintestinimicrobium propionicum,0.0036915994768237,0.0048105464516903
8915,Claveliimonas ammoniilytica,0.0036506196491443,0.0036153698765234
8915,CAG-245 sp000434195,0.0036335447209439,0.0017480046362154
8915,Faecalibacterium prausnitzii_E,0.0034901153240642,0.0036122288079954
8915,Dorea_A amylophila,0.0034764553815048,0.0012737032883846
8915,UBA10677 sp003533505,0.0034423055251051,0.0021704783533252
8915,Gemmiger formicilis,0.0034218156112648,0.0048670856852077
8915,Lachnospira sp000436535,0.0033774207979444,0.0040205677167258
8915,Romboutsia timonensis,0.0033159510564247,0.0048498098083004
8915,Vescimonas sp000435555,0.0032988761282254,0.0029871561707861
8915,Brotaphodocola sp003478505,0.0032852161856648,0.0046283644770261
8915,Alistipes senegalensis,0.003281801200025,0.004251436253584
8915,Angelakisella sp900547385,0.003230576415426,0.0027390117570188
8915,HGM10766 sp900757295,0.0031861816021056,0.001534411976266
8915,CAG-302 sp900543825,0.003175936645186,0.0014464620574627
8915,UBA11524 sp000437595,0.003175936645186,0.004229448773883
8915,Collinsella sp900543645,0.0031349568175055,0.0017181644851945
8915,Alistipes finegoldii,0.0031042219467456,0.0042859880073987
8915,Hominiventricola filiformis,0.0030325072483064,0.0031253631860482
8915,Pilosibacter sp900066055,0.0029676225211468,0.004579677914832
8915,CAG-269 sp000437215,0.0029403026360268,0.0024516039866431
8915,Alistipes communis,0.0028583429806668,0.0042922701444564
8915,Parasutterella excrementihominis,0.0028241931242671,0.003923194592336
8915,Choladousia sp902363135,0.0028071181960678,0.0035007208752262
8915,CAG-269 sp001916065,0.0027456484545481,0.0021139391198095
8915,Hominicoprocola fusiformis,0.0027285735263477,0.0046503519567271
8915,Blautia_A intestinalis,0.0026124640145881,0.0048482392740346
8915,Muricoprocola shaoxingensis,0.0025988040720286,0.0036813323156264
8915,Evtepia sp004556345,0.0025817291438282,0.0023463781909317
8915,Vescimonas sp900548615,0.0025236743879484,0.0036499216303398
8915,Hominimerdicola aceti,0.0024724496033483,0.0041603452662519
8915,CAG-269 sp900551615,0.0024246398043891,0.0018752179116279
8915,Eubacterium_G ventriosum,0.0024143948474695,0.0032572880642527
8915,Vescimonas sp003487665,0.0023939049336293,0.0025065726858949
8915,CAG-269 sp900556345,0.0023904899479894,0.0021202212568654
8915,CAKRPJ01 sp934376955,0.00232219023519,0.0019914374471907
8915,CAG-302 sp934162325,0.0021548559388302,0.0017495751704811
8915,Enterocloster sp900541315,0.0021411959962708,0.0041195113753796
8915,Coprococcus ammoniilyticus,0.0020831412403909,0.003249435392931
8915,Negativibacillus sp000435195,0.00207972625475,0.0027751340450992
8915,Vescimonas coprocola,0.002028501470151,0.0029573160197634
8915,Anaerotignum_A faecicola,0.0019055619871116,0.0039608874146804
8915,Apopatocola sp003522945,0.0018440922455919,0.0036907555212121
8915,Fimenecus sp000432435,0.0017518876333123,0.0027154537430538
8915,Vescimonas sp000435975,0.0017211527625525,0.0028662250324313
8915,Vescimonas sp900550615,0.0016835879205118,0.0019710205017537
8915,CAG-433 sp019423565,0.001625533164632,0.0017637099788605
8915,Blautia_A sp900066355,0.0016118732220726,0.0023495192594614
8915,Blautia_A sp005848555,0.0015777233656728,0.0033970656137788
8915,Parabacteroides goldsteinii,0.0015435735092731,0.0045278502841083
8915,CAG-170 sp937967235,0.0015333285523525,0.0038258214679463
8915,Muricoprocola aceti,0.0015094236528734,0.0024688798635505
8915,Butyricimonas virosa,0.0015025936815926,0.0038399562763256
8915,Hominenteromicrobium mulieris,0.0014752737964726,0.0033719370655498
8915,Anaerotardibacter sp000435475,0.001465028839553,0.002266280943451
8915,Choladousia sp902363665,0.0014513688969936,0.0031206515832545
8915,Victivallis lenta,0.0014411239400729,0.004227878239619
8915,Mailhella sp944324615,0.0013284294139542,0.0028944946491883
8915,Pilosibacter fragilis,0.0013011095288342,0.0027986920590642
8915,QAKL01 sp003343815,0.0012908645719135,0.0020307008037991
8915,CAG-238 sp900542245,0.0012123199021945,0.0028473786212582
8915,Blautia_A acetigignens,0.0011952449739941,0.0037881286456019
8915,Suilimivivens aceti,0.0011850000170746,0.0027719929765695
8915,HGM13006 sp900757695,0.001171340074514,0.0030436954043018
8915,Faecalibacterium prausnitzii_I,0.0011645101032343,0.0028206795387652
8915,Adlercreutzia equolifaciens,0.0011610951175944,0.0026227922214577
8915,CAG-302 sp000431795,0.001147435175035,0.0017448635676874
8915,Butyricimonas faecihominis,0.001144020189394,0.0028756482380169
8915,CAG-245 sp000435175,0.0011406052037542,0.0018500893633989
8915,Lawsonibacter sp900549405,0.0011269452611947,0.0022819862860943
8915,Faecalibacterium prausnitzii,0.0010893804191553,0.0027405822912828
8915,Streptococcus hominis,0.0010688905053154,0.0017008886082867
8915,UBA4285 sp900545225,0.0010484005914755,0.0016176502922764
8915,Streptococcus salivarius_D,0.0010449856058355,0.000826101023046
8915,Faecousia sp900544405,0.0010415706201955,0.0026337859613073
8915,CAG-170 sp000432135,0.0010381556345555,0.0031127989119328
8915,Alistipes onderdonkii,0.0010176657207156,0.0028725071694872
8915,Hominicoprocola sp900317525,0.0010176657207156,0.0028489491555222
8915,Scatosoma sp003150575,0.0010108357494356,0.0022537166693356
8915,Bacteroides bouchesdurhonensis,0.0009561959791959,0.0025662529879403
8915,Slackia sp900555495,0.000932291079716,0.0021374971337745
8915,Faecalibacterium duncaniae,0.000925461108436,0.0031332158573699
8915,Collinsella sp905214465,0.0009049711945961,0.0004099094429943
8915,Limiplasma sp900548145,0.0008708213381962,0.0026918957290888
8915,CAG-449 sp900551385,0.0008503314243563,0.0011684774926734
8915,Bacteroides clarus,0.0008332564961564,0.0019741615702816
8915,Mediterraneibacter_A butyricigenes,0.0008195965535964,0.0019066285969146
8915,Anaerobutyricum hallii,0.0008093515966765,0.0021265033939231
8915,Oscillibacter welbionis,0.0007922766684766,0.0030342721987161
8915,Pseudoscillospira sp018369915,0.0007820317115566,0.0018705063088359
8915,Vescimonas sp934623575,0.0007649567833567,0.0014605968658418
8915,CAG-345 sp000433315,0.0007581268120767,0.0014794432770139
8915,Pararoseburia lenta,0.0007581268120767,0.0023573719307831
8915,Prevotella sp015074785,0.0007547118264367,0.005212603223363
8915,Maccoya intestinihominis,0.0007478818551567,0.0020919516401085
8915,Oscillibacter faecalis_A,0.0007444668695168,0.0022003185043479
8915,UMGS1696 sp900554225,0.0007444668695168,0.0020401240093847
8915,CAG-103 sp900543625,0.0007444668695168,0.0018815000486856
8915,Laedolimicola ammoniilytica,0.0007376368982368,0.0018893527200072
8915,Gemella sanguinis,0.0007308069269568,0.001243863137362
8915,Lentihominibacter faecis,0.0007137319987569,0.0019129107339722
8915,Hominicoprocola sp003522105,0.0007137319987569,0.0017699921159164
8915,Flavonifractor plautii,0.000700072056197,0.003269852338368
8915,Lentihominibacter butyricus,0.000682997127997,0.0015548289217025
8915,CAG-170 sp002404795,0.0006590922285171,0.002289838957416
8915,Mediterraneibacter torques,0.0006590922285171,0.0019081991311803
8915,CAG-448 sp003150135,0.0006522622572372,0.0019144812682362
8915,Lawsonibacter faecis_A,0.0006488472715972,0.0018343840207555
8915,Lawsonibacter aceti,0.0006488472715972,0.0019207634052939
8915,UBA11452 sp003526375,0.0006420173003172,0.0025159958914822
8915,Acetatifactor intestinalis,0.0006351873290372,0.0012485747401551
8915,Phascolarctobacterium sp900545535,0.0006215273864773,0.0016741895257928
8915,Enterocloster sp900543885,0.0006010374726374,0.0017652805131244
8915,Gemmiger sp900540775,0.0005976224869974,0.0014715906056922
8915,Collinsella sp900548295,0.0005805475587975,0.0005748155407506
8915,Faecalibacterium sp900539945,0.0005703026018775,0.0025364128369176
8915,Laedolimicola hominis,0.0005703026018775,0.0013789290840958
8915,Vescimonas sp003539495,0.0005634726305975,0.0018218197466402
8915,Brotaphodocola sp003481825,0.0005498126880376,0.0014040576323253
8915,Bacteroides intestinalis,0.0005498126880376,0.0005229879100272
8915,Blautia_A sp900551715,0.0005429827167576,0.0021924658330262
8915,Ruthenibacterium lactatiformans,0.0005429827167576,0.0017872679928255
8915,CAG-313 sp003539625,0.0005259077885577,0.0012093113835464
8915,Oscillibacter sp944387035,0.0005259077885577,0.0017731331844461
8915,Cryptobacteroides sp000433355,0.0005224928029177,0.0003266711269839
8915,Vescimonas fastidiosa,0.0005020028890778,0.0017951206641472
8915,Roseburia hominis,0.0004917579321578,0.0015014307567148
8915,Faecousia intestinalis,0.0004815129752379,0.0017809858557678
8915,Escherichia coli,0.0004678530326779,0.0024877262747235
8915,Streptococcus sp001072385,0.0004678530326779,0.000871646516712
8915,Hominibacterium hominis,0.000461023061398,0.0010020008606527
8915,Zhenhengia yiwuensis,0.000450778104478,0.0002057399886293
8915,UMGS882 sp900757905,0.000450778104478,0.0014166219064401
8915,UBA7173 sp902836725,0.000447363118838,0.0015548289217025
8915,HGM13222 sp900757485,0.000447363118838,0.0017935501298814
8915,Spyradocola sp905193155,0.000443948133198,0.0017338698278378
8915,Holdemania massiliensis,0.000443948133198,0.0017024591425511
8915,Lachnoclostridium_A edouardi,0.0004371181619181,0.0013004023708785
8915,Streptococcus vestibularis,0.0004337031762781,0.000835524228632
8915,Oliverpabstia intestinalis,0.0004302881906381,0.0001256427411476
8915,Phocaeicola dorei,0.0004302881906381,0.0013459478645445
8915,Allisonella histaminiformans,0.0004200432337182,0.0011559132185586
8915,Clostridium lentum,0.0004200432337182,0.0011150793276856
8915,Scatosoma sp900552625,0.0004166282480782,0.0011794712325238
8915,Scatomonas hejianensis,0.0004166282480782,0.0010726749025483
8915,RGIG3102 sp934526065,0.0004166282480782,0.0013930638924749
8915,Congzhengia minquanensis,0.0004097982767982,0.0010915213137205
8915,CAG-170 sp900545925,0.0004097982767982,0.001611368155219
8915,Bacteroides salyersiae,0.0003927233485983,0.0011072266563639
8915,Oscillibacter sp900550685,0.0003893083629583,0.001407198700854
8915,Collinsella sp900546775,0.0003790634060383,0
8915,Oscillibacter sp900763685,0.0003756484203983,0.0008449474342181
8915,Faecalibacterium taiwanense,0.0003688184491184,0.0017574278418028
8915,Alistipes_A hominis,0.0003654034634784,0.0008857813250911
8915,CAG-433 sp000433675,0.0003551585065584,9.894365865380082e-05
8915,Limivivens faecihominis,0.0003517435209184,0.0015611110587599
8915,Oscillibacter sp900544105,0.0003312536070785,0.0010067124634458
8915,Faecalibacterium longum,0.0003244236357986,0.0025285601655959
8915,Hominifimenecus microfluidus,0.0003141786788786,0.0010381231487327
8915,Stoquefichus sp001244545,0.0003107636932386,0.000381639826236
8915,Prevotella sp000434975,0.0003073487075986,0.0020589704205561
8915,Massiliimalia massiliensis,0.0003039337219586,0.0006690475966114
8915,Oscillibacter faecalis,0.0003005187363187,0.0011857533695812
8915,Faecousia sp900547405,0.0002971037506787,0.0012705622198559
8915,Streptococcus anginosus,0.0002936887650387,0.0004962888275333
8915,Streptococcus rubneri,0.0002936887650387,0.0009454616271363
8915,Collinsella sp900543505,0.0002936887650387,0.0001790409061354
8915,Brotaphodocola sp003506385,0.0002834438081187,0.0008889223936198
8915,Blautia_A sp934394595,0.0002766138368388,0.0010820981081344
8915,Blautia_A ammoniilytica,0.0002697838655588,0.0013883522896819
8915,Brotonthovivens sp905193415,0.0002697838655588,0.000789978734966
8915,CAKTXU01 sp934615635,0.0002697838655588,0.0010695338340196
8915,Mogibacterium diversum_A,0.0002595389086388,0.0004931477590046
8915,Pauljensenia sp905370305,0.0002561239229989,0
8915,Paludihabitans sp900543295,0.0002561239229989,0.000866934913919
8915,UMGS1312 sp900550625,0.0002561239229989,0.0008794991880337
8915,Phil1 sp001940855,0.0002561239229989,0.000912480407585
8915,Dielma fastidiosa,0.0002527089373589,0.0005371227184063
8915,Streptococcus sanguinis_A,0.0002492939517189,0.0003973451688795
8915,Raoultibacter timonensis,0.0002492939517189,0.0007067404189557
8915,UBA3818 sp900557155,0.0002492939517189,0.0013161077135219
8915,Bacteroides sp900552405,0.0002424639804389,0.0001649060977563
8915,Streptococcus sp001556435,0.0002424639804389,0.0002465738795023
8915,Bacteroides nordii,0.0002390489947989,0.0010601106284335
8915,Streptococcus ilei,0.0002356340091589,0.000458596005189
8915,HGM11808 sp900757025,0.000228804037879,0.0006360663770601
8915,Limiplasma merdipullorum,0.000228804037879,0.000794690337759
8915,Hungatella effluvii,0.000228804037879,0.0006926056105766
8915,Acetatifactor sp945929965,0.000225389052239,0.0001554828921702
8915,Butyribacter sp000436755,0.000225389052239,0.0001130784670329
8915,UBA737 sp900549055,0.000225389052239,0.0010224178060892
8915,Collinsella sp938033205,0.000225389052239,0
8915,QAKD01 sp944386585,0.000225389052239,0.0010475463543188
8915,Phocaeicola_A sp900765575,0.000221974066599,0.0004680192107751
8915,Vescimonas cirricatena,0.000221974066599,0.0001963167830432
8915,Lientehia sp934351765,0.000221974066599,0.000989436586538
8915,Faecalibacterium wellingii,0.000215144095319,0.0012768443569133
8915,Lawsonibacter sp905215425,0.0002083141240391,0.0008920634621485
8915,Streptococcus symci,0.0002083141240391,0
8915,Pauljensenia sp902373545,0.0002048991383991,0.0005512575267854
8915,Faecousia sp900544945,0.0002014841527591,0.0010444052857901
8915,Prevotella copri_C,0.0002014841527591,0.0001036552614468
8915,UMGS1338 sp900550805,0.0002014841527591,0.0007978314062877
8915,Dorea_A longicatena,0.0002014841527591,0.0005575396638428
8915,Parabacteroides bouchesdurhonensis,0.0001946541814791,0.0007004582818983
8915,Faecousia sp900544705,0.0001912391958391,0.0005261289785559
8915,Oscillibacter sp004553545,0.0001878242101991,0.0011998881779603
8915,Clostridium_AQ innocuum,0.0001878242101991,0.0006140788973593
8915,Bifidobacterium adolescentis,0.0001844092245592,0.00233852551961
8915,Lawsonibacter asaccharolyticus,0.0001844092245592,0.0005968030204514
8915,Streptococcus parasanguinis,0.0001844092245592,0.0003455175381561
8915,JAGTTR01 sp018223385,0.0001809942389192,0.000830812625839
8915,Collinsella sp019414565,0.0001809942389192,0
8915,Faecalicatena contorta,0.0001809942389192,0.0004256147856377
8915,Faecimorpha sp900764045,0.0001775792532792,0.0004318969226951
8915,Blautia_A sp900548245,0.0001741642676392,0
8915,Flemingiibacterium sp900546315,0.0001741642676392,0.0006926056105766
8915,Vescimonas sp900545585,0.0001707492819992,0.0001146490012972
8915,Blautia_A sp003471165,0.0001707492819992,0.0011135087934213
8915,Prevotella copri_A,0,0.0013962049610036
8915,Phocaeicola coprocola,0,0.0009674491068371
8915,Lachnospira rogosae,0,0.0009313268187572
8915,Bifidobacterium pseudocatenulatum,0,0.0008700759824477
8915,Bacteroides stercoris,0,0.0008119662146669
8915,Clostridium_A leptum,0,0.000789978734966
8915,Bifidobacterium bifidum,0,0.0007648501867365
8915,CAG-103 sp900757655,0,0.0007302984329209
8915,Ruminococcus_B gnavus,0,0.0007208752273348
8915,Enterocloster aldenensis,0,0.0006816118707261
8915,Faecalicatena contortus_B,0,0.0006690475966114
8915,UMGS902 sp003343845,0,0.0006690475966114
8915,Agathobaculum ammoniilyticum,0,0.0006533422539679
8915,Anaerotruncus rubiinfantis,0,0.0006360663770601
8915,Metalachnospira sp900553995,0,0.0006297842400027
8915,Eubacterium_R sp000436835,0,0.0006297842400027
8915,Neoanaerotignum_A sp944377425,0,0.0006235021029453
8915,UMGS911 sp902462015,0,0.0006125083630949
8915,UMGS856 sp900546265,0,0.0006093672945662
8915,Yeguia hominis,0,0.0006062262260375
8915,Prevotella copri_N,0,0.0005952324861871
8915,51-20 sp001917175,0,0.0005889503491297
8915,Oscillibacter sp934574045,0,0.0005842387463367
8915,CAG-170 sp934613505,0,0.0005622512666358
8915,Merdimmobilis hominis,0,0.0005591101981071
8915,Enterocloster bolteae,0,0.0005418343211993
8915,Lawsonibacter sp900550705,0,0.0005418343211993
8915,Faecousia sp958436045,0,0.0005339816498776
8915,Mediterraneibacter_A sp934418295,0,0.0005261289785559
8915,AF33-28 sp003477885,0,0.0005104236359124
8915,Vescimonas sp900547745,0,0.0005057120331194
8915,Blautia_A difficilis,0,0.0004978593617976
8915,Prevotella rara,0,0.0004915772247403
8915,Oliverpabstia faecicola,0,0.0004900066904759
8915,Holdemania filiformis,0,0.0004900066904759
8915,Streptococcus gordonii,0,0.0004868656219472
8915,Rothia sp916720455,0,0.0004852950876829
8915,SFEL01 sp004557245,0,0.0004758718820968
8915,CAG-882 sp003486385,0,0.0004664486765107
8915,Pauljensenia bouchesdurhonensis,0,0.0004413201282812
8915,Bianquea renquensis,0,0.0004397495940168
8915,Bifidobacterium longum,0,0.000422473717109
8915,Lactonifactor sp009677585,0,0.0004193326485803
8915,CAG-269 sp003525075,0,0.000417762114316
8915,Bacteroides finegoldii,0,0.0004051978402012
8915,Mediterraneibacter sp900541505,0,0.0004020567716725
8915,Streptococcus parasanguinis_C,0,0.0003942041003508
8915,QANA01 sp947063485,0,0.0003832103605004
8915,Eubacterium_B sulci,0,0.0003753576891787
8915,Collinsella sp003466125,0,0.0003690755521213
8915,Acutalibacter sp900548545,0,0.0003675050178569
8915,CAG-170 sp900549635,0,0.0003596523465352
8915,Haemophilus_D parainfluenzae,0,0.0003596523465352
8915,UMGS1484 sp900552285,0,0.0003486586066848
8915,Butyribacter sp003529475,0,0.0003455175381561
8915,HGM12713 sp900754175,0,0.0003423764696274
8915,Parabacteroides segnis,0,0.0003392354010987
8915,Dialister hominis,0,0.0003376648668343
8915,HGM14224 sp900761905,0,0.0003298121955126
8915,Coprococcus_A intestinihominis,0,0.0003156773871335
8915,Prevotella sp934191715,0,0.0003141068528692
8915,Christensenella minuta,0,0.0003109657843405
8915,Alistipes_A indistinctus,0,0.0003046836472831
8915,Weissella confusa,0,0.0002984015102257
8915,Butyribacter hominis,0,0.0002921193731683
8915,UMGS1975 sp900751745,0,0.0002826961675822
8915,CALXSV01 sp944391235,0,0.0002717024277318
8915,Lachnospira sp900545725,0,0.0002701318934675
8915,CAKTXU01 sp902492455,0,0.0002622792221457
8915,Blautia_A sp900120195,0,0.0002607086878814
8915,CAG-449 sp905204225,0,0.000259138153617
8915,Pygmaiobacter hominis,0,0.0002559970850884
8915,Intestinimonas butyriciproducens,0,0.000254426550824
8915,Pauljensenia sp000278725,0,0.000254426550824
8915,CALWRB01 sp944381395,0,0.000254426550824
8915,Alistipes putredinis,0,0.0002528560165597
8915,HGM13862 sp944393575,0,0.000249714948031
8915,Ruthenibacterium intestinale,0,0.0002481444137666
8915,Propionibacterium acidifaciens,0,0.0002465738795023
8915,Gabonibacter massiliensis,0,0.0002418622767092
8915,Prevotella sp002265625,0,0.0002340096053875
8915,Dorea_A longicatena_C,0,0.0002340096053875
8915,Bulleidia sp015256455,0,0.0002308685368588
8915,Lawsonibacter_A hominis,0,0.0002308685368588
8915,Dorea_D hominis,0,0.0002230158655371
8915,CAG-170 sp902796245,0,0.0002230158655371
8915,Collinsella sp905214285,0,0.0002198747970084
8915,Blautia_A schinkii_B,0,0.0002198747970084
8915,Eubacterium_U album,0,0.0002120221256867
8915,Avoscillospira_A sp019422005,0,0.0002120221256867
8915,Bulleidia moorei,0,0.0002120221256867
8915,Streptococcus pseudopneumoniae_S,0,0.0002120221256867
8915,Weissella cibaria,0,0.0002104515914223
8915,Aphodocola sp000434835,0,0.000208881057158
8915,Ruminococcoides intestinale,0,0.0002057399886293
8915,Extibacter hylemonae,0,0.0002041694543649
8915,Veillonella parvula_A,0,0.0002041694543649
8915,Eisenbergiella tayi,0,0.0002025989201006
8915,Anaerotruncus colihominis,0,0.0001994578515719
8915,Faecalibacterium intestinale,0,0.0001994578515719
8915,Actinomyces sp915069725,0,0.0001994578515719
8915,Oscillibacter sp900115635,0,0.0001963167830432
8915,Lactococcus_A plantarum_A,0,0.0001947462487789
8915,Bacteroides hominis,0,0.0001947462487789
8915,Gallalistipes aquisgranensis,0,0.0001916051802502
8915,Haemophilus_D sp905205995,0,0.0001916051802502
8915,Merdivicinus sp900555435,0,0.0001884641117215
8915,Prevotella copri_E,0,0.0001853230431928
8915,Streptococcus mutans,0,0.0001837525089284
8915,Prevotella sp963587495,0,0.0001806114403997
8915,Lancefieldella sp024691995,0,0.0001790409061354
8915,Streptococcus sp963540685,0,0.000172758769078
8915,Eubacterium_B infirmum,0,0.000172758769078
8915,Anaerotardibacter sp900542525,0,0.0001696177005493
8915,Christensenella hongkongensis,0,0.0001696177005493
8915,JAHZEH01 sp019421925,0,0.000168047166285
8915,CAKUFI01 sp934647305,0,0.0001664766320206
8915,Alistipes provencensis,0,0.0001649060977563
8915,Massiliimalia timonensis,0,0.0001649060977563
8915,Guopingia tenuis,0,0.0001633355634919
8915,Veillonella tobetsuensis,0,0.0001633355634919
8915,Bifidobacterium dentium,0,0.0001633355634919
8915,Zongyangia gallinarum,0,0.0001586239606989
8915,Hominicoprocola sp037419475,0,0.0001554828921702
8915,Coprococcus sp000433075,0,0.0001554828921702
8915,Pauljensenia sp963531605,0,0.0001554828921702
8915,JAFBIO01 sp021531255,0,0.0001554828921702
8915,QAKW01 sp003343605,0,0.0001554828921702
8915,Dialister sp000434475,0,0.0001554828921702
8915,Oscillibacter sp900544615,0,0.0001539123579059
8915,Aphodovivens avicola,0,0.0001507712893772
8915,UBA5905 sp900763035,0,0.0001507712893772
8915,UBA644 sp900547165,0,0.0001492007551128
8915,Streptococcus australis_C,0,0.0001492007551128
8915,Collinsella sp014871745,0,0.0001476302208485
8915,Eggerthella lenta,0,0.0001476302208485
8915,Actinomyces sp915063485,0,0.0001476302208485
8915,Bittarella massiliensis,0,0.0001460596865841
8915,Angelakisella massiliensis,0,0.0001460596865841
8915,Peptostreptococcus stomatis,0,0.0001444891523198
8915,Youxingia wuxianensis,0,0.0001429186180554
8915,Collinsella sp900549715,0,0.0001413480837911
8915,Eubacterium_B sp938049335,0,0.0001413480837911
8915,Streptococcus sanguinis_K,0,0.0001397775495267
8915,Blautia_A sp900066335,0,0.0001397775495267
8915,CAG-177 sp003514385,0,0.0001397775495267
8915,Duodenibacillus intestinigallinarum,0,0.0001382070152624
8915,Lachnospira sp000436475,0,0.0001382070152624
8915,CAKRHR01 sp934339005,0,0.0001382070152624
8915,Hominiventricola sp018223365,0,0.0001366364809981
8915,Streptococcus infantis_H,0,0.0001366364809981
8915,Enterocloster citroniae,0,0.0001350659467337
8915,Klebsiella pneumoniae,0,0.0001350659467337
8915,Corynebacterium durum,0,0.0001334954124694
8915,Streptococcus sinensis,0,0.000131924878205
8915,Faecalimonas sp000209385,0,0.0001303543439407
8915,Eubacterium_P hominis,0,0.0001303543439407
8915,Bacteroides vicugnae,0,0.0001287838096763
8915,Faecalibacillus faecis,0,0.000127213275412
8915,Lachnospira hominis,0,0.0001225016726189
8915,Mediterraneibacter sp900120155,0,0.0001225016726189
8915,Anaerobutyricum soehngenii,0,0.0001209311383546
8915,Streptococcus infantarius,0,0.0001193606040902
8915,Veillonella sp900552445,0,0.0001193606040902
8915,Faecimorpha sp963627615,0,0.0001177900698259
8915,Streptococcus constellatus,0,0.0001177900698259
8915,Butyricimonas paravirosa,0,0.0001162195355616
8915,Megamonas funiformis,0,0.0001146490012972
8915,Instestinimonas_A celer,0,0.0001130784670329
8915,Collinsella aerofaciens_O,0,0.0001130784670329
8915,Prevotella sp900551275,0,0.0001115079327685
8915,Ruminococcus_C sp000980705,0,0.0001115079327685
8915,Faecivicinus sp900553265,0,0.0001099373985042
8915,Enterococcus faecalis,0,0.0001099373985042
8915,Leuconostoc pseudomesenteroides,0,0.0001099373985042
8915,Granulicatella sp015264885,0,0.0001067963299755
8915,Lactococcus_A raffinolactis,0,0.0001067963299755
8915,Pauljensenia sp916438945,0,0.0001067963299755
8915,Coprobacillus cateniformis,0,0.0001067963299755
8915,Phocaeicola sp011959205,0,0.0001052257957111
8915,Anthropogastromicrobium sp934292725,0,0.0001052257957111
8915,Arachnia rubra,0,0.0001052257957111
8915,Gemmiger sp944388125,0,0.0001036552614468
8915,Streptococcus sp000314795,0,0.0001036552614468
8915,Streptococcus oralis_CP,0,0.0001020847271824
8915,Enterocloster asparagiformis,0,0.0001020847271824
8915,Nanosynbacter sp900556355,0,9.894365865380082e-05
8915,Neoanaerotignum sp944378105,0,9.894365865380082e-05
8915,QANA01 sp910588425,0,9.894365865380082e-05
8915,COE1 sp001916965,0,9.894365865380082e-05
8915,Streptococcus salivarius_E,0,9.737312438945475e-05
8915,Bulleidia sp015256775,0,9.737312438945475e-05
8915,Hominibacterium faecale,0,9.737312438945475e-05
8915,Pauljensenia sp900554605,0,9.580259012510872e-05
8915,Lawsonibacter sp900754605,0,9.423205586076269e-05
8915,Rothia sp001808955,0,9.266152159641664e-05
8915,Vescimonas sp900552725,0,9.266152159641664e-05
8915,Actinomyces sp000220835,0,9.266152159641664e-05
8915,Collinsella sp003439125,0,9.10909873320706e-05
8915,Streptococcus mitis_BM,0,9.10909873320706e-05
8915,Prevotella sinensis,0,9.10909873320706e-05
8915,Granulicatella adiacens,0,9.10909873320706e-05
8915,QAND01 sp003150225,0,8.952045306772456e-05
8915,Ruthenibacterium merdipullorum,0,8.794991880337848e-05
8915,Streptococcus sp902460355,0,8.794991880337848e-05
8915,UMGS1975 sp900546685,0,8.794991880337848e-05
8915,Heritagella sp019418545,0,8.637938453903245e-05
8915,Mailhella massiliensis,0,8.637938453903245e-05
8915,CALXSR01 sp944391215,0,8.48088502746864e-05
8915,Avimonas_A narfae,0,8.323831601034035e-05
8915,Peptostreptococcus sp900759325,0,8.323831601034035e-05
8915,RUG13868 sp934100165,0,8.323831601034035e-05
8915,Streptococcus xiaochunlingii,0,8.166778174599432e-05
8915,Leuconostoc lactis,0,8.166778174599432e-05
8915,Aphodoplasma sp900550065,0,8.009724748164827e-05
8915,Veillonella sp905209685,0,8.009724748164827e-05
8915,Blautia_A sp934424575,0,8.009724748164827e-05
8915,Collinsella sp900553345,0,8.009724748164827e-05
8915,Scardovia wiggsiae,0,8.009724748164827e-05
8915,Enterenecus sp934675115,0,8.009724748164827e-05
8915,Mediterraneibacter sp934330165,0,7.852671321730223e-05
8915,Collinsella provencensis,0,7.852671321730223e-05
8915,CAG-103 sp000432375,0,7.852671321730223e-05
8915,CAG-274 sp000432155,0,7.852671321730223e-05
8915,Phocaeicola vulgatus,0.021043141513589,0.0113800912794508
8915,Blautia_A wexlerae,0.0184204325420802,0.0129537666123255
8915,Blautia_A faecis,0.0180311241791218,0.0136856355795102
8915,Fusicatenibacter saccharivorans,0.0176930406007634,0.01088851405471
8915,Bacteroides cellulosilyticus,0.0170612682573661,0.0107817177247345
8915,Agathobaculum butyriciproducens,0.0167129397220882,0.0098299739605412
8915,Blautia_A intestinihominis,0.014448804242778,0.0072731441781848
8915,Acetatifactor acetigignens,0.0142575650469381,0.0080301416936003
8915,Bacteroides uniformis,0.0136975074019811,0.0096587857257267
8915,Anthropogastromicrobium aceti,0.013564322962021,0.0091891959806886
8915,Paraprevotella clara,0.0128847408196645,0.0066920465003776
8915,Parabacteroides merdae,0.0128505909632648,0.008669349139189
8915,Roseburia rectibacter,0.0125159223705463,0.0054042084036146
8915,Parabacteroides distasonis,0.0119114699122679,0.0109905987818934
8915,Bariatricus comes,0.0118500001707482,0.0065805385676085
8915,Phocaeicola massiliensis,0.0117407206302693,0.0056931867082542
8915,Agathobacter faecis,0.011375317166791,0.0064768833061627
8915,Bacteroides eggerthii,0.0110099137033127,0.005865945477331
8915,Butyribacter intestini,0.0109279540479528,0.0052518665799731
8915,Otoolea fessa,0.0108630693207932,0.0076516429358926
8915,Enterocloster sp000431375,0.0103781413599154,0.0066904759661136
8915,Prevotella sp900313215,0.0101254324225558,0.0061360773707993
8915,Bacteroides thetaiotaomicron,0.0098624785282777,0.0097514472473245
8915,CAG-882 sp900545175,0.0096200145478388,0.0047665714922899
8915,Schaedlerella hominis,0.0094731701653193,0.0054795940483016
8915,Bacteroides caccae,0.0094117004237996,0.0076312259904573
8915,Blautia stercoris,0.0093877955243194,0.0047210259986239
8915,Coprococcus aceti,0.0092853459551192,0.005143499715732
8915,Mediterraneibacter faecis,0.0092580260700003,0.0062365915637171
8915,Mediterraneibacter lactaris,0.0091965563284795,0.0044461825023636
8915,Lachnospira eligens_A,0.00915899148644,0.0041462104578726
8915,Roseburia inulinivorans,0.0091077667018409,0.0069668899966379
8915,Phascolarctobacterium faecium,0.0090599569028807,0.0056994688453102
8915,Butyricimonas hominis,0.0090155620895603,0.0077929910196844
8915,Prevotella sp900548745,0.0090087321182806,0.0044681699820629
8915,Jutongia sp003524945,0.0089814122331606,0.0044524646394196
8915,Bacteroides xylanisolvens,0.0089233574772808,0.0090337130885174
8915,Lachnospira sp000437735,0.0089062825490815,0.0047995527118406
8915,Wujia hominis,0.0087355332670818,0.0047492956153809
8915,Hominilimicola fabiformis,0.0086979684250422,0.0047116027930365
8915,Bacteroides sp900557355,0.0085408790856032,0.0068742284750418
8915,Streptococcus salivarius,0.0085408790856032,0.005140358647204
8915,Agathobacter rectalis,0.0084350145307631,0.0066009555130455
8915,Dorea_A sp019421265,0.0084213545882036,0.0053806503896479
8915,Eubacterium_F sp003491505,0.0083667148179636,0.0043943548716399
8915,Prevotella stercorea,0.0083496398897632,0.0047367313412672
8915,Lachnospira sp900551945,0.0082574352774837,0.0041933264858026
8915,CAG-115 sp003531585,0.0080525361390855,0.0041383577865509
8915,Hominisplanchenecus faecis,0.0079159367134855,0.0044540351736853
8915,Hominiventricola aquisgranensis,0.0076598127904872,0.006776855350652
8915,Ruminococcus_C sp000433635,0.0072534294993283,0.0038179687966246
8915,Gemmiger qucibialis,0.0071953747434485,0.0053822209239136
8915,CAG-303 sp000437755,0.0070860952029685,0.0042592889249057
8915,Cryptobacteroides sp900544195,0.007048530360929,0.0041634863347799
8915,Roseburia_C amylophila,0.0068504611938104,0.0044163423513409
8915,Faecalibacillus intestinalis,0.0067070317969308,0.0046849037105435
8915,Coprococcus_A catus,0.0065362825149311,0.0042231666368253
8915,Odoribacter splanchnicus,0.0065089626298112,0.0065506984165858
8915,Catenibacterium mitsuokai,0.0064918877016119,0.003271422872632
8915,Limisoma sp000437795,0.0064167580175316,0.0035839591912367
8915,Anaerostipes hadrus,0.0063108934626926,0.0063402468251646
8915,Gemmiger sp900540595,0.0062630836637324,0.0034269057648015
8915,Pilosibacter sp900066785,0.0062425937498932,0.0066543536780332
8915,Blautia_A obeum,0.0062323487929725,0.0067454446653653
8915,Bacteroides ovatus,0.0061230692524937,0.0107267490254828
8915,Oliverpabstia tarda,0.0059693948986934,0.0044995806673513
8915,Parasutterella gallistercoris,0.0059318300566538,0.003249435392931
8915,Eubacterium_I ramulus_A,0.0057508358177346,0.0049063490418161
8915,Clostridium sp000435835,0.005713270975695,0.0045906716546834
8915,Ruminococcoides intestinalis,0.0056483862485354,0.0031913256251496
8915,Eubacterium_I ramulus,0.0056142363921357,0.0036844733841544
8915,Suilimivivens sp000438155,0.0052146830722566,0.0047445840125889
8915,Eubacterium_G sp000435815,0.0051600433020177,0.0039153419210144
8915,Oscillibacter segnis,0.0051190634743372,0.0076689188128016
8915,Brotaphodocola sp003480315,0.0050473487758979,0.0050681140710432
8915,Gemmiger sp900539695,0.0050268588620577,0.0053351048959818
8915,CAG-492 sp000434335,0.0049175793215788,0.0024673093292865
8915,Blautia_A fusiformis,0.0048731845082584,0.0046346466140838
8915,Dorea formicigenerans,0.0047741499246992,0.0044336182282482
8915,Laedolimicola intestinihominis,0.0046443804703801,0.0041964675543323
8915,UBA3402 sp003478355,0.0044907061165797,0.0067470151996293
8915,Acetatifactor hominis,0.0044121614468607,0.0032855576810114
8915,Bilophila wadsworthia,0.0043848415617407,0.0064658895663113
8915,CAG-217 sp000436335,0.0041731124520617,0.0023495192594614
8915,Ruminococcus_C callidus,0.0041423775813018,0.004507433338673
8915,Roseburia intestinalis,0.0041048127392623,0.0072323102873125
8915,Agathobaculum hominis,0.0038896686439422,0.0036153698765234
8915,Hominicoprocola sp934835795,0.0038794236870226,0.0025112842886886
8915,CAG-269 sp001916035,0.0038281989024225,0.0021987479700839
8915,Alistipes shahii,0.0037496542327035,0.0051450702499959
8915,Gallintestinimicrobium propionicum,0.0036915994768237,0.0048105464516903
8915,Claveliimonas ammoniilytica,0.0036506196491443,0.0036153698765234
8915,CAG-245 sp000434195,0.0036335447209439,0.0017480046362154
8915,Faecalibacterium prausnitzii_E,0.0034901153240642,0.0036122288079954
8915,Dorea_A amylophila,0.0034764553815048,0.0012737032883846
8915,UBA10677 sp003533505,0.0034423055251051,0.0021704783533252
8915,Gemmiger formicilis,0.0034218156112648,0.0048670856852077
8915,Lachnospira sp000436535,0.0033774207979444,0.0040205677167258
8915,Romboutsia timonensis,0.0033159510564247,0.0048498098083004
8915,Vescimonas sp000435555,0.0032988761282254,0.0029871561707861
8915,Brotaphodocola sp003478505,0.0032852161856648,0.0046283644770261
8915,Alistipes senegalensis,0.003281801200025,0.004251436253584
8915,Angelakisella sp900547385,0.003230576415426,0.0027390117570188
8915,HGM10766 sp900757295,0.0031861816021056,0.001534411976266
8915,CAG-302 sp900543825,0.003175936645186,0.0014464620574627
8915,UBA11524 sp000437595,0.003175936645186,0.004229448773883
8915,Collinsella sp900543645,0.0031349568175055,0.0017181644851945
8915,Alistipes finegoldii,0.0031042219467456,0.0042859880073987
8915,Hominiventricola filiformis,0.0030325072483064,0.0031253631860482
8915,Pilosibacter sp900066055,0.0029676225211468,0.004579677914832
8915,CAG-269 sp000437215,0.0029403026360268,0.0024516039866431
8915,Alistipes communis,0.0028583429806668,0.0042922701444564
8915,Parasutterella excrementihominis,0.0028241931242671,0.003923194592336
8915,Choladousia sp902363135,0.0028071181960678,0.0035007208752262
8915,CAG-269 sp001916065,0.0027456484545481,0.0021139391198095
8915,Hominicoprocola fusiformis,0.0027285735263477,0.0046503519567271
8915,Blautia_A intestinalis,0.0026124640145881,0.0048482392740346
8915,Muricoprocola shaoxingensis,0.0025988040720286,0.0036813323156264
8915,Evtepia sp004556345,0.0025817291438282,0.0023463781909317
8915,Vescimonas sp900548615,0.0025236743879484,0.0036499216303398
8915,Hominimerdicola aceti,0.0024724496033483,0.0041603452662519
8915,CAG-269 sp900551615,0.0024246398043891,0.0018752179116279
8915,Eubacterium_G ventriosum,0.0024143948474695,0.0032572880642527
8915,Vescimonas sp003487665,0.0023939049336293,0.0025065726858949
8915,CAG-269 sp900556345,0.0023904899479894,0.0021202212568654
8915,CAKRPJ01 sp934376955,0.00232219023519,0.0019914374471907
8915,CAG-302 sp934162325,0.0021548559388302,0.0017495751704811
8915,Enterocloster sp900541315,0.0021411959962708,0.0041195113753796
8915,Coprococcus ammoniilyticus,0.0020831412403909,0.003249435392931
8915,Negativibacillus sp000435195,0.00207972625475,0.0027751340450992
8915,Vescimonas coprocola,0.002028501470151,0.0029573160197634
8915,Anaerotignum_A faecicola,0.0019055619871116,0.0039608874146804
8915,Apopatocola sp003522945,0.0018440922455919,0.0036907555212121
8915,Fimenecus sp000432435,0.0017518876333123,0.0027154537430538
8915,Vescimonas sp000435975,0.0017211527625525,0.0028662250324313
8915,Vescimonas sp900550615,0.0016835879205118,0.0019710205017537
8915,CAG-433 sp019423565,0.001625533164632,0.0017637099788605
8915,Blautia_A sp900066355,0.0016118732220726,0.0023495192594614
8915,Blautia_A sp005848555,0.0015777233656728,0.0033970656137788
8915,Parabacteroides goldsteinii,0.0015435735092731,0.0045278502841083
8915,CAG-170 sp937967235,0.0015333285523525,0.0038258214679463
8915,Muricoprocola aceti,0.0015094236528734,0.0024688798635505
8915,Butyricimonas virosa,0.0015025936815926,0.0038399562763256
8915,Hominenteromicrobium mulieris,0.0014752737964726,0.0033719370655498
8915,Anaerotardibacter sp000435475,0.001465028839553,0.002266280943451
8915,Choladousia sp902363665,0.0014513688969936,0.0031206515832545
8915,Victivallis lenta,0.0014411239400729,0.004227878239619
8915,Mailhella sp944324615,0.0013284294139542,0.0028944946491883
8915,Pilosibacter fragilis,0.0013011095288342,0.0027986920590642
8915,QAKL01 sp003343815,0.0012908645719135,0.0020307008037991
8915,CAG-238 sp900542245,0.0012123199021945,0.0028473786212582
8915,Blautia_A acetigignens,0.0011952449739941,0.0037881286456019
8915,Suilimivivens aceti,0.0011850000170746,0.0027719929765695
8915,HGM13006 sp900757695,0.001171340074514,0.0030436954043018
8915,Faecalibacterium prausnitzii_I,0.0011645101032343,0.0028206795387652
8915,Adlercreutzia equolifaciens,0.0011610951175944,0.0026227922214577
8915,CAG-302 sp000431795,0.001147435175035,0.0017448635676874
8915,Butyricimonas faecihominis,0.001144020189394,0.0028756482380169
8915,CAG-245 sp000435175,0.0011406052037542,0.0018500893633989
8915,Lawsonibacter sp900549405,0.0011269452611947,0.0022819862860943
8915,Faecalibacterium prausnitzii,0.0010893804191553,0.0027405822912828
8915,Streptococcus hominis,0.0010688905053154,0.0017008886082867
8915,UBA4285 sp900545225,0.0010484005914755,0.0016176502922764
8915,Streptococcus salivarius_D,0.0010449856058355,0.000826101023046
8915,Faecousia sp900544405,0.0010415706201955,0.0026337859613073
8915,CAG-170 sp000432135,0.0010381556345555,0.0031127989119328
8915,Alistipes onderdonkii,0.0010176657207156,0.0028725071694872
8915,Hominicoprocola sp900317525,0.0010176657207156,0.0028489491555222
8915,Scatosoma sp003150575,0.0010108357494356,0.0022537166693356
8915,Bacteroides bouchesdurhonensis,0.0009561959791959,0.0025662529879403
8915,Slackia sp900555495,0.000932291079716,0.0021374971337745
8915,Faecalibacterium duncaniae,0.000925461108436,0.0031332158573699
8915,Collinsella sp905214465,0.0009049711945961,0.0004099094429943
8915,Limiplasma sp900548145,0.0008708213381962,0.0026918957290888
8915,CAG-449 sp900551385,0.0008503314243563,0.0011684774926734
8915,Bacteroides clarus,0.0008332564961564,0.0019741615702816
8915,Mediterraneibacter_A butyricigenes,0.0008195965535964,0.0019066285969146
8915,Anaerobutyricum hallii,0.0008093515966765,0.0021265033939231
8915,Oscillibacter welbionis,0.0007922766684766,0.0030342721987161
8915,Pseudoscillospira sp018369915,0.0007820317115566,0.0018705063088359
8915,Vescimonas sp934623575,0.0007649567833567,0.0014605968658418
8915,CAG-345 sp000433315,0.0007581268120767,0.0014794432770139
8915,Pararoseburia lenta,0.0007581268120767,0.0023573719307831
8915,Prevotella sp015074785,0.0007547118264367,0.005212603223363
8915,Maccoya intestinihominis,0.0007478818551567,0.0020919516401085
8915,Oscillibacter faecalis_A,0.0007444668695168,0.0022003185043479
8915,UMGS1696 sp900554225,0.0007444668695168,0.0020401240093847
8915,CAG-103 sp900543625,0.0007444668695168,0.0018815000486856
8915,Laedolimicola ammoniilytica,0.0007376368982368,0.0018893527200072
8915,Gemella sanguinis,0.0007308069269568,0.001243863137362
8915,Lentihominibacter faecis,0.0007137319987569,0.0019129107339722
8915,Hominicoprocola sp003522105,0.0007137319987569,0.0017699921159164
8915,Flavonifractor plautii,0.000700072056197,0.003269852338368
8915,Lentihominibacter butyricus,0.000682997127997,0.0015548289217025
8915,CAG-170 sp002404795,0.0006590922285171,0.002289838957416
8915,Mediterraneibacter torques,0.0006590922285171,0.0019081991311803
8915,CAG-448 sp003150135,0.0006522622572372,0.0019144812682362
8915,Lawsonibacter faecis_A,0.0006488472715972,0.0018343840207555
8915,Lawsonibacter aceti,0.0006488472715972,0.0019207634052939
8915,UBA11452 sp003526375,0.0006420173003172,0.0025159958914822
8915,Acetatifactor intestinalis,0.0006351873290372,0.0012485747401551
8915,Phascolarctobacterium sp900545535,0.0006215273864773,0.0016741895257928
8915,Enterocloster sp900543885,0.0006010374726374,0.0017652805131244
8915,Gemmiger sp900540775,0.0005976224869974,0.0014715906056922
8915,Collinsella sp900548295,0.0005805475587975,0.0005748155407506
8915,Faecalibacterium sp900539945,0.0005703026018775,0.0025364128369176
8915,Laedolimicola hominis,0.0005703026018775,0.0013789290840958
8915,Vescimonas sp003539495,0.0005634726305975,0.0018218197466402
8915,Brotaphodocola sp003481825,0.0005498126880376,0.0014040576323253
8915,Bacteroides intestinalis,0.0005498126880376,0.0005229879100272
8915,Blautia_A sp900551715,0.0005429827167576,0.0021924658330262
8915,Ruthenibacterium lactatiformans,0.0005429827167576,0.0017872679928255
8915,CAG-313 sp003539625,0.0005259077885577,0.0012093113835464
8915,Oscillibacter sp944387035,0.0005259077885577,0.0017731331844461
8915,Cryptobacteroides sp000433355,0.0005224928029177,0.0003266711269839
8915,Vescimonas fastidiosa,0.0005020028890778,0.0017951206641472
8915,Roseburia hominis,0.0004917579321578,0.0015014307567148
8915,Faecousia intestinalis,0.0004815129752379,0.0017809858557678
8915,Escherichia coli,0.0004678530326779,0.0024877262747235
8915,Streptococcus sp001072385,0.0004678530326779,0.000871646516712
8915,Hominibacterium hominis,0.000461023061398,0.0010020008606527
8915,Zhenhengia yiwuensis,0.000450778104478,0.0002057399886293
8915,UMGS882 sp900757905,0.000450778104478,0.0014166219064401
8915,UBA7173 sp902836725,0.000447363118838,0.0015548289217025
8915,HGM13222 sp900757485,0.000447363118838,0.0017935501298814
8915,Spyradocola sp905193155,0.000443948133198,0.0017338698278378
8915,Holdemania massiliensis,0.000443948133198,0.0017024591425511
8915,Lachnoclostridium_A edouardi,0.0004371181619181,0.0013004023708785
8915,Streptococcus vestibularis,0.0004337031762781,0.000835524228632
8915,Oliverpabstia intestinalis,0.0004302881906381,0.0001256427411476
8915,Phocaeicola dorei,0.0004302881906381,0.0013459478645445
8915,Allisonella histaminiformans,0.0004200432337182,0.0011559132185586
8915,Clostridium lentum,0.0004200432337182,0.0011150793276856
8915,Scatosoma sp900552625,0.0004166282480782,0.0011794712325238
8915,Scatomonas hejianensis,0.0004166282480782,0.0010726749025483
8915,RGIG3102 sp934526065,0.0004166282480782,0.0013930638924749
8915,Congzhengia minquanensis,0.0004097982767982,0.0010915213137205
8915,CAG-170 sp900545925,0.0004097982767982,0.001611368155219
8915,Bacteroides salyersiae,0.0003927233485983,0.0011072266563639
8915,Oscillibacter sp900550685,0.0003893083629583,0.001407198700854
8915,Collinsella sp900546775,0.0003790634060383,0
8915,Oscillibacter sp900763685,0.0003756484203983,0.0008449474342181
8915,Faecalibacterium taiwanense,0.0003688184491184,0.0017574278418028
8915,Alistipes_A hominis,0.0003654034634784,0.0008857813250911
8915,CAG-433 sp000433675,0.0003551585065584,9.894365865380082e-05
8915,Limivivens faecihominis,0.0003517435209184,0.0015611110587599
8915,Oscillibacter sp900544105,0.0003312536070785,0.0010067124634458
8915,Faecalibacterium longum,0.0003244236357986,0.0025285601655959
8915,Hominifimenecus microfluidus,0.0003141786788786,0.0010381231487327
8915,Stoquefichus sp001244545,0.0003107636932386,0.000381639826236
8915,Prevotella sp000434975,0.0003073487075986,0.0020589704205561
8915,Massiliimalia massiliensis,0.0003039337219586,0.0006690475966114
8915,Oscillibacter faecalis,0.0003005187363187,0.0011857533695812
8915,Faecousia sp900547405,0.0002971037506787,0.0012705622198559
8915,Streptococcus anginosus,0.0002936887650387,0.0004962888275333
8915,Streptococcus rubneri,0.0002936887650387,0.0009454616271363
8915,Collinsella sp900543505,0.0002936887650387,0.0001790409061354
8915,Brotaphodocola sp003506385,0.0002834438081187,0.0008889223936198
8915,Blautia_A sp934394595,0.0002766138368388,0.0010820981081344
8915,Blautia_A ammoniilytica,0.0002697838655588,0.0013883522896819
8915,Brotonthovivens sp905193415,0.0002697838655588,0.000789978734966
8915,CAKTXU01 sp934615635,0.0002697838655588,0.0010695338340196
8915,Mogibacterium diversum_A,0.0002595389086388,0.0004931477590046
8915,Pauljensenia sp905370305,0.0002561239229989,0
8915,Paludihabitans sp900543295,0.0002561239229989,0.000866934913919
8915,UMGS1312 sp900550625,0.0002561239229989,0.0008794991880337
8915,Phil1 sp001940855,0.0002561239229989,0.000912480407585
8915,Dielma fastidiosa,0.0002527089373589,0.0005371227184063
8915,Streptococcus sanguinis_A,0.0002492939517189,0.0003973451688795
8915,Raoultibacter timonensis,0.0002492939517189,0.0007067404189557
8915,UBA3818 sp900557155,0.0002492939517189,0.0013161077135219
8915,Bacteroides sp900552405,0.0002424639804389,0.0001649060977563
8915,Streptococcus sp001556435,0.0002424639804389,0.0002465738795023
8915,Bacteroides nordii,0.0002390489947989,0.0010601106284335
8915,Streptococcus ilei,0.0002356340091589,0.000458596005189
8915,HGM11808 sp900757025,0.000228804037879,0.0006360663770601
8915,Limiplasma merdipullorum,0.000228804037879,0.000794690337759
8915,Hungatella effluvii,0.000228804037879,0.0006926056105766
8915,Acetatifactor sp945929965,0.000225389052239,0.0001554828921702
8915,Butyribacter sp000436755,0.000225389052239,0.0001130784670329
8915,UBA737 sp900549055,0.000225389052239,0.0010224178060892
8915,Collinsella sp938033205,0.000225389052239,0
8915,QAKD01 sp944386585,0.000225389052239,0.0010475463543188
8915,Phocaeicola_A sp900765575,0.000221974066599,0.0004680192107751
8915,Vescimonas cirricatena,0.000221974066599,0.0001963167830432
8915,Lientehia sp934351765,0.000221974066599,0.000989436586538
8915,Faecalibacterium wellingii,0.000215144095319,0.0012768443569133
8915,Lawsonibacter sp905215425,0.0002083141240391,0.0008920634621485
8915,Streptococcus symci,0.0002083141240391,0
8915,Pauljensenia sp902373545,0.0002048991383991,0.0005512575267854
8915,Faecousia sp900544945,0.0002014841527591,0.0010444052857901
8915,Prevotella copri_C,0.0002014841527591,0.0001036552614468
8915,UMGS1338 sp900550805,0.0002014841527591,0.0007978314062877
8915,Dorea_A longicatena,0.0002014841527591,0.0005575396638428
8915,Parabacteroides bouchesdurhonensis,0.0001946541814791,0.0007004582818983
8915,Faecousia sp900544705,0.0001912391958391,0.0005261289785559
8915,Oscillibacter sp004553545,0.0001878242101991,0.0011998881779603
8915,Clostridium_AQ innocuum,0.0001878242101991,0.0006140788973593
8915,Bifidobacterium adolescentis,0.0001844092245592,0.00233852551961
8915,Lawsonibacter asaccharolyticus,0.0001844092245592,0.0005968030204514
8915,Streptococcus parasanguinis,0.0001844092245592,0.0003455175381561
8915,JAGTTR01 sp018223385,0.0001809942389192,0.000830812625839
8915,Collinsella sp019414565,0.0001809942389192,0
8915,Faecalicatena contorta,0.0001809942389192,0.0004256147856377
8915,Faecimorpha sp900764045,0.0001775792532792,0.0004318969226951
8915,Blautia_A sp900548245,0.0001741642676392,0
8915,Flemingiibacterium sp900546315,0.0001741642676392,0.0006926056105766
8915,Vescimonas sp900545585,0.0001707492819992,0.0001146490012972
8915,Blautia_A sp003471165,0.0001707492819992,0.0011135087934213
8915,Prevotella copri_A,0,0.0013962049610036
8915,Phocaeicola coprocola,0,0.0009674491068371
8915,Lachnospira rogosae,0,0.0009313268187572
8915,Bifidobacterium pseudocatenulatum,0,0.0008700759824477
8915,Bacteroides stercoris,0,0.0008119662146669
8915,Clostridium_A leptum,0,0.000789978734966
8915,Bifidobacterium bifidum,0,0.0007648501867365
8915,CAG-103 sp900757655,0,0.0007302984329209
8915,Ruminococcus_B gnavus,0,0.0007208752273348
8915,Enterocloster aldenensis,0,0.0006816118707261
8915,Faecalicatena contortus_B,0,0.0006690475966114
8915,UMGS902 sp003343845,0,0.0006690475966114
8915,Agathobaculum ammoniilyticum,0,0.0006533422539679
8915,Anaerotruncus rubiinfantis,0,0.0006360663770601
8915,Metalachnospira sp900553995,0,0.0006297842400027
8915,Eubacterium_R sp000436835,0,0.0006297842400027
8915,Neoanaerotignum_A sp944377425,0,0.0006235021029453
8915,UMGS911 sp902462015,0,0.0006125083630949
8915,UMGS856 sp900546265,0,0.0006093672945662
8915,Yeguia hominis,0,0.0006062262260375
8915,Prevotella copri_N,0,0.0005952324861871
8915,51-20 sp001917175,0,0.0005889503491297
8915,Oscillibacter sp934574045,0,0.0005842387463367
8915,CAG-170 sp934613505,0,0.0005622512666358
8915,Merdimmobilis hominis,0,0.0005591101981071
8915,Enterocloster bolteae,0,0.0005418343211993
8915,Lawsonibacter sp900550705,0,0.0005418343211993
8915,Faecousia sp958436045,0,0.0005339816498776
8915,Mediterraneibacter_A sp934418295,0,0.0005261289785559
8915,AF33-28 sp003477885,0,0.0005104236359124
8915,Vescimonas sp900547745,0,0.0005057120331194
8915,Blautia_A difficilis,0,0.0004978593617976
8915,Prevotella rara,0,0.0004915772247403
8915,Oliverpabstia faecicola,0,0.0004900066904759
8915,Holdemania filiformis,0,0.0004900066904759
8915,Streptococcus gordonii,0,0.0004868656219472
8915,Rothia sp916720455,0,0.0004852950876829
8915,SFEL01 sp004557245,0,0.0004758718820968
8915,CAG-882 sp003486385,0,0.0004664486765107
8915,Pauljensenia bouchesdurhonensis,0,0.0004413201282812
8915,Bianquea renquensis,0,0.0004397495940168
8915,Bifidobacterium longum,0,0.000422473717109
8915,Lactonifactor sp009677585,0,0.0004193326485803
8915,CAG-269 sp003525075,0,0.000417762114316
8915,Bacteroides finegoldii,0,0.0004051978402012
8915,Mediterraneibacter sp900541505,0,0.0004020567716725
8915,Streptococcus parasanguinis_C,0,0.0003942041003508
8915,QANA01 sp947063485,0,0.0003832103605004
8915,Eubacterium_B sulci,0,0.0003753576891787
8915,Collinsella sp003466125,0,0.0003690755521213
8915,Acutalibacter sp900548545,0,0.0003675050178569
8915,CAG-170 sp900549635,0,0.0003596523465352
8915,Haemophilus_D parainfluenzae,0,0.0003596523465352
8915,UMGS1484 sp900552285,0,0.0003486586066848
8915,Butyribacter sp003529475,0,0.0003455175381561
8915,HGM12713 sp900754175,0,0.0003423764696274
8915,Parabacteroides segnis,0,0.0003392354010987
8915,Dialister hominis,0,0.0003376648668343
8915,HGM14224 sp900761905,0,0.0003298121955126
8915,Coprococcus_A intestinihominis,0,0.0003156773871335
8915,Prevotella sp934191715,0,0.0003141068528692
8915,Christensenella minuta,0,0.0003109657843405
8915,Alistipes_A indistinctus,0,0.0003046836472831
8915,Weissella confusa,0,0.0002984015102257
8915,Butyribacter hominis,0,0.0002921193731683
8915,UMGS1975 sp900751745,0,0.0002826961675822
8915,CALXSV01 sp944391235,0,0.0002717024277318
8915,Lachnospira sp900545725,0,0.0002701318934675
8915,CAKTXU01 sp902492455,0,0.0002622792221457
8915,Blautia_A sp900120195,0,0.0002607086878814
8915,CAG-449 sp905204225,0,0.000259138153617
8915,Pygmaiobacter hominis,0,0.0002559970850884
8915,Intestinimonas butyriciproducens,0,0.000254426550824
8915,Pauljensenia sp000278725,0,0.000254426550824
8915,CALWRB01 sp944381395,0,0.000254426550824
8915,Alistipes putredinis,0,0.0002528560165597
8915,HGM13862 sp944393575,0,0.000249714948031
8915,Ruthenibacterium intestinale,0,0.0002481444137666
8915,Propionibacterium acidifaciens,0,0.0002465738795023
8915,Gabonibacter massiliensis,0,0.0002418622767092
8915,Prevotella sp002265625,0,0.0002340096053875
8915,Dorea_A longicatena_C,0,0.0002340096053875
8915,Bulleidia sp015256455,0,0.0002308685368588
8915,Lawsonibacter_A hominis,0,0.0002308685368588
8915,Dorea_D hominis,0,0.0002230158655371
8915,CAG-170 sp902796245,0,0.0002230158655371
8915,Collinsella sp905214285,0,0.0002198747970084
8915,Blautia_A schinkii_B,0,0.0002198747970084
8915,Eubacterium_U album,0,0.0002120221256867
8915,Avoscillospira_A sp019422005,0,0.0002120221256867
8915,Bulleidia moorei,0,0.0002120221256867
8915,Streptococcus pseudopneumoniae_S,0,0.0002120221256867
8915,Weissella cibaria,0,0.0002104515914223
8915,Aphodocola sp000434835,0,0.000208881057158
8915,Ruminococcoides intestinale,0,0.0002057399886293
8915,Extibacter hylemonae,0,0.0002041694543649
8915,Veillonella parvula_A,0,0.0002041694543649
8915,Eisenbergiella tayi,0,0.0002025989201006
8915,Anaerotruncus colihominis,0,0.0001994578515719
8915,Faecalibacterium intestinale,0,0.0001994578515719
8915,Actinomyces sp915069725,0,0.0001994578515719
8915,Oscillibacter sp900115635,0,0.0001963167830432
8915,Lactococcus_A plantarum_A,0,0.0001947462487789
8915,Bacteroides hominis,0,0.0001947462487789
8915,Gallalistipes aquisgranensis,0,0.0001916051802502
8915,Haemophilus_D sp905205995,0,0.0001916051802502
8915,Merdivicinus sp900555435,0,0.0001884641117215
8915,Prevotella copri_E,0,0.0001853230431928
8915,Streptococcus mutans,0,0.0001837525089284
8915,Prevotella sp963587495,0,0.0001806114403997
8915,Lancefieldella sp024691995,0,0.0001790409061354
8915,Streptococcus sp963540685,0,0.000172758769078
8915,Eubacterium_B infirmum,0,0.000172758769078
8915,Anaerotardibacter sp900542525,0,0.0001696177005493
8915,Christensenella hongkongensis,0,0.0001696177005493
8915,JAHZEH01 sp019421925,0,0.000168047166285
8915,CAKUFI01 sp934647305,0,0.0001664766320206
8915,Alistipes provencensis,0,0.0001649060977563
8915,Massiliimalia timonensis,0,0.0001649060977563
8915,Guopingia tenuis,0,0.0001633355634919
8915,Veillonella tobetsuensis,0,0.0001633355634919
8915,Bifidobacterium dentium,0,0.0001633355634919
8915,Zongyangia gallinarum,0,0.0001586239606989
8915,Hominicoprocola sp037419475,0,0.0001554828921702
8915,Coprococcus sp000433075,0,0.0001554828921702
8915,Pauljensenia sp963531605,0,0.0001554828921702
8915,JAFBIO01 sp021531255,0,0.0001554828921702
8915,QAKW01 sp003343605,0,0.0001554828921702
8915,Dialister sp000434475,0,0.0001554828921702
8915,Oscillibacter sp900544615,0,0.0001539123579059
8915,Aphodovivens avicola,0,0.0001507712893772
8915,UBA5905 sp900763035,0,0.0001507712893772
8915,UBA644 sp900547165,0,0.0001492007551128
8915,Streptococcus australis_C,0,0.0001492007551128
8915,Collinsella sp014871745,0,0.0001476302208485
8915,Eggerthella lenta,0,0.0001476302208485
8915,Actinomyces sp915063485,0,0.0001476302208485
8915,Bittarella massiliensis,0,0.0001460596865841
8915,Angelakisella massiliensis,0,0.0001460596865841
8915,Peptostreptococcus stomatis,0,0.0001444891523198
8915,Youxingia wuxianensis,0,0.0001429186180554
8915,Collinsella sp900549715,0,0.0001413480837911
8915,Eubacterium_B sp938049335,0,0.0001413480837911
8915,Streptococcus sanguinis_K,0,0.0001397775495267
8915,Blautia_A sp900066335,0,0.0001397775495267
8915,CAG-177 sp003514385,0,0.0001397775495267
8915,Duodenibacillus intestinigallinarum,0,0.0001382070152624
8915,Lachnospira sp000436475,0,0.0001382070152624
8915,CAKRHR01 sp934339005,0,0.0001382070152624
8915,Hominiventricola sp018223365,0,0.0001366364809981
8915,Streptococcus infantis_H,0,0.0001366364809981
8915,Enterocloster citroniae,0,0.0001350659467337
8915,Klebsiella pneumoniae,0,0.0001350659467337
8915,Corynebacterium durum,0,0.0001334954124694
8915,Streptococcus sinensis,0,0.000131924878205
8915,Faecalimonas sp000209385,0,0.0001303543439407
8915,Eubacterium_P hominis,0,0.0001303543439407
8915,Bacteroides vicugnae,0,0.0001287838096763
8915,Faecalibacillus faecis,0,0.000127213275412
8915,Lachnospira hominis,0,0.0001225016726189
8915,Mediterraneibacter sp900120155,0,0.0001225016726189
8915,Anaerobutyricum soehngenii,0,0.0001209311383546
8915,Streptococcus infantarius,0,0.0001193606040902
8915,Veillonella sp900552445,0,0.0001193606040902
8915,Faecimorpha sp963627615,0,0.0001177900698259
8915,Streptococcus constellatus,0,0.0001177900698259
8915,Butyricimonas paravirosa,0,0.0001162195355616
8915,Megamonas funiformis,0,0.0001146490012972
8915,Instestinimonas_A celer,0,0.0001130784670329
8915,Collinsella aerofaciens_O,0,0.0001130784670329
8915,Prevotella sp900551275,0,0.0001115079327685
8915,Ruminococcus_C sp000980705,0,0.0001115079327685
8915,Faecivicinus sp900553265,0,0.0001099373985042
8915,Enterococcus faecalis,0,0.0001099373985042
8915,Leuconostoc pseudomesenteroides,0,0.0001099373985042
8915,Granulicatella sp015264885,0,0.0001067963299755
8915,Lactococcus_A raffinolactis,0,0.0001067963299755
8915,Pauljensenia sp916438945,0,0.0001067963299755
8915,Coprobacillus cateniformis,0,0.0001067963299755
8915,Phocaeicola sp011959205,0,0.0001052257957111
8915,Anthropogastromicrobium sp934292725,0,0.0001052257957111
8915,Arachnia rubra,0,0.0001052257957111
8915,Gemmiger sp944388125,0,0.0001036552614468
8915,Streptococcus sp000314795,0,0.0001036552614468
8915,Streptococcus oralis_CP,0,0.0001020847271824
8915,Enterocloster asparagiformis,0,0.0001020847271824
8915,Nanosynbacter sp900556355,0,9.894365865380082e-05
8915,Neoanaerotignum sp944378105,0,9.894365865380082e-05
8915,QANA01 sp910588425,0,9.894365865380082e-05
8915,COE1 sp001916965,0,9.894365865380082e-05
8915,Streptococcus salivarius_E,0,9.737312438945475e-05
8915,Bulleidia sp015256775,0,9.737312438945475e-05
8915,Hominibacterium faecale,0,9.737312438945475e-05
8915,Pauljensenia sp900554605,0,9.580259012510872e-05
8915,Lawsonibacter sp900754605,0,9.423205586076269e-05
8915,Rothia sp001808955,0,9.266152159641664e-05
8915,Vescimonas sp900552725,0,9.266152159641664e-05
8915,Actinomyces sp000220835,0,9.266152159641664e-05
8915,Collinsella sp003439125,0,9.10909873320706e-05
8915,Streptococcus mitis_BM,0,9.10909873320706e-05
8915,Prevotella sinensis,0,9.10909873320706e-05
8915,Granulicatella adiacens,0,9.10909873320706e-05
8915,QAND01 sp003150225,0,8.952045306772456e-05
8915,Ruthenibacterium merdipullorum,0,8.794991880337848e-05
8915,Streptococcus sp902460355,0,8.794991880337848e-05
8915,UMGS1975 sp900546685,0,8.794991880337848e-05
8915,Heritagella sp019418545,0,8.637938453903245e-05
8915,Mailhella massiliensis,0,8.637938453903245e-05
8915,CALXSR01 sp944391215,0,8.48088502746864e-05
8915,Avimonas_A narfae,0,8.323831601034035e-05
8915,Peptostreptococcus sp900759325,0,8.323831601034035e-05
8915,RUG13868 sp934100165,0,8.323831601034035e-05
8915,Streptococcus xiaochunlingii,0,8.166778174599432e-05
8915,Leuconostoc lactis,0,8.166778174599432e-05
8915,Aphodoplasma sp900550065,0,8.009724748164827e-05
8915,Veillonella sp905209685,0,8.009724748164827e-05
8915,Blautia_A sp934424575,0,8.009724748164827e-05
8915,Collinsella sp900553345,0,8.009724748164827e-05
8915,Scardovia wiggsiae,0,8.009724748164827e-05
8915,Enterenecus sp934675115,0,8.009724748164827e-05
8915,Mediterraneibacter sp934330165,0,7.852671321730223e-05
8915,Collinsella provencensis,0,7.852671321730223e-05
8915,CAG-103 sp000432375,0,7.852671321730223e-05
8915,CAG-274 sp000432155,0,7.852671321730223e-05
