sample,specie,cp_abundance,cz_abundance
25S02882835,Prevotella_copri_clade_A,0.32707134,0.21201166
25S02882835,Phocaeicola_vulgatus,0.089146129,0.066968187
25S02882835,Faecalibacterium_prausnitzii,0.064629948,0.021012196
25S02882835,Alistipes_putredinis,0.054613556,0.016063197
25S02882835,GGB51647_SGB4348,0.043027266,0.064249887
25S02882835,Dialister_hominis,0.036455471,0.032122494
25S02882835,Desulfovibrio_SGB5076,0.030237276,0.031740494
25S02882835,Phocaeicola_dorei,0.02504938,0.017236797
25S02882835,Oscillibacter_sp_ER4,0.01303279,0.0095901981
25S02882835,Klebsiella_pneumoniae,0.01217999,0.0045316991
25S02882835,Mesosutterella_multiformis,0.01214489,0.0063284987
25S02882835,Candidatus_Cibionibacter_quicibialis,0.011146491,0.014241297
25S02882835,GGB3746_SGB5089,0.010601892,0.0071240986
25S02882835,Bacteroides_ovatus,0.010407292,0.0073759985
25S02882835,Bacteroides_caccae,0.0092218926,0.004994699
25S02882835,Parabacteroides_merdae,0.0090723927,0.0055249989
25S02882835,Roseburia_inulinivorans,0.0089183929,0.009755398
25S02882835,Gemmiger_formicilis,0.0080678935,0.026856295
25S02882835,Alistipes_shahii,0.007555894,0.0032445994
25S02882835,Bacteroides_uniformis,0.0074093941,0.0037290993
25S02882835,Blautia_wexlerae,0.0073280941,0.011086098
25S02882835,GGB9699_SGB15216,0.0072192942,0.0045201991
25S02882835,Parabacteroides_distasonis,0.0071022943,0.0043749991
25S02882835,Ruminococcus_torques,0.0069967944,0.041491892
25S02882835,Bacteroides_stercoris,0.0069443944,0.0044072991
25S02882835,Blautia_obeum,0.006278395,0.025247295
25S02882835,Enterobacter_roggenkampii,0.0060044952,0.0025201995
25S02882835,Clostridium_sp_AM22_11AC,0.0058725953,0.0058077988
25S02882835,Vescimonas_coprocola,0.0052593958,0.0043852991
25S02882835,Faecalicatena_fissicatena,0.0050812959,0.020287696
25S02882835,Bilophila_wadsworthia,0.0046559963,0.0019769996
25S02882835,Barnesiella_intestinihominis,0.0044766964,0.0026636995
25S02882835,Clostridiales_bacterium_KLE1615,0.0042742966,0.0038555992
25S02882835,Odoribacter_splanchnicus,0.0042590966,0.0025455995
25S02882835,Bacteroides_thetaiotaomicron,0.0042029966,0.0020475996
25S02882835,Clostridium_fessum,0.0038923969,0.0037961992
25S02882835,Collinsella_aerofaciens,0.003688897,0.023961695
25S02882835,GGB80011_SGB15265,0.0034182973,0.0013912997
25S02882835,Anaerotignum_faecicola,0.0033008974,0.0011074998
25S02882835,Faecalibacterium_SGB15346,0.0032855974,0.0013320997
25S02882835,Lachnospiraceae_bacterium_AM48_27BH,0.0030489976,0.0016687997
25S02882835,Clostridium_sp_AF34_10BH,0.0028906977,0.0021286996
25S02882835,Waltera_intestinalis,0.0028772977,0.0020760996
25S02882835,Butyricimonas_virosa,0.0027643978,0.0019249996
25S02882835,Dorea_longicatena,0.0027621978,0.021994796
25S02882835,Blautia_massiliensis,0.002475898,0.022747095
25S02882835,Firmicutes_bacterium_AF16_15,0.0024161981,0.0040867992
25S02882835,Klebsiella_quasipneumoniae,0.0023760981,0.00084909983
25S02882835,Anaerostipes_hadrus,0.0022696982,0.009821598
25S02882835,Clostridium_sp_AF20_17LB,0.0022576982,0.0017398997
25S02882835,Faecalibacillus_intestinalis,0.0022342982,0.009971598
25S02882835,Dysosmobacter_sp_BX15,0.0022064982,0.0011807998
25S02882835,Clostridiaceae_bacterium_AF18_31LB,0.0021426983,0.0026221995
25S02882835,Klebsiella_variicola,0.0020165984,0.00078639984
25S02882835,Blautia_sp_MSK_20_85,0.0020161984,0.0096942981
25S02882835,Butyricicoccus_sp_AM29_23AC,0.0019965984,0.0016419997
25S02882835,Enterobacter_hormaechei,0.0019649984,0.00086159983
25S02882835,Clostridium_sp_AM33_3,0.0019636984,0.0017653996
25S02882835,Eubacterium_rectale,0.0018934985,0.004851599
25S02882835,Eubacterium_ventriosum,0.0018482985,0.0075426985
25S02882835,Roseburia_hominis,0.0018405985,0.0013262997
25S02882835,Fusicatenibacter_saccharivorans,0.0017915986,0.019857296
25S02882835,Eubacteriales_unclassified_SGB15145,0.0016390987,0.0011569998
25S02882835,Eubacterium_ramulus,0.0016222987,0.005124699
25S02882835,Anaerobutyricum_hallii,0.0016037987,0.0010899998
25S02882835,Dysosmobacter_welbionis,0.0016006987,0.00067159987
25S02882835,Bifidobacterium_adolescentis,0.0014757988,0.012477698
25S02882835,Bifidobacterium_longum,0.0014697988,0.015163397
25S02882835,Lacrimispora_amygdalina,0.0014358989,0.0010813998
25S02882835,Clostridiaceae_bacterium,0.0013980989,0.0025206995
25S02882835,Lawsonibacter_asaccharolyticus,0.0013653989,0.00082789983
25S02882835,Enterobacter_kobei,0.001292899,0.00047349991
25S02882835,Alistipes_onderdonkii,0.001278699,0.00040009992
25S02882835,GGB9642_SGB15119,0.001262499,0.0031419994
25S02882835,GGB9616_SGB15052,0.001255799,0.00063329987
25S02882835,Agathobaculum_butyriciproducens,0.0011551991,0.0025295995
25S02882835,Bifidobacterium_pseudocatenulatum,0.0011509991,0.0068353986
25S02882835,Ruminococcus_sp_AF13_28,0.0011439991,0.0017475997
25S02882835,GGB9614_SGB15049,0.0011025991,0.00067889986
25S02882835,Dorea_formicigenerans,0.0010684991,0.010644698
25S02882835,Lachnospira_sp_NSJ_43,0.00092969926,0.0011815998
25S02882835,Oscillospiraceae_bacterium_Marseille_Q3528,0.00092759926,0.00021869996
25S02882835,Coprobacter_fastidiosus,0.00092689926,0.00054249989
25S02882835,Ruminococcaceae_bacterium_AM28_23LB,0.00089329929,0.0011713998
25S02882835,Adlercreutzia_equolifaciens,0.00088759929,0.0024041995
25S02882835,Clostridiaceae_unclassified_SGB4771,0.00083949933,0.0011507998
25S02882835,Clostridium_SGB4750,0.00082999934,0.00085569983
25S02882835,GGB3363_SGB4448,0.00082889934,0.0027564994
25S02882835,Clostridiaceae_bacterium_Marseille_Q4143,0.00081769935,0.00092799981
25S02882835,Ruminococcus_gnavus,0.00079609936,0.0037683992
25S02882835,GGB3486_SGB4658,0.00078439937,0.00078019984
25S02882835,Lachnospiraceae_bacterium_Marseille_Q4251,0.00076339939,0.00078479984
25S02882835,Citrobacter_freundii,0.00074329941,0.00031149994
25S02882835,Coprococcus_comes,0.00070859943,0.0045226991
25S02882835,Haemophilus_parainfluenzae,0.00065429948,0.0004825999
25S02882835,Alistipes_indistinctus,0.00064969948,0.00042369992
25S02882835,Clostridium_leptum,0.00064689948,0.00058879988
25S02882835,Blautia_faecis,0.00063969949,0.005198199
25S02882835,GGB51441_SGB71759,0.00059709952,0.00071729986
25S02882835,Clostridium_sp_AF27_2AA,0.00059389952,0.0005180999
25S02882835,Blautia_sp_Marseille_P3087,0.00058539953,0.0031815994
25S02882835,Clostridiales_bacterium,0.00054559956,0.00037499993
25S02882835,GGB9759_SGB15370,0.00052689958,0.00065099987
25S02882835,GGB41458_SGB58520,0.00052429958,0.00056809989
25S02882835,Kluyvera_sichuanensis,0.00050919959,0.00024129995
25S02882835,Clostridium_sp_AF12_28,0.0004968996,0.00041229992
25S02882835,Coprococcus_catus,0.00047719962,0.0039111992
25S02882835,Escherichia_coli,0.00046319963,0.00022949995
25S02882835,Clostridium_sp_AM42_4,0.00045669963,0.00032859993
25S02882835,Eubacteriaceae_bacterium,0.00043249965,0.00063189987
25S02882835,GGB2998_SGB3988,0.00042779966,0.00040299992
25S02882835,GGB9561_SGB14972,0.0003768997,0.00093229981
25S02882835,Phascolarctobacterium_faecium,0.00036849971,0.00035649993
25S02882835,Flavonifractor_plautii,0.00036419971,0.00025409995
25S02882835,GGB2983_SGB3965,0.00034789972,0.00044219991
25S02882835,Enterobacter_cancerogenus,0.00034469972,0.00023739995
25S02882835,GGB9760_SGB15373,0.00030059976,0.00043149991
25S02882835,Lacrimispora_celerecrescens,0.00029869976,0.004911499
25S02882835,Eggerthella_lenta,0.00029289977,0.00074329985
25S02882835,Kluyvera_georgiana,0.00027429978,0.00011949998
25S02882835,GGB9713_SGB15249,0.00026879978,0.00016549997
25S02882835,Dysosmobacter_sp_NSJ_60,0.00026319979,0.00019419996
25S02882835,Clostridiaceae_bacterium_Marseille_Q4145,0.00025949979,0.00038159992
25S02882835,Dorea_sp_AF36_15AT,0.0002557998,0.0011419998
25S02882835,Holdemania_massiliensis,0.0002527998,0.00018289996
25S02882835,GGB9619_SGB15067,0.0002481998,0.00014569997
25S02882835,GGB79734_SGB15291,0.00023619981,0.00069619986
25S02882835,Veillonella_rogosae,0.00022129982,0.00017809996
25S02882835,Clostridium_sp_AF32_12BH,0.00021929982,0.00019709996
25S02882835,Clostridiales_Family_XIII_bacterium_BX16,0.00020589984,0.0010508998
25S02882835,GGB58485_SGB80143,0.00020329984,0.00035649993
25S02882835,GGB52130_SGB14966,0.00019289985,0.00012439998
25S02882835,Romboutsia_timonensis,0.00019129985,0.00058249988
25S02882835,Hydrogeniiclostidium_mannosilyticum,0.00017869986,0.00010149998
25S02882835,Veillonella_parvula,0.00017219986,0.00015409997
25S02882835,GGB3815_SGB5180,0.00016739987,5.179999e-05
25S02882835,Ruthenibacterium_lactatiformans,0.00015969987,0.00013909997
25S02882835,Anaerosacchariphilus_sp_NSJ_68,0.00015949987,0.00020319996
25S02882835,GGB3321_SGB4394,0.00015539988,0.00018079996
25S02882835,Turicimonas_muris,0.00014969988,9.6699981e-05
25S02882835,Enterocloster_bolteae,0.00014359989,3.8199992e-05
25S02882835,Roseburia_sp_AF02_12,0.00014239989,0.00042359992
25S02882835,Clostridia_bacterium_UC5_1_1D1,0.00013969989,0.00013409997
25S02882835,Bacteroides_nordii,0.00013469989,8.6099983e-05
25S02882835,Hungatella_hathewayi,0.00011549991,0.00026819995
25S02882835,Lachnospiraceae_bacterium,0.00011459991,0.0021977996
25S02882835,Streptococcus_salivarius,0.00010679991,0.00093609981
25S02882835,Christensenellaceae_bacterium_NSJ_63,0.00010279992,5.119999e-05
25S02882835,Gordonibacter_pamelaeae,0.00010259992,6.9199986e-05
25S02882835,Enterobacter_asburiae,0.00010219992,4.789999e-05
25S02882835,GGB2653_SGB3574,0.00010159992,0.00035909993
25S02882835,Enterocloster_citroniae,9.7299922e-05,3.2999993e-05
25S02882835,Mediterraneibacter_butyricigenes,9.1599927e-05,0.00035999993
25S02882835,Anaeromassilibacillus_sp_An250,8.5899931e-05,1.6799997e-05
25S02882835,Candidatus_Schneewindia_gallinarum,8.5399932e-05,4.6599991e-05
25S02882835,Dorea_sp_AF24_7LB,8.3799933e-05,0.0016812997
25S02882835,Intestinimonas_butyriciproducens,8.0499936e-05,9.1999982e-06
25S02882835,Anaerobutyricum_soehngenii,7.9799936e-05,0.00010009998
25S02882835,Solibaculum_mannosilyticum,7.9799936e-05,6.3799987e-05
25S02882835,GGB9062_SGB13981,7.8799937e-05,2.4199995e-05
25S02882835,Clostridiales_bacterium_NSJ_40,7.2499942e-05,4.2399992e-05
25S02882835,GGB3446_SGB4597,7.1199943e-05,0.00035819993
25S02882835,GGB3626_SGB4905,7.0799943e-05,7.2499986e-05
25S02882835,Enterobacter_mori,6.5899947e-05,2.8899994e-05
25S02882835,GGB9602_SGB15031,6.5299948e-05,1.4799997e-05
25S02882835,Eubacterium_sp_NSJ_61,6.4699948e-05,0.00014019997
25S02882835,Candidatus_Pseudolachnospira_avium,6.4299949e-05,2.7599994e-05
25S02882835,Turicibacter_bilis,6.199995e-05,0.00014979997
25S02882835,Blautia_glucerasea,5.7399954e-05,0.00019999996
25S02882835,Granulicatella_SGB8255,5.6599955e-05,0.00010529998
25S02882835,Aggregatibacter_segnis,5.4699956e-05,3.3899993e-05
25S02882835,Streptococcus_mitis,5.049996e-05,2.9699994e-05
25S02882835,Bittarella_massiliensis,5.019996e-05,3.6099993e-05
25S02882835,Anaerotruncus_colihominis,4.9299961e-05,5.009999e-05
25S02882835,Mogibacterium_sp_NSJ_24,4.8199961e-05,0.00012449998
25S02882835,Bacteroides_fragilis,4.6899962e-05,3.8499992e-05
25S02882835,Enterobacter_ludwigii,4.5299964e-05,1.4699997e-05
25S02882835,Christensenella_sp_NSJ_35,3.9099969e-05,4.0299992e-05
25S02882835,GGB9719_SGB15272,3.8799969e-05,6.9799986e-05
25S02882835,Enterobacter_cloacae,3.799997e-05,1.2499998e-05
25S02882835,Candidatus_Pseudoruminococcus_merdavium,3.5899971e-05,7.1199986e-05
25S02882835,Leclercia_adecarboxylata,3.4299973e-05,9.6999981e-06
25S02882835,GGB35068_SGB47850,3.2799974e-05,0.00013899997
25S02882835,Intestinibacter_bartlettii,3.1499975e-05,0.0009907998
25S02882835,Mediterraneibacter_massiliensis,3.0399976e-05,0.00014949997
25S02882835,Enterobacter_bugandensis,2.9399976e-05,1.1599998e-05
25S02882835,Ruminococcus_sp_NSJ_13,2.9299977e-05,0.00044739991
25S02882835,GGB3619_SGB4894,2.8099978e-05,1.0899998e-05
25S02882835,Lachnospiraceae_bacterium_OM04_12BH,2.7799978e-05,7.5999985e-06
25S02882835,Veillonella_tobetsuensis,2.6499979e-05,2.9199994e-05
25S02882835,Raoultella_ornithinolytica,2.6199979e-05,1.0099998e-05
25S02882835,Kluyvera_ascorbata,2.5899979e-05,7.8999984e-06
25S02882835,Blautia_SGB4815,2.489998e-05,5.6599989e-05
25S02882835,Streptococcus_gordonii,2.3799981e-05,0.00015899997
25S02882835,Candidatus_Metaruminococcus_caecorum,2.2499982e-05,2.5899995e-05
25S02882835,Ruminococcus_bromii,2.0599984e-05,1.7799996e-05
25S02882835,Kluyvera_genomosp_3,2.0499984e-05,9.0999982e-06
25S02882835,Clostridium_sp_1001270J_160509_D11,1.9399984e-05,0.00041919992
25S02882835,Candidatus_Allochristensenella_caecavium,1.8799985e-05,2.6699995e-05
25S02882835,Klebsiella_quasivariicola,1.7199986e-05,1.3999997e-06
25S02882835,Streptococcus_parasanguinis,1.6199987e-05,7.7099985e-05
25S02882835,Raoultibacter_timonensis,1.5999987e-05,3.1599994e-05
25S02882835,Clostridium_saudiense,1.5199988e-05,0.00019659996
25S02882835,Christensenella_minuta,1.5099988e-05,1.8899996e-05
25S02882835,Klebsiella_michiganensis,1.4899988e-05,3.2999993e-06
25S02882835,Candidatus_Pararuminococcus_gallinarum,1.4699988e-05,5.6499989e-05
25S02882835,Lachnospiraceae_bacterium_NSJ_29,1.4299989e-05,7.2599985e-05
25S02882835,GGB3653_SGB4964,1.3199989e-05,7.2699985e-05
25S02882835,Lachnospira_eligens,1.289999e-05,1.2699997e-05
25S02882835,Massilimicrobiota_sp_An134,1.279999e-05,0.00013139997
25S02882835,Streptococcus_australis,1.229999e-05,0.00019469996
25S02882835,Rothia_mucilaginosa,1.189999e-05,4.0199992e-05
25S02882835,Citrobacter_braakii,1.1399991e-05,1.0999998e-06
25S02882835,Roseburia_faecis,1.0799991e-05,6.6999987e-06
25S02882835,Peptostreptococcus_stomatis,1.0299992e-05,5.199999e-06
25S02882835,Massiliimalia_timonensis,1.0199992e-05,3.1199994e-05
25S02882835,Prevotella_bivia,9.6999922e-06,6.4999987e-06
25S02882835,Levyella_massiliensis,9.4999924e-06,7.9999984e-07
25S02882835,Kluyvera_cryocrescens,9.3999925e-06,3.0999994e-06
25S02882835,Prevotella_disiens,8.8999929e-06,5.199999e-06
25S02882835,Fusobacterium_pseudoperiodonticum,8.799993e-06,0.0
25S02882835,Lachnospiraceae_bacterium_OF09_6,8.3999933e-06,8.7099983e-05
25S02882835,Hydrogenoanaerobacterium_saccharovorans,5.9999952e-06,9.899998e-06
25S02882835,Clostridium_butyricum,5.8999953e-06,3.1299994e-05
25S02882835,Bilophila_SGB15451,5.6999954e-06,0.0
25S02882835,Bacteroides_xylanisolvens,5.3999957e-06,0.0
25S02882835,Haemophilus_sputorum,5.2999958e-06,3.5999993e-06
25S02882835,Massilioclostridium_coli,5.2999958e-06,4.989999e-05
25S02882835,Neisseria_subflava,4.8999961e-06,0.0
25S02882835,Streptococcus_infantis,4.4999964e-06,3.9999992e-06
25S02882835,Lactonifactor_sp_BIOML_A6,4.0999967e-06,3.9999992e-06
25S02882835,Clostridium_sp_Marseille_P3244,3.8999969e-06,3.5499993e-05
25S02882835,Turicibacter_sanguinis,3.799997e-06,9.5999981e-06
25S02882835,Aeromonas_caviae,3.4999972e-06,0.0
25S02882835,Prevotella_copri_clade_C,3.4999972e-06,0.0
25S02882835,Weissella_cibaria,3.2999974e-06,0.00010179998
25S02882835,TM7_phylum_sp_oral_taxon_352,3.0999975e-06,4.999999e-06
25S02882835,Blautia_luti,2.5999979e-06,1.6699997e-05
25S02882835,Catenibacillus_scindens,2.0999983e-06,1.1399998e-05
25S02882835,Phocaeicola_sartorii,1.7999986e-06,1.2999997e-06
25S02882835,Lachnospiraceae_bacterium_NSJ_46,1.5999987e-06,0.00015419997
25S02882835,Clostridium_SGB4751,1.3999989e-06,7.9999984e-07
25S02882835,Merdibacter_massiliensis,1.3999989e-06,2.2899995e-05
25S02882835,Prevotella_corporis,1.299999e-06,0.0
25S02882835,Clostridium_perfringens,8.9999928e-07,2.4999995e-06
25S02882835,Roseburia_sp_AM16_25,7.9999936e-07,1.5399997e-05
25S02882835,TM7_phylum_sp_oral_taxon_348,6.9999944e-07,0.0
25S02882835,Roseburia_intestinalis,4.999996e-07,0.0
25S02882835,Bacteroides_eggerthii,1.9999984e-07,0.0
25S02882835,Gemella_sanguinis,0.0,8.6599983e-05
25S02882835,Eubacterium_sulci,0.0,5.149999e-05
25S02882835,Actinomyces_SGB17168,0.0,3.6699993e-05
25S02882835,Streptococcus_constellatus,0.0,3.2099994e-05
25S02882835,Mogibacterium_diversum,0.0,3.1799994e-05
25S02882835,Streptococcus_anginosus,0.0,2.9099994e-05
25S02882835,Enterococcus_faecalis,0.0,2.7399995e-05
25S02882835,GGB3034_SGB4030,0.0,2.0699996e-05
25S02882835,GGB3463_SGB4621,0.0,2.0499996e-05
25S02882835,Enterococcus_SGB6173,0.0,1.9499996e-05
25S02882835,Leuconostoc_lactis,0.0,1.9099996e-05
25S02882835,Clostridium_sp_NSJ_42,0.0,1.0299998e-05
25S02882835,Weissella_confusa,0.0,9.4999981e-06
25S02882835,Streptococcus_cristatus,0.0,8.7999982e-06
25S02882835,Eubacterium_infirmum,0.0,7.7999984e-06
25S02882835,Actinomyces_sp_ICM47,0.0,6.6999987e-06
25S02882835,Streptococcus_vestibularis,0.0,6.3999987e-06
25S02882835,Solobacterium_SGB6834,0.0,5.9999988e-06
25S02882835,Anaerofustis_stercorihominis,0.0,5.7999988e-06
25S02882835,Gemella_morbillorum,0.0,5.6999989e-06
25S02882835,Streptococcus_oralis,0.0,5.2999989e-06
25S02882835,Lancefieldella_rimae,0.0,4.999999e-06
25S02882835,Actinomyces_graevenitzii,0.0,4.799999e-06
25S02882835,GGB3385_SGB4471,0.0,3.7999992e-06
25S02882835,Clostridium_sp_NSJ_6,0.0,3.1999994e-06
25S02882835,Veillonella_atypica,0.0,2.6999995e-06
25S02882835,Clostridium_disporicum,0.0,2.5999995e-06
25S02882835,Peptoniphilus_lacrimalis,0.0,2.1999996e-06
25S02882835,Phocaeicola_plebeius,0.0,1.9999996e-06
25S02882835,Streptococcus_sanguinis,0.0,1.9999996e-06
25S02882835,Lancefieldella_parvula,0.0,1.7999996e-06
25S02882835,Bifidobacterium_dentium,0.0,1.6999997e-06
25S02882835,Actinomyces_SGB17157,0.0,1.5999997e-06
25S02882835,Actinomyces_SGB17132,0.0,1.2999997e-06
25S02882835,Ezakiella_SGB6726,0.0,1.2999997e-06
25S02882835,Streptococcus_parauberis,0.0,9.999998e-07
25S02882835,Eubacterium_nodatum,0.0,8.9999982e-07
25S02882835,Eubacterium_SGB4961,0.0,7.9999984e-07
25S02882835,GGB3453_SGB4607,0.0,5.9999988e-07
25S02882835,Bifidobacterium_catenulatum,0.0,4.999999e-07
25S02882835,Streptococcus_intermedius,0.0,2.9999994e-07
25S02898343,Phocaeicola_plebeius,0.41001819,0.17657128
25S02898343,Phocaeicola_vulgatus,0.10591625,0.058975659
25S02898343,GGB3363_SGB4447,0.096108052,0.048970849
25S02898343,Bacteroides_uniformis,0.052781974,0.024662925
25S02898343,Clostridium_sp_AM22_11AC,0.042439679,0.064615465
25S02898343,Dialister_hominis,0.041828379,0.026739927
25S02898343,Bacteroides_stercoris,0.034577883,0.014975815
25S02898343,Ruminococcus_torques,0.028262086,0.1985748
25S02898343,Blautia_wexlerae,0.02004519,0.039258339
25S02898343,Parasutterella_SGB9260,0.018661591,0.0096556097
25S02898343,Parabacteroides_distasonis,0.015747692,0.0072946073
25S02898343,Ruminococcus_sp_AF13_28,0.011713894,0.015328615
25S02898343,Bacteroides_ovatus,0.0081789959,0.0044623045
25S02898343,Ruminococcus_gnavus,0.0077574961,0.067264567
25S02898343,Anaerostipes_hadrus,0.0076647962,0.012419312
25S02898343,Clostridiaceae_bacterium_Marseille_Q3526,0.0073963963,0.0054238054
25S02898343,Dysosmobacter_welbionis,0.006074697,0.0020888021
25S02898343,Clostridiaceae_bacterium_AF18_31LB,0.006001997,0.006000106
25S02898343,Amedibacterium_intestinale,0.0055504972,0.023475723
25S02898343,Escherichia_coli,0.0052546974,0.0017093017
25S02898343,Parabacteroides_merdae,0.0051059974,0.0021970022
25S02898343,Bacteroides_caccae,0.0045905977,0.0026114026
25S02898343,Tyzzerella_nexilis,0.0044382978,0.017577118
25S02898343,Erysipelatoclostridium_ramosum,0.0043589978,0.0098425098
25S02898343,Bifidobacterium_pseudocatenulatum,0.0034997983,0.038792539
25S02898343,Flavonifractor_plautii,0.0034719983,0.0014011014
25S02898343,Bifidobacterium_adolescentis,0.0033234983,0.042177142
25S02898343,Bacteroides_xylanisolvens,0.0026397987,0.0014797015
25S02898343,Bacteroides_thetaiotaomicron,0.0026002987,0.0011865012
25S02898343,Blautia_hansenii,0.0025046987,0.024931825
25S02898343,Enterocloster_bolteae,0.0023169988,0.00054910055
25S02898343,Eggerthella_lenta,0.0021924989,0.0021884022
25S02898343,Faecalimonas_umbilicata,0.001961099,0.01047611
25S02898343,Clostridium_SGB4750,0.0017383991,0.0014478014
25S02898343,Enterocloster_aldenensis,0.0017199991,0.00048990049
25S02898343,Blautia_SGB4815,0.0013314993,0.0037035037
25S02898343,Longicatena_caecimuris,0.0012009994,0.0021840022
25S02898343,Bifidobacterium_longum,0.0011167994,0.0025383025
25S02898343,Ruthenibacterium_lactatiformans,0.0010550995,0.00058530059
25S02898343,Coprobacter_fastidiosus,0.0010377995,0.00042910043
25S02898343,Fusobacterium_ulcerans,0.00090799955,0.00061360061
25S02898343,Barnesiella_intestinihominis,0.00083089958,0.00038600039
25S02898343,Clostridiaceae_bacterium,0.0008011996,0.0028953029
25S02898343,Parasutterella_excrementihominis,0.00077499961,0.00042920043
25S02898343,Blautia_caecimuris,0.00073489963,0.0067006067
25S02898343,GGB3538_SGB4728,0.00073219963,0.00036690037
25S02898343,Hungatella_hathewayi,0.00069629965,0.00055070055
25S02898343,Enterocloster_clostridioformis,0.00066299967,0.00017770018
25S02898343,Clostridium_sp_C5_48,0.00062709969,0.00031090031
25S02898343,Bacteroides_faecis,0.0006046997,0.00027600028
25S02898343,Holdemania_massiliensis,0.00045499977,0.0001991002
25S02898343,GGB55957_SGB77276,0.0004060998,0.00026970027
25S02898343,Clostridium_butyricum,0.0003922998,0.00095510096
25S02898343,Bacteroides_fragilis,0.00038929981,0.00018950019
25S02898343,GGB9743_SGB15349,0.00036369982,0.00015650016
25S02898343,Phascolarctobacterium_SGB4573,0.00032239984,0.00063190063
25S02898343,Alistipes_putredinis,0.00029349985,8.6500087e-05
25S02898343,Odoribacter_splanchnicus,0.00028199986,0.00010550011
25S02898343,Phascolarctobacterium_faecium,0.00027559986,0.00024020024
25S02898343,Veillonella_parvula,0.00027389986,0.00018110018
25S02898343,Streptococcus_parasanguinis,0.00026329987,0.00027190027
25S02898343,Alistipes_onderdonkii,0.00026139987,7.020007e-05
25S02898343,Haemophilus_parainfluenzae,0.00025769987,0.00011430011
25S02898343,Oscillospiraceae_bacterium_N12,0.00024479988,0.00011790012
25S02898343,Streptococcus_salivarius,0.00023189988,0.00037880038
25S02898343,Adlercreutzia_equolifaciens,0.00023009988,0.00024080024
25S02898343,Collinsella_SGB4121,0.00021199989,0.00027350027
25S02898343,Dielma_fastidiosa,0.0002055999,0.00022590023
25S02898343,Enterocloster_citroniae,0.0002023999,7.3200073e-05
25S02898343,GGB51510_SGB71883,0.0002009999,0.00011670012
25S02898343,Sellimonas_intestinalis,0.00018309991,0.0023657024
25S02898343,Eubacterium_callanderi,0.00018009991,0.00048040048
25S02898343,Klebsiella_pneumoniae,0.00017169991,7.8700079e-05
25S02898343,Bittarella_massiliensis,0.00015389992,8.5100085e-05
25S02898343,Anaerotignum_lactatifermentans,0.00015179992,0.00011220011
25S02898343,Blautia_producta,0.00013589993,0.00061680062
25S02898343,Romboutsia_timonensis,0.00013379993,0.00012460012
25S02898343,Alistipes_finegoldii,0.00013009993,4.0500041e-05
25S02898343,Streptococcus_gordonii,0.00011709994,9.1400091e-05
25S02898343,Eisenbergiella_massiliensis,8.9399955e-05,2.7400027e-05
25S02898343,Clostridia_bacterium_UC5_1_1D1,8.2399959e-05,4.8100048e-05
25S02898343,Levyella_massiliensis,8.1599959e-05,1.2900013e-05
25S02898343,Clostridium_leptum,6.5299967e-05,6.9100069e-05
25S02898343,Hydrogeniiclostidium_mannosilyticum,6.1699969e-05,3.4200034e-05
25S02898343,Veillonella_rogosae,6.079997e-05,2.3900024e-05
25S02898343,Veillonella_tobetsuensis,5.929997e-05,4.0500041e-05
25S02898343,GGB3817_SGB5182,5.6599972e-05,1.8400018e-05
25S02898343,Veillonella_dispar,5.2899974e-05,4.4700045e-05
25S02898343,Evtepia_gabavorous,4.8199976e-05,0.00011310011
25S02898343,TM7_phylum_sp_oral_taxon_352,4.6499977e-05,0.00013680014
25S02898343,Peptostreptococcus_SGB749,4.4499978e-05,2.4700025e-05
25S02898343,Lacticaseibacillus_paracasei,3.8099981e-05,0.00015630016
25S02898343,Massilioclostridium_coli,3.4899983e-05,9.5400095e-05
25S02898343,Butyricimonas_virosa,3.2599984e-05,1.4300014e-05
25S02898343,Streptococcus_infantis,2.9999985e-05,3.010003e-05
25S02898343,Candidatus_Nanosynsacchari_sp_TM7_ANC_38_39_G1_1,2.9399985e-05,2.3200023e-05
25S02898343,Rothia_mucilaginosa,2.6399987e-05,3.2900033e-05
25S02898343,Porphyromonas_bennonis,2.5199987e-05,1.7400017e-05
25S02898343,Clostridium_scindens,2.3999988e-05,0.0004006004
25S02898343,Pseudoflavonifractor_sp_An184,2.029999e-05,7.5000075e-06
25S02898343,Lachnospiraceae_bacterium_NSJ_29,1.8299991e-05,6.5000065e-05
25S02898343,Actinomyces_sp_ICM47,1.8099991e-05,4.7800048e-05
25S02898343,Streptococcus_sanguinis,1.7899991e-05,1.950002e-05
25S02898343,Streptococcus_australis,1.7399991e-05,1.9200019e-05
25S02898343,Lachnospira_sp_NSJ_43,1.6399992e-05,1.8700019e-05
25S02898343,Veillonella_atypica,1.5099992e-05,1.0500011e-05
25S02898343,Arachnia_SGB15899,1.3999993e-05,8.6000086e-06
25S02898343,GGB3537_SGB4727,1.1699994e-05,1.2000012e-06
25S02898343,Citrobacter_freundii,1.0699995e-05,1.6000016e-06
25S02898343,Actinomyces_sp_ph3,1.0399995e-05,1.7100017e-05
25S02898343,Streptococcus_mitis,1.0199995e-05,4.6000046e-06
25S02898343,Mogibacterium_diversum,9.6999952e-06,0.0001030001
25S02898343,Candidatus_Nanoperiomorbus_periodonticus,9.3999953e-06,8.8000088e-06
25S02898343,Prevotella_buccalis,8.6999957e-06,0.0
25S02898343,Fusobacterium_nucleatum,8.3999958e-06,0.0
25S02898343,Granulicatella_SGB8255,8.2999959e-06,5.6000056e-06
25S02898343,Eisenbergiella_tayi,8.1999959e-06,0.0
25S02898343,Peptostreptococcus_stomatis,8.1999959e-06,1.7900018e-05
25S02898343,Candidatus_Saccharibacteria_unclassified_SGB19847,7.0999965e-06,0.0
25S02898343,Prevotella_copri_clade_A,6.5999967e-06,1.7300017e-05
25S02898343,Klebsiella_quasivariicola,5.999997e-06,0.0
25S02898343,Bifidobacterium_dentium,5.5999972e-06,6.020006e-05
25S02898343,Enterococcus_faecium,5.3999973e-06,9.030009e-05
25S02898343,TM7_phylum_sp_oral_taxon_350,5.2999974e-06,8.000008e-07
25S02898343,Blautia_sp_Marseille_P3087,4.8999976e-06,2.1000021e-05
25S02898343,Arachnia_SGB15898,3.8999981e-06,5.9000059e-06
25S02898343,Streptococcus_oralis,3.8999981e-06,0.0
25S02898343,Turicibacter_bilis,3.8999981e-06,1.2500013e-05
25S02898343,Actinomyces_SGB17132,3.7999981e-06,1.7700018e-05
25S02898343,Clostridium_SGB4751,3.7999981e-06,8.2000082e-06
25S02898343,TM7_phylum_sp_oral_taxon_348,3.7999981e-06,2.7000027e-06
25S02898343,GGB3576_SGB4784,2.8999986e-06,5.9100059e-05
25S02898343,Luxibacter_massiliensis,2.5999987e-06,0.0
25S02898343,Phocaeicola_dorei,2.4999988e-06,3.000003e-06
25S02898343,Streptococcus_anginosus,2.1999989e-06,5.8000058e-05
25S02898343,Bacteroides_nordii,2.099999e-06,0.0
25S02898343,Haemophilus_sputorum,2.099999e-06,0.0
25S02898343,Escherichia_marmotae,1.8999991e-06,0.0
25S02898343,Lachnospiraceae_bacterium_oral_taxon_096,1.6999992e-06,0.0
25S02898343,Frisingicoccus_caecimuris,1.3999993e-06,8.6000086e-06
25S02898343,Lancefieldella_rimae,1.3999993e-06,6.4800065e-05
25S02898343,Aggregatibacter_segnis,1.1999994e-06,2.000002e-07
25S02898343,GGB9719_SGB15272,7.999996e-07,0.0
25S02898343,Prevotella_disiens,4.9999975e-07,0.0
25S02898343,Parvimonas_SGB6649,3.999998e-07,0.0
25S02898343,Parvimonas_micra,3.999998e-07,0.0
25S02898343,Phocaeicola_sartorii,2.9999985e-07,1.000001e-07
25S02898343,Pediococcus_acidilactici,0.0,0.00037740038
25S02898343,Eubacterium_sulci,0.0,0.00018340018
25S02898343,Solobacterium_SGB6834,0.0,5.6400056e-05
25S02898343,Intestinibacter_bartlettii,0.0,4.5300045e-05
25S02898343,Lactococcus_garvieae,0.0,2.4500025e-05
25S02898343,Eubacterium_nodatum,0.0,2.4300024e-05
25S02898343,Actinomyces_oris,0.0,2.3400023e-05
25S02898343,Anaerococcus_obesiensis,0.0,1.9100019e-05
25S02898343,Eubacterium_infirmum,0.0,1.8700019e-05
25S02898343,Eubacterium_rectale,0.0,1.8000018e-05
25S02898343,Streptococcus_mutans,0.0,1.7400017e-05
25S02898343,Fusicatenibacter_saccharivorans,0.0,1.5300015e-05
25S02898343,Lancefieldella_parvula,0.0,1.5000015e-05
25S02898343,Solobacterium_moorei,0.0,1.4400014e-05
25S02898343,Streptococcus_constellatus,0.0,1.2600013e-05
25S02898343,Isoptericola_variabilis,0.0,1.1100011e-05
25S02898343,Prevotella_SGB1680,0.0,1.1000011e-05
25S02898343,Anaerofustis_stercorihominis,0.0,8.5000085e-06
25S02898343,GGB9832_SGB15480,0.0,7.8000078e-06
25S02898343,Roseburia_faecis,0.0,7.8000078e-06
25S02898343,Solobacterium_SGB6829,0.0,7.3000073e-06
25S02898343,Actinomyces_SGB17163,0.0,6.3000063e-06
25S02898343,Clostridium_sp_1001270H_150608_G6,0.0,6.2000062e-06
25S02898343,Actinomyces_SGB17157,0.0,6.000006e-06
25S02898343,Actinomyces_graevenitzii,0.0,5.7000057e-06
25S02898343,Actinomyces_sp_ICM58,0.0,5.5000055e-06
25S02898343,Prevotella_timonensis,0.0,4.9000049e-06
25S02898343,Collinsella_SGB59878,0.0,4.6000046e-06
25S02898343,Actinomyces_sp_HMSC035G02,0.0,4.3000043e-06
25S02898343,Lactococcus_lactis,0.0,3.9000039e-06
25S02898343,Parascardovia_denticolens,0.0,3.9000039e-06
25S02898343,Bifidobacterium_catenulatum,0.0,3.3000033e-06
25S02898343,Schaalia_odontolytica,0.0,3.3000033e-06
25S02898343,Blautia_marasmi,0.0,2.6000026e-06
25S02898343,Dorea_longicatena,0.0,2.3000023e-06
25S02898343,Finegoldia_magna,0.0,2.3000023e-06
25S02898343,Ruminococcus_bromii,0.0,2.3000023e-06
25S02898343,Pauljensenia_hongkongensis,0.0,1.3000013e-06
25S02898343,Faecalicatena_fissicatena,0.0,1.1000011e-06
25S02898343,Actinobaculum_sp_oral_taxon_183,0.0,9.000009e-07
25S02898343,Anaerostipes_caccae,0.0,7.000007e-07
25S02898343,GGB3277_SGB4327,0.0,4.000004e-07
25S02898343,GGB79634_SGB5832,0.0,4.000004e-07
25S02898343,Bacteroides_eggerthii,0.0,3.000003e-07
25S02898343,Candidatus_Cibionibacter_quicibialis,0.0,3.000003e-07
25S02898343,Actinomyces_johnsonii,0.0,2.000002e-07
25S02898343,GGB51420_SGB4586,0.0,2.000002e-07
25S02898343,Lachnospira_eligens,0.0,2.000002e-07
25S02898343,Lactonifactor_sp_BIOML_A6,0.0,1.000001e-07
25S02898366,Prevotella_SGB1680,0.22005488,0.069821858
25S02898366,Phocaeicola_vulgatus,0.063998494,0.026401084
25S02898366,Paraprevotella_clara,0.052866695,0.01597089
25S02898366,Roseburia_inulinivorans,0.038357396,0.022578486
25S02898366,Lachnospira_pectinoschiza,0.032101397,0.021583487
25S02898366,Faecalibacterium_prausnitzii,0.031830597,0.0088322947
25S02898366,Bacteroides_uniformis,0.027646997,0.008318595
25S02898366,Ruminococcus_bromii,0.024300898,0.017892689
25S02898366,Parasutterella_SGB9260,0.024199098,0.010484794
25S02898366,GGB4266_SGB5809,0.020262098,0.010296794
25S02898366,GGB1495_SGB2071,0.020068498,0.0057471966
25S02898366,Clostridiales_bacterium_KLE1615,0.019815498,0.01665189
25S02898366,Eubacterium_rectale,0.018708998,0.063521162
25S02898366,Clostridium_sp_1001270H_150608_G6,0.018154098,0.041389875
25S02898366,Bacteroides_stercoris,0.016333198,0.004967297
25S02898366,GGB51269_SGB5062,0.016294198,0.010071094
25S02898366,Candidatus_Cibionibacter_quicibialis,0.015451398,0.024362385
25S02898366,Roseburia_faecis,0.014941499,0.030801782
25S02898366,Blautia_wexlerae,0.013905799,0.027180284
25S02898366,Lachnospira_eligens,0.012434499,0.015539191
25S02898366,Bacteroides_caccae,0.011128299,0.0036565978
25S02898366,Clostridium_sp_AF34_10BH,0.010689299,0.0043074974
25S02898366,Roseburia_sp_AF02_12,0.010478799,0.019272288
25S02898366,GGB9635_SGB15103,0.009884699,0.0054046968
25S02898366,Blautia_obeum,0.009616399,0.026646584
25S02898366,Bacteroides_thetaiotaomicron,0.0094551991,0.0030520982
25S02898366,GGB79734_SGB15291,0.0090820991,0.0052615968
25S02898366,Parabacteroides_distasonis,0.0085930991,0.0026519984
25S02898366,GGB3277_SGB4327,0.0082476992,0.026897284
25S02898366,GGB4596_SGB6358,0.0082322992,0.014564591
25S02898366,Alistipes_putredinis,0.0077914992,0.0021034987
25S02898366,GGB4717_SGB6533,0.0077601992,0.0075476955
25S02898366,Collinsella_SGB14861,0.0072520993,0.0064621961
25S02898366,Oscillibacter_sp_ER4,0.0068502993,0.0039274976
25S02898366,Bacteroides_ovatus,0.0063305994,0.0023381986
25S02898366,Parabacteroides_merdae,0.0062361994,0.0018885989
25S02898366,Bacteroides_fragilis,0.0054613995,0.0017544989
25S02898366,Clostridium_fessum,0.0052437995,0.0040732976
25S02898366,Anaerotignum_faecicola,0.0050471995,0.0013946992
25S02898366,Ruminococcus_bovis,0.0049446995,0.004945697
25S02898366,Clostridium_sp_AM22_11AC,0.0047994995,0.0028236983
25S02898366,Escherichia_coli,0.0046744995,0.0025787985
25S02898366,Gemmiger_formicilis,0.0045817995,0.0093032944
25S02898366,Lacrimispora_amygdalina,0.0044622996,0.0022575986
25S02898366,Faecalibacterium_SGB15346,0.0043766996,0.0012711992
25S02898366,Ruminococcus_callidus,0.0033855997,0.0076826954
25S02898366,Bilophila_wadsworthia,0.0033025997,0.0014101992
25S02898366,Bifidobacterium_longum,0.0032971997,0.013582292
25S02898366,Anaerostipes_hadrus,0.0031285997,0.0056203966
25S02898366,GGB33469_SGB15236,0.0030112997,0.0012220993
25S02898366,Alistipes_communis,0.0029137997,0.00061579963
25S02898366,Dysosmobacter_sp_BX15,0.0026374997,0.0009999994
25S02898366,Ruminococcus_torques,0.0025702997,0.021675587
25S02898366,Fusicatenibacter_saccharivorans,0.0023984998,0.053425568
25S02898366,GGB3612_SGB4882,0.0023178998,0.0014071992
25S02898366,Eubacteriales_unclassified_SGB15145,0.0022292998,0.0013421992
25S02898366,Butyricimonas_paravirosa,0.0021937998,0.00073849956
25S02898366,Butyricimonas_SGB15260,0.0021728998,0.0010323994
25S02898366,Clostridium_sp_AF12_28,0.0020511998,0.0010776994
25S02898366,Lachnospira_sp_NSJ_43,0.0020152998,0.0022579986
25S02898366,Lachnospiraceae_bacterium_AM48_27BH,0.0020145998,0.00093769944
25S02898366,Lachnospiraceae_bacterium_BX3,0.0020107998,0.0045327973
25S02898366,Clostridiaceae_bacterium_AF18_31LB,0.0019769998,0.001625099
25S02898366,Coprococcus_comes,0.0019670998,0.018078889
25S02898366,GGB9713_SGB15249,0.0019655998,0.00090399946
25S02898366,Clostridiaceae_unclassified_SGB4771,0.0019100998,0.0014828991
25S02898366,Dorea_formicigenerans,0.0018629998,0.011371693
25S02898366,Ruminococcus_bicirculans,0.0018622998,0.0031392981
25S02898366,GGB3363_SGB4447,0.0018403998,0.003260198
25S02898366,Ruminococcus_sp_AF13_28,0.0017961998,0.0042066975
25S02898366,Clostridium_sp_AF34_13,0.0017838998,0.0024487985
25S02898366,Alistipes_shahii,0.0017444998,0.00038099977
25S02898366,Bifidobacterium_pseudocatenulatum,0.0017290998,0.030880181
25S02898366,GGB3619_SGB4894,0.0017079998,0.00063129962
25S02898366,Butyricimonas_faecihominis,0.0017063998,0.00058079965
25S02898366,Clostridium_sp_AM33_3,0.0016857998,0.00073729956
25S02898366,Collinsella_aerofaciens,0.0016135998,0.013740592
25S02898366,Clostridiaceae_bacterium_Marseille_Q4143,0.0014333999,0.0011135993
25S02898366,Agathobaculum_butyriciproducens,0.0013388999,0.0026274984
25S02898366,Anaerobutyricum_hallii,0.0013246999,0.00044389973
25S02898366,Eubacterium_ramulus,0.0012943999,0.0051915969
25S02898366,Faecalibacillus_intestinalis,0.0012476999,0.0056399966
25S02898366,Clostridiaceae_bacterium,0.0012376999,0.0037789977
25S02898366,Faecalicatena_fissicatena,0.0011693999,0.029206282
25S02898366,GGB3490_SGB4664,0.0011356999,0.0028671983
25S02898366,Clostridium_sp_AM42_4,0.0011253999,0.00056989966
25S02898366,GGB33928_SGB15225,0.0010983999,0.00046129972
25S02898366,Ruminococcus_lactaris,0.0010668999,0.0069530958
25S02898366,GGB51269_SGB5061,0.0010589999,0.00077329954
25S02898366,Clostridium_SGB4750,0.0010584999,0.0006738996
25S02898366,GGB9614_SGB15049,0.0010364999,0.00036259978
25S02898366,Alistipes_indistinctus,0.0010122999,0.00032299981
25S02898366,Alistipes_sp_AF17_16,0.0010116999,0.00027269984
25S02898366,Blautia_massiliensis,0.0009954999,0.008289595
25S02898366,Evtepia_gabavorous,0.0009547999,0.0022770986
25S02898366,Blautia_glucerasea,0.00094719991,0.0021590987
25S02898366,Dysosmobacter_welbionis,0.00093169991,0.00036439978
25S02898366,Blautia_faecis,0.00092409991,0.012187193
25S02898366,Butyricicoccus_sp_AM29_23AC,0.00092209991,0.00098489941
25S02898366,Butyricicoccus_SGB14990,0.00090269991,0.00075219955
25S02898366,Alistipes_senegalensis,0.00087279991,0.00018869989
25S02898366,GGB9699_SGB15216,0.00085539991,0.00044279973
25S02898366,GGB9616_SGB15052,0.00084899992,0.00030999981
25S02898366,Dorea_longicatena,0.00084009992,0.024977485
25S02898366,Bacteroides_xylanisolvens,0.00080829992,0.00034569979
25S02898366,Blautia_sp_Marseille_P3087,0.00076929992,0.0032246981
25S02898366,Clostridium_sp_AF20_17LB,0.00074419993,0.00037049978
25S02898366,GGB3828_SGB5197,0.00072119993,0.00051299969
25S02898366,Intestinimonas_butyriciproducens,0.00071559993,0.00040439976
25S02898366,Blautia_faecicola,0.00070029993,0.010091494
25S02898366,Clostridiaceae_bacterium_Marseille_Q3526,0.00066069993,0.0004953997
25S02898366,Vescimonas_coprocola,0.00064179994,0.0004938997
25S02898366,Comamonas_kerstersii,0.00060939994,0.00013519992
25S02898366,Clostridiales_bacterium,0.00058379994,0.00026499984
25S02898366,Roseburia_intestinalis,0.00054759995,0.00021159987
25S02898366,Flavonifractor_plautii,0.00048129995,0.00017889989
25S02898366,Coprococcus_catus,0.00047769995,0.0052282969
25S02898366,Hydrogenoanaerobacterium_saccharovorans,0.00047769995,0.00027749983
25S02898366,Eubacterium_ventriosum,0.00044939996,0.0026346984
25S02898366,Dorea_sp_AF36_15AT,0.00044399996,0.0013638992
25S02898366,Eubacteriaceae_bacterium,0.00043449996,0.0021310987
25S02898366,Dysosmobacter_sp_NSJ_60,0.00042239996,0.00027419984
25S02898366,Candidatus_Pseudoscilispira_faecavium,0.00033179997,0.00023409986
25S02898366,Adlercreutzia_equolifaciens,0.00030479997,0.0013615992
25S02898366,Klebsiella_pneumoniae,0.00027019997,7.6199954e-05
25S02898366,Roseburia_hominis,0.00025669997,0.00032319981
25S02898366,Lachnospiraceae_bacterium_Marseille_Q4251,0.00025049997,0.00012629992
25S02898366,Desulfovibrio_SGB5076,0.00024589998,0.00024209985
25S02898366,Holdemania_massiliensis,0.00024369998,7.1299957e-05
25S02898366,Bacteroides_finegoldii,0.00022889998,7.3199956e-05
25S02898366,Romboutsia_timonensis,0.00022869998,0.0014504991
25S02898366,Blautia_schinkii,0.00020699998,0.0055773967
25S02898366,Clostridium_sp_AF32_12BH,0.00019069998,9.7099942e-05
25S02898366,GGB3653_SGB4964,0.00018809998,0.00059859964
25S02898366,GGB13404_SGB14252,0.00016839998,7.7599953e-05
25S02898366,GGB51441_SGB71759,0.00015749998,0.00020729988
25S02898366,Waltera_intestinalis,0.00014849999,6.8299959e-05
25S02898366,Collinsella_SGB4121,0.00014029999,0.0003279998
25S02898366,GGB52130_SGB14966,0.00013729999,7.1799957e-05
25S02898366,Pyramidobacter_piscolens,0.00012469999,5.4399967e-05
25S02898366,Ruthenibacterium_lactatiformans,0.00011219999,0.00010919993
25S02898366,GGB3746_SGB5089,0.00010879999,0.00010249994
25S02898366,Lachnospiraceae_bacterium,0.00010429999,0.0026494984
25S02898366,Gordonibacter_pamelaeae,0.00010339999,7.6299954e-05
25S02898366,Weissella_confusa,0.00010269999,0.00061779963
25S02898366,GGB9619_SGB15067,9.4699991e-05,2.4199985e-05
25S02898366,Anaerobutyricum_soehngenii,8.2699992e-05,1.689999e-05
25S02898366,Christensenellaceae_bacterium_NSJ_63,8.1699992e-05,4.8899971e-05
25S02898366,Bacteroides_clarus,8.0499992e-05,2.3099986e-05
25S02898366,Hungatella_hathewayi,8.0299992e-05,5.4499967e-05
25S02898366,Anaerotruncus_colihominis,8.0099992e-05,5.0899969e-05
25S02898366,Dorea_sp_AF24_7LB,7.9099992e-05,0.001723099
25S02898366,Streptococcus_salivarius,7.8099992e-05,0.0012318993
25S02898366,Blautia_luti,7.7499992e-05,0.00030199982
25S02898366,Enterocloster_citroniae,7.3499993e-05,1.3399992e-05
25S02898366,Lachnospiraceae_bacterium_NSJ_46,7.2299993e-05,0.0012224993
25S02898366,Haemophilus_parainfluenzae,7.1799993e-05,3.6999978e-05
25S02898366,Pseudoflavonifractor_gallinarum,7.0299993e-05,3.1499981e-05
25S02898366,GGB2653_SGB3574,6.8999993e-05,0.00034719979
25S02898366,Neobittarella_massiliensis,6.8799993e-05,5.5099967e-05
25S02898366,Klebsiella_variicola,6.5899993e-05,2.5199985e-05
25S02898366,Blautia_SGB4815,6.5799993e-05,0.00032239981
25S02898366,Peptostreptococcus_stomatis,6.4499994e-05,6.9299958e-05
25S02898366,GGB4716_SGB14929,6.1699994e-05,8.299995e-06
25S02898366,Enterococcus_faecalis,5.6699994e-05,0.00077239954
25S02898366,Streptococcus_parasanguinis,5.4799995e-05,0.00047079972
25S02898366,Clostridium_symbiosum,5.4099995e-05,3.5599979e-05
25S02898366,Lawsonibacter_asaccharolyticus,5.3899995e-05,1.0399994e-05
25S02898366,Escherichia_marmotae,5.3799995e-05,2.7999983e-05
25S02898366,Clostridia_bacterium_UC5_1_1D1,4.8999995e-05,3.1199981e-05
25S02898366,GGB4658_SGB6445,4.7499995e-05,6.0399964e-05
25S02898366,Raoultibacter_timonensis,4.5599995e-05,5.009997e-05
25S02898366,Prevotella_copri_clade_A,4.3699996e-05,0.00010149994
25S02898366,Rothia_mucilaginosa,4.2899996e-05,9.4099944e-05
25S02898366,Veillonella_rogosae,4.0199996e-05,7.4999955e-06
25S02898366,Phocea_massiliensis,3.6799996e-05,3.0699982e-05
25S02898366,Mediterraneibacter_butyricigenes,3.4699997e-05,0.00019839988
25S02898366,Citrobacter_freundii,3.1299997e-05,6.2999962e-06
25S02898366,Streptococcus_mitis,3.0399997e-05,8.8999947e-05
25S02898366,Clostridium_saudiense,2.9999997e-05,0.00021799987
25S02898366,Enterocloster_bolteae,2.9999997e-05,1.2099993e-05
25S02898366,Eggerthella_lenta,2.8899997e-05,9.1799945e-05
25S02898366,Veillonella_parvula,2.8899997e-05,2.3099986e-05
25S02898366,Porphyromonas_endodontalis,2.7799997e-05,3.7999977e-06
25S02898366,Holdemania_filiformis,2.2399998e-05,7.1999957e-06
25S02898366,Intestinibacillus_sp_Marseille_P6563,2.2299998e-05,9.5999942e-06
25S02898366,Weissella_cibaria,2.0699998e-05,0.00022229987
25S02898366,Granulicatella_SGB8255,1.9899998e-05,7.6199954e-05
25S02898366,Parvimonas_micra,1.6999998e-05,3.1399981e-05
25S02898366,Ruminococcus_gnavus,1.5699998e-05,0.00014459991
25S02898366,Turicibacter_sanguinis,1.3899999e-05,6.659996e-05
25S02898366,Mediterraneibacter_glycyrrhizinilyticus,1.3199999e-05,0.00011829993
25S02898366,Lactococcus_lactis,1.1499999e-05,0.00017899989
25S02898366,Coprobacillus_cateniformis,1.1399999e-05,4.7599971e-05
25S02898366,Leuconostoc_lactis,1.1199999e-05,0.00010919993
25S02898366,Clostridium_butyricum,1.1099999e-05,1.4199991e-05
25S02898366,Streptococcus_infantis,9.799999e-06,9.6399942e-05
25S02898366,Actinomyces_SGB17132,8.9999991e-06,2.0299988e-05
25S02898366,Streptococcus_sanguinis,8.8999991e-06,4.1499975e-05
25S02898366,Enterococcus_SGB6173,8.7999991e-06,0.00020019988
25S02898366,Candidatus_Nanosynsacchari_sp_TM7_ANC_38_39_G1_1,8.5999991e-06,1.0399994e-05
25S02898366,Candidatus_Alloruminococcus_vanvlietii,8.0999992e-06,2.0999987e-06
25S02898366,Parasutterella_excrementihominis,6.3999994e-06,3.0999981e-06
25S02898366,Ligilactobacillus_SGB15290,6.2999994e-06,3.6999978e-06
25S02898366,Clostridium_SGB6179,5.9999994e-06,2.3599986e-05
25S02898366,Collinsella_SGB14987,5.8999994e-06,4.999997e-06
25S02898366,Dialister_pneumosintes,5.3999995e-06,1.589999e-05
25S02898366,Massilimicrobiota_timonensis,4.7999995e-06,8.8399947e-05
25S02898366,Veillonella_atypica,4.2999996e-06,1.4999991e-06
25S02898366,Clostridium_sp_1001270J_160509_D11,4.1999996e-06,6.1799963e-05
25S02898366,Gemella_morbillorum,4.1999996e-06,7.4799955e-05
25S02898366,Candidatus_Saccharibacteria_unclassified_SGB19858,4.0999996e-06,0.0
25S02898366,Alloprevotella_tannerae,3.4999997e-06,0.0
25S02898366,Bilophila_SGB15451,2.7999997e-06,0.0
25S02898366,Actinomyces_sp_ph3,2.5999997e-06,0.0
25S02898366,Actinomyces_sp_ICM47,2.2999998e-06,1.639999e-05
25S02898366,Ruminococcaceae_bacterium_AM28_23LB,2.0999998e-06,1.699999e-06
25S02898366,Bacteroides_faecis,1.9999998e-06,0.0
25S02898366,Phocaeicola_dorei,1.9999998e-06,7.3999956e-06
25S02898366,Klebsiella_quasipneumoniae,1.4999999e-06,0.0
25S02898366,Streptococcus_constellatus,1.0999999e-06,9.999994e-05
25S02898366,TM7_phylum_sp_oral_taxon_348,9.999999e-07,3.7999977e-06
25S02898366,Fusobacterium_nucleatum,8.9999991e-07,7.7999953e-06
25S02898366,Peptostreptococcus_SGB749,8.9999991e-07,1.599999e-06
25S02898366,Roseburia_SGB4939,8.9999991e-07,0.0
25S02898366,Veillonella_dispar,3.9999996e-07,0.0
25S02898366,Bulleidia_extructa,1.9999998e-07,1.1599993e-05
25S02898366,Streptococcus_pasteurianus,0.0,0.00014239991
25S02898366,Eubacterium_sulci,0.0,0.00011659993
25S02898366,Clostridium_sp_NSJ_42,0.0,9.8299941e-05
25S02898366,Streptococcus_australis,0.0,6.2799962e-05
25S02898366,Gemella_sanguinis,0.0,5.009997e-05
25S02898366,Actinomyces_SGB17163,0.0,4.7199972e-05
25S02898366,Lactococcus_petauri,0.0,3.9099977e-05
25S02898366,Enterococcus_faecium,0.0,3.4499979e-05
25S02898366,Lactococcus_garvieae,0.0,3.1899981e-05
25S02898366,Solobacterium_moorei,0.0,3.0399982e-05
25S02898366,Streptococcus_anginosus,0.0,2.9599982e-05
25S02898366,Eubacterium_infirmum,0.0,2.7199984e-05
25S02898366,Lancefieldella_rimae,0.0,2.3199986e-05
25S02898366,Streptococcus_cristatus,0.0,2.3199986e-05
25S02898366,Actinomyces_graevenitzii,0.0,1.9799988e-05
25S02898366,Turicibacter_bilis,0.0,1.719999e-05
25S02898366,Mogibacterium_diversum,0.0,1.659999e-05
25S02898366,Actinomyces_sp_ICM58,0.0,1.629999e-05
25S02898366,Actinomyces_SGB17168,0.0,1.5799991e-05
25S02898366,Solobacterium_SGB6829,0.0,1.5499991e-05
25S02898366,Granulicatella_adiacens,0.0,9.8999941e-06
25S02898366,Intestinibacter_bartlettii,0.0,9.6999942e-06
25S02898366,Massilioclostridium_coli,0.0,9.0999945e-06
25S02898366,Mogibacterium_timidum,0.0,8.7999947e-06
25S02898366,Enterococcus_hirae,0.0,8.299995e-06
25S02898366,Lancefieldella_parvula,0.0,8.1999951e-06
25S02898366,GGB10485_SGB49305,0.0,7.8999953e-06
25S02898366,Romboutsia_ilealis,0.0,7.0999957e-06
25S02898366,Collinsella_SGB47280,0.0,6.7999959e-06
25S02898366,Gemella_haemolysans,0.0,6.699996e-06
25S02898366,Corynebacterium_durum,0.0,6.599996e-06
25S02898366,Clostridium_cuniculi,0.0,5.7999965e-06
25S02898366,Leuconostoc_citreum,0.0,5.3999968e-06
25S02898366,Streptococcus_oralis,0.0,5.2999968e-06
25S02898366,Phocaeicola_coprocola,0.0,3.299998e-06
25S02898366,Gemella_SGB7284,0.0,3.0999981e-06
25S02898366,Bifidobacterium_catenulatum,0.0,1.4999991e-06
25S02898366,Slackia_exigua,0.0,1.4999991e-06
25S02898366,Enterococcus_casseliflavus,0.0,1.3999992e-06
25S02898366,Kluyvera_SGB71764,0.0,1.3999992e-06
25S02898366,Lacrimispora_celerecrescens,0.0,8.9999946e-07
25S02898366,Sellimonas_intestinalis,0.0,6.9999958e-07
25S02898366,Clostridium_SGB5113,0.0,2.9999982e-07
25S02898373,Phocaeicola_vulgatus,0.068992107,0.016433802
25S02898373,Prevotella_marseillensis,0.067806807,0.013375301
25S02898373,Ruminococcus_bicirculans,0.061016206,0.037887804
25S02898373,Ruminococcus_bromii,0.056323606,0.018197602
25S02898373,GGB3304_SGB4367,0.042752104,0.013243501
25S02898373,Candidatus_Cibionibacter_quicibialis,0.036313504,0.018893202
25S02898373,Alistipes_putredinis,0.032787003,0.0041465004
25S02898373,Coprococcus_eutactus,0.031373603,0.048958805
25S02898373,Faecalibacterium_prausnitzii,0.028960903,0.0077535008
25S02898373,Bacteroides_finegoldii,0.028415003,0.0052062005
25S02898373,Roseburia_sp_AM23_20,0.027211903,0.011822801
25S02898373,Eubacterium_rectale,0.024917102,0.021784802
25S02898373,GGB16040_SGB9347,0.023028302,0.0031663003
25S02898373,Bacteroides_stercoris,0.018243702,0.0032265003
25S02898373,Oscillibacter_sp_ER4,0.017612402,0.0038233004
25S02898373,Phocaeicola_massiliensis,0.017582202,0.0036679004
25S02898373,GGB79734_SGB15291,0.015594902,0.010081301
25S02898373,Blautia_wexlerae,0.014810501,0.016875602
25S02898373,Haemophilus_SGB5071,0.014115801,0.0088133009
25S02898373,Megamonas_funiformis,0.013666301,0.0063903006
25S02898373,Fusicatenibacter_saccharivorans,0.013330201,0.16729852
25S02898373,Roseburia_sp_AM59_24XD,0.012924601,0.0084302008
25S02898373,Bacteroides_uniformis,0.012323601,0.0020390002
25S02898373,Lachnospira_eligens,0.011092701,0.0050725005
25S02898373,Clostridium_fessum,0.010646301,0.0026936003
25S02898373,Phascolarctobacterium_succinatutens,0.010130601,0.0022131002
25S02898373,Alistipes_shahii,0.009633701,0.0010139001
25S02898373,Waltera_intestinalis,0.0091712009,0.0020607002
25S02898373,Clostridiaceae_bacterium_Marseille_Q4149,0.0085607009,0.0044775004
25S02898373,GGB3277_SGB4327,0.0077614008,0.035651304
25S02898373,GGB1249_SGB1670,0.0072785007,0.0011148001
25S02898373,GGB80011_SGB15265,0.0071014007,0.0011979001
25S02898373,Butyricimonas_SGB15260,0.0066046007,0.0016522002
25S02898373,Parasutterella_SGB9260,0.0063934006,0.0016638002
25S02898373,Bilophila_wadsworthia,0.0059344006,0.0012348001
25S02898373,Clostridiales_bacterium_KLE1615,0.0056011006,0.0029805003
25S02898373,Dysosmobacter_sp_BX15,0.0053720005,0.0011311001
25S02898373,Roseburia_sp_AM16_25,0.0052527005,0.0074758007
25S02898373,Clostridium_sp_AF36_4,0.0052186005,0.0043458004
25S02898373,Clostridium_sp_AM22_11AC,0.0051481005,0.0014101001
25S02898373,Anaerotignum_faecicola,0.0051446005,0.00076000008
25S02898373,Clostridiaceae_bacterium,0.0049089005,0.0045805005
25S02898373,Mesosutterella_multiformis,0.0048166005,0.00071320007
25S02898373,Ruminococcus_SGB4421,0.0046217005,0.0069377007
25S02898373,Ruminococcus_torques,0.0044861004,0.089874909
25S02898373,Desulfovibrio_fairfieldensis,0.0041214004,0.0014823001
25S02898373,Gemmiger_formicilis,0.0040008004,0.0024509002
25S02898373,Faecalibacterium_SGB15346,0.0038726004,0.0011551001
25S02898373,Butyricicoccus_SGB14990,0.0036445004,0.0019111002
25S02898373,Alistipes_onderdonkii,0.0036262004,0.00038730004
25S02898373,GGB9747_SGB15356,0.0035212004,0.00051480005
25S02898373,Lachnospiraceae_bacterium_BX3,0.0033868003,0.0041457004
25S02898373,Parabacteroides_distasonis,0.0033716003,0.00059560006
25S02898373,GGB9699_SGB15216,0.0032732003,0.0016112002
25S02898373,Lachnospiraceae_bacterium_AM48_27BH,0.0029656003,0.00060540006
25S02898373,Faecalibacillus_intestinalis,0.0029458003,0.011649501
25S02898373,Bacteroides_eggerthii,0.0027617003,0.00049660005
25S02898373,GGB4644_SGB6428,0.0027419003,0.016148002
25S02898373,Odoribacter_splanchnicus,0.0027293003,0.00050130005
25S02898373,GGB33469_SGB15236,0.0025751003,0.00053980005
25S02898373,Faecalibacillus_faecis,0.0025565003,0.0089117009
25S02898373,Rheinheimera_SGB14999,0.0025161003,0.00059570006
25S02898373,GGB9760_SGB15374,0.0024877002,0.00048990005
25S02898373,Anaerobutyricum_hallii,0.0024244002,0.00046210005
25S02898373,Paraprevotella_clara,0.0024165002,0.00040560004
25S02898373,GGB9758_SGB15368,0.0023996002,0.00063490006
25S02898373,Parabacteroides_merdae,0.0023075002,0.00042650004
25S02898373,Bacteroides_thetaiotaomicron,0.0020803002,0.00037190004
25S02898373,Dorea_formicigenerans,0.0020777002,0.012064901
25S02898373,Coprococcus_comes,0.0020598002,0.009796501
25S02898373,Butyricimonas_faecalis,0.0020373002,0.00037300004
25S02898373,Collinsella_aerofaciens,0.0020268002,0.014300701
25S02898373,Eubacterium_ramulus,0.0020199002,0.018073102
25S02898373,Dorea_longicatena,0.0019425002,0.045337105
25S02898373,Clostridiaceae_bacterium_AF18_31LB,0.0019262002,0.00060230006
25S02898373,Blautia_obeum,0.0018740002,0.014175801
25S02898373,GGB9712_SGB15244,0.0018282002,0.00039320004
25S02898373,Blautia_faecis,0.0017660002,0.019636802
25S02898373,GGB9634_SGB15093,0.0017581002,0.00034700003
25S02898373,Ruthenibacterium_lactatiformans,0.0017459002,0.00053940005
25S02898373,Dysosmobacter_welbionis,0.0017158002,0.00032170003
25S02898373,Alistipes_finegoldii,0.0016510002,0.00018220002
25S02898373,GGB9713_SGB15249,0.0015920002,0.00022230002
25S02898373,Firmicutes_bacterium_AF16_15,0.0015332002,0.0009627001
25S02898373,Clostridium_sp_AF12_28,0.0014630001,0.00033310003
25S02898373,GGB9707_SGB15229,0.0014167001,0.00029270003
25S02898373,GGB9642_SGB15119,0.0013907001,0.0051631005
25S02898373,Dorea_sp_AF36_15AT,0.0013594001,0.0016316002
25S02898373,Barnesiella_intestinihominis,0.0013543001,0.00021730002
25S02898373,Agathobaculum_butyriciproducens,0.0013343001,0.0028366003
25S02898373,Bacteroides_caccae,0.0013301001,0.00024430002
25S02898373,Faecalicatena_fissicatena,0.0013047001,0.016101402
25S02898373,Vescimonas_SGB15087,0.0012927001,0.00071860007
25S02898373,Blautia_sp_MSK_20_85,0.0012289001,0.0047595005
25S02898373,Blautia_sp_Marseille_P3087,0.0011795001,0.0025381003
25S02898373,GGB9342_SGB14306,0.0011526001,0.00088150009
25S02898373,Bacteroides_ovatus,0.0011472001,0.00023040002
25S02898373,Anaerostipes_hadrus,0.0011341001,0.0029367003
25S02898373,Eubacteriaceae_bacterium,0.0011155001,0.0080657008
25S02898373,Bacteroides_xylanisolvens,0.0010888001,0.00019980002
25S02898373,Butyricimonas_virosa,0.0010233001,0.00017460002
25S02898373,Collinsella_SGB14861,0.0009796001,0.00043850004
25S02898373,Blautia_massiliensis,0.0009554001,0.0056695006
25S02898373,Eubacterium_ventriosum,0.00094380009,0.0092174009
25S02898373,Parasutterella_excrementihominis,0.00094050009,0.00026560003
25S02898373,Clostridium_sp_AM33_3,0.00093140009,0.00019090002
25S02898373,Clostridium_SGB4750,0.00091140009,0.00022150002
25S02898373,Flavonifractor_plautii,0.00087030009,0.00016180002
25S02898373,Clostridium_sp_AF20_17LB,0.00084670008,0.00019670002
25S02898373,GGB9608_SGB15042,0.00081780008,0.0017793002
25S02898373,Alistipes_sp_AF17_16,0.00080270008,8.8900009e-05
25S02898373,Clostridiaceae_bacterium_Marseille_Q4143,0.00079030008,0.00036100004
25S02898373,Clostridiales_bacterium,0.00078180008,0.00018130002
25S02898373,Lacrimispora_amygdalina,0.00076530008,0.00020720002
25S02898373,Eubacterium_sp_NSJ_61,0.00076460008,0.0019629002
25S02898373,GGB51884_SGB49168,0.00073390007,0.00016910002
25S02898373,Klebsiella_pneumoniae,0.00073230007,0.00018550002
25S02898373,GGB1663_SGB2279,0.00071050007,0.00012230001
25S02898373,Alistipes_ihumii,0.00070480007,7.5600008e-05
25S02898373,GGB33928_SGB15225,0.00069790007,0.00015090002
25S02898373,GGB13493_SGB15238,0.00064970006,0.00012690001
25S02898373,GGB80140_SGB15224,0.00064610006,0.00015290002
25S02898373,Nitrosopumilus_SGB14899,0.00063150006,0.00053600005
25S02898373,Escherichia_coli,0.00061900006,0.00024660002
25S02898373,Coprococcus_SGB4669,0.00060950006,0.0071084007
25S02898373,Vescimonas_coprocola,0.00059530006,0.0011517001
25S02898373,GGB2998_SGB3988,0.00058920006,0.00022950002
25S02898373,Alistipes_communis,0.00058890006,4.7100005e-05
25S02898373,Eubacteriales_unclassified_SGB15145,0.00057700006,0.00018690002
25S02898373,Coprobacter_fastidiosus,0.00056850006,0.00011400001
25S02898373,GGB1568_SGB2155,0.00055350006,8.2300008e-05
25S02898373,GGB9614_SGB15049,0.00049870005,7.9600008e-05
25S02898373,Hydrogenoanaerobacterium_saccharovorans,0.00048360005,0.00014170001
25S02898373,Blautia_stercoris,0.00047670005,0.0032486003
25S02898373,GGB2982_SGB3964,0.00047660005,0.0010811001
25S02898373,GGB80011_SGB15267,0.00047550005,0.00010900001
25S02898373,Ruminococcus_gnavus,0.00046670005,0.0065418007
25S02898373,Lacrimispora_celerecrescens,0.00045290005,0.010186801
25S02898373,GGB58485_SGB80143,0.00044700004,0.00051480005
25S02898373,Bacteroides_clarus,0.00042570004,7.4000007e-05
25S02898373,GGB9237_SGB14179,0.00041380004,0.00017170002
25S02898373,Bacteroides_intestinalis,0.00041070004,6.4200006e-05
25S02898373,Blautia_SGB4815,0.00040710004,0.00075010008
25S02898373,Bifidobacterium_longum,0.00040630004,0.0044764004
25S02898373,Clostridiales_Family_XIII_bacterium_BX16,0.00037190004,0.0010874001
25S02898373,Bacteroides_sp_AF16_49,0.00037000004,7.3000007e-05
25S02898373,Clostridium_leptum,0.00035330004,0.00022890002
25S02898373,Clostridiaceae_bacterium_Marseille_Q3526,0.00035060004,9.0800009e-05
25S02898373,Blautia_glucerasea,0.00034680003,0.00049570005
25S02898373,Holdemania_filiformis,0.00034600003,6.2000006e-05
25S02898373,GGB3828_SGB5197,0.00034360003,7.7600008e-05
25S02898373,GGB3653_SGB4964,0.00033980003,0.0030265003
25S02898373,Streptococcus_equinus,0.00033660003,0.0093246009
25S02898373,GGB9618_SGB15065,0.00033270003,4.8900005e-05
25S02898373,Lactonifactor_sp_BIOML_A6,0.00033150003,0.00021580002
25S02898373,Adlercreutzia_equolifaciens,0.00033090003,0.0011669001
25S02898373,GGB6648_SGB9389,0.00032670003,4.9300005e-05
25S02898373,Ruminococcus_sp_AF13_28,0.00030880003,0.00048420005
25S02898373,Anaerosacchariphilus_sp_NSJ_68,0.00029660003,0.00011150001
25S02898373,GGB41458_SGB58520,0.00028760003,0.00013730001
25S02898373,GGB2653_SGB3574,0.00028730003,0.00085520009
25S02898373,Lachnospiraceae_bacterium,0.00028200003,0.0042771004
25S02898373,GGB9616_SGB15052,0.00028060003,4.1800004e-05
25S02898373,Clostridium_sp_AF34_13,0.00027850003,0.00034870003
25S02898373,Clostridiaceae_unclassified_SGB4771,0.00027580003,6.6000007e-05
25S02898373,Dysosmobacter_sp_NSJ_60,0.00027130003,6.1300006e-05
25S02898373,Candidatus_Borkfalkia_ceftriaxoniphila,0.00026610003,1.5900002e-05
25S02898373,Allisonella_histaminiformans,0.00025990003,0.00021530002
25S02898373,Bifidobacterium_pseudocatenulatum,0.00025580003,0.0069716007
25S02898373,Eubacterium_sp_AF34_35BH,0.00024800002,0.0022476002
25S02898373,GGB9186_SGB14125,0.00024700002,9.2000009e-05
25S02898373,GGB9412_SGB14767,0.00024510002,0.00049660005
25S02898373,Roseburia_sp_AF02_12,0.00024230002,0.00010720001
25S02898373,GGB79770_SGB15022,0.00023200002,3.4600003e-05
25S02898373,GGB9359_SGB14334,0.00022890002,0.0012979001
25S02898373,Clostridium_SGB4751,0.00022720002,7.1600007e-05
25S02898373,Clostridiaceae_bacterium_Marseille_Q4145,0.00021900002,0.00010610001
25S02898373,Victivallis_lenta,0.00021770002,1.1600001e-05
25S02898373,Coprobacter_secundus,0.00021250002,4.3100004e-05
25S02898373,Alistipes_provencensis,0.00020830002,1.7300002e-05
25S02898373,Anaerobutyricum_soehngenii,0.00020680002,7.3100007e-05
25S02898373,Oscillospiraceae_bacterium_Marseille_Q3528,0.00020510002,2.5300003e-05
25S02898373,Clostridium_sp_AF27_2AA,0.00020040002,3.8200004e-05
25S02898373,Clostridium_sp_AM42_4,0.00019390002,3.6100004e-05
25S02898373,Bacteroides_bouchesdurhonensis,0.00019020002,2.9100003e-05
25S02898373,Christensenellaceae_bacterium_NSJ_63,0.00018410002,6.3900006e-05
25S02898373,Streptococcus_salivarius,0.00018200002,0.0026336003
25S02898373,Klebsiella_quasipneumoniae,0.00017980002,3.9500004e-05
25S02898373,GGB3321_SGB4394,0.00017730002,0.00011710001
25S02898373,GGB3588_SGB4808,0.00017270002,0.0012973001
25S02898373,GGB9062_SGB13981,0.00016730002,8.8000009e-06
25S02898373,Enterocloster_SGB14313,0.00016510002,5.0900005e-05
25S02898373,GGB9296_SGB14253,0.00016490002,0.00011530001
25S02898373,Negativibacillus_massiliensis,0.00016220002,0.00057650006
25S02898373,GGB9531_SGB14932,0.00014790001,5.7500006e-05
25S02898373,GGB9767_SGB15385,0.00014330001,6.9900007e-05
25S02898373,Bifidobacterium_adolescentis,0.00014320001,0.0017875002
25S02898373,Turicimonas_muris,0.00014270001,2.7700003e-05
25S02898373,Hungatella_hathewayi,0.00014090001,0.00010570001
25S02898373,GGB3061_SGB4063,0.00013660001,5.9100006e-05
25S02898373,GGB3619_SGB4894,0.00013540001,2.0600002e-05
25S02898373,GGB2980_SGB3962,0.00013390001,0.00050910005
25S02898373,Lachnospira_sp_NSJ_43,0.00013190001,8.6800009e-05
25S02898373,Alistipes_dispar,0.00012730001,1.0300001e-05
25S02898373,GGB4716_SGB14929,0.00012600001,9.600001e-06
25S02898373,GGB9786_SGB15409,0.00012380001,0.00012340001
25S02898373,Odoribacter_sp_AF15_53,0.00012230001,1.4900001e-05
25S02898373,Oscillospiraceae_bacterium_NSJ_64,0.00012090001,3.3400003e-05
25S02898373,Butyricimonas_sp_Marseille_P3923,0.00012050001,1.3500001e-05
25S02898373,Parabacteroides_bouchesdurhonensis,0.00011780001,1.9200002e-05
25S02898373,GGB9524_SGB14924,0.00011640001,7.0900007e-05
25S02898373,Eisenbergiella_tayi,0.00011490001,1.3300001e-05
25S02898373,Clostridium_sp_AF32_12BH,0.00011460001,2.3600002e-05
25S02898373,GGB79973_SGB14341,0.00011340001,0.00022640002
25S02898373,Lachnospiraceae_bacterium_OF09_6,0.00011230001,0.0018469002
25S02898373,Clostridia_bacterium_UC5_1_1D1,0.00011220001,4.6700005e-05
25S02898373,GGB59744_SGB2275,0.00011220001,1.0600001e-05
25S02898373,Methanobrevibacter_smithii,0.00011190001,0.00088790009
25S02898373,Pseudoglutamicibacter_SGB14255,0.00010880001,2.4800002e-05
25S02898373,GGB6518_SGB9205,0.00010770001,6.7000007e-06
25S02898373,GGB9200_SGB14139,0.00010460001,1.1400001e-05
25S02898373,Lachnotalea_sp_AF33_28,0.00010370001,2.7100003e-05
25S02898373,Ruminococcaceae_bacterium_AM28_23LB,0.00010270001,3.9300004e-05
25S02898373,Ruminococcaceae_bacterium_D5,0.00010180001,2.2100002e-05
25S02898373,Cloacibacillus_porcorum,9.930001e-05,9.3600009e-05
25S02898373,Streptococcus_mitis,9.530001e-05,0.00031320003
25S02898373,Dorea_sp_AF24_7LB,9.3200009e-05,0.0014668001
25S02898373,Blautia_hydrogenotrophica,9.2200009e-05,0.00030330003
25S02898373,Holdemania_massiliensis,9.1200009e-05,2.5800003e-05
25S02898373,Roseburia_inulinivorans,9.0200009e-05,1.7900002e-05
25S02898373,GGB3593_SGB4817,8.8900009e-05,0.00026780003
25S02898373,GGB36267_SGB14177,8.6300009e-05,6.6000007e-06
25S02898373,Klebsiella_variicola,8.6200009e-05,8.3000008e-06
25S02898373,Lachnospiraceae_bacterium_OM04_12BH,8.5800009e-05,1.5600002e-05
25S02898373,Phocea_massiliensis,8.5500009e-05,4.4700004e-05
25S02898373,Clostridiales_bacterium_Choco116,8.3100008e-05,2.1100002e-05
25S02898373,Weissella_cibaria,8.0900008e-05,0.0009965001
25S02898373,Lawsonibacter_asaccharolyticus,8.0100008e-05,5.3000005e-06
25S02898373,Parabacteroides_johnsonii,8.0100008e-05,8.3000008e-06
25S02898373,Leuconostoc_lactis,7.8600008e-05,0.0016009002
25S02898373,Enterobacter_roggenkampii,7.8300008e-05,6.8000007e-06
25S02898373,Mogibacterium_sp_BX12,7.5600008e-05,0.00067630007
25S02898373,GGB9719_SGB15273,7.2100007e-05,0.00017950002
25S02898373,GGB52130_SGB14966,7.0800007e-05,1.4700001e-05
25S02898373,Mediterraneibacter_butyricigenes,6.9000007e-05,0.00072640007
25S02898373,Eubacterium_sp_AF16_48,6.8900007e-05,0.0016254002
25S02898373,Anaerotruncus_rubiinfantis,6.8600007e-05,9.1000009e-06
25S02898373,GGB9724_SGB15278,6.7400007e-05,4.3000004e-06
25S02898373,Longicatena_caecimuris,6.7100007e-05,7.7300008e-05
25S02898373,Ruminococcus_sp_NSJ_13,6.3200006e-05,0.0037903004
25S02898373,Lachnospiraceae_bacterium_Marseille_Q4251,6.2500006e-05,1.7300002e-05
25S02898373,Megasphaera_hominis,6.1800006e-05,0.00010220001
25S02898373,Oscillibacter_sp_NSJ_62,6.1500006e-05,1.1600001e-05
25S02898373,GGB3570_SGB4777,6.1100006e-05,9.4300009e-05
25S02898373,Sanguibacteroides_justesenii,6.1100006e-05,8.7000009e-06
25S02898373,GGB9787_SGB15410,6.0000006e-05,9.880001e-05
25S02898373,GGB33586_SGB53517,5.9000006e-05,1.1000001e-05
25S02898373,GGB9788_SGB15411,5.7900006e-05,7.5400008e-05
25S02898373,Clostridiales_bacterium_NSJ_40,5.7600006e-05,1.1800001e-05
25S02898373,GGB51441_SGB71759,5.7300006e-05,3.7500004e-05
25S02898373,Massiliimalia_massiliensis,5.7300006e-05,0.00012030001
25S02898373,Coprococcus_catus,5.7200006e-05,0.00061410006
25S02898373,Lachnoclostridium_sp_An138,5.2400005e-05,2.5000003e-05
25S02898373,GGB9063_SGB13982,4.9600005e-05,0.0
25S02898373,GGB51959_SGB72479,4.9200005e-05,0.00017610002
25S02898373,GGB9765_SGB15382,4.9100005e-05,2.0500002e-05
25S02898373,Christensenella_minuta,4.8800005e-05,3.8000004e-05
25S02898373,GGB28474_SGB41058,4.8200005e-05,7.0000007e-07
25S02898373,Bacteroides_nordii,4.6100005e-05,5.2000005e-06
25S02898373,Clostridium_SGB6179,4.5500005e-05,0.00017530002
25S02898373,Rothia_mucilaginosa,4.4400004e-05,0.00031190003
25S02898373,Bacteroides_cellulosilyticus,4.4000004e-05,4.9000005e-06
25S02898373,GGB3537_SGB4727,4.3800004e-05,0.0
25S02898373,Clostridium_sp_AF34_10BH,4.3300004e-05,2.7900003e-05
25S02898373,GGB3815_SGB5180,4.3000004e-05,1.2800001e-05
25S02898373,GGB9619_SGB15067,3.7800004e-05,4.5000005e-06
25S02898373,GGB3005_SGB3996,3.7400004e-05,0.00012380001
25S02898373,Streptococcus_SGB14888,3.7400004e-05,5.4300005e-05
25S02898373,Christensenella_hongkongensis,3.5300004e-05,1.6900002e-05
25S02898373,Enterocloster_aldenensis,3.5300004e-05,0.0
25S02898373,Weissella_confusa,3.4700003e-05,0.00041950004
25S02898373,Streptococcus_infantis,3.4600003e-05,0.00018400002
25S02898373,Lachnospiraceae_bacterium_NSJ_29,3.4300003e-05,0.00025200003
25S02898373,Candidatus_Pararuminococcus_gallinarum,3.3700003e-05,1.1200001e-05
25S02898373,Candidatus_Nanosynsacchari_sp_TM7_ANC_38_39_G1_1,3.3400003e-05,4.9000005e-05
25S02898373,GGB13404_SGB14252,3.3200003e-05,6.1000006e-06
25S02898373,Kluyvera_ascorbata,3.0300003e-05,1.1000001e-06
25S02898373,Candidatus_Neoruminococcus_faecicola,2.7900003e-05,5.1000005e-06
25S02898373,Enterobacter_cloacae,2.4800002e-05,0.0
25S02898373,GGB9537_SGB14940,2.4700002e-05,0.0
25S02898373,Haemophilus_parainfluenzae,2.4500002e-05,6.9000007e-06
25S02898373,Mediterraneibacter_massiliensis,2.3800002e-05,0.00024400002
25S02898373,GGB58233_SGB79883,2.3300002e-05,9.4000009e-06
25S02898373,Streptococcus_rubneri,2.2700002e-05,0.00043570004
25S02898373,Christensenellaceae_bacterium_NSJ_53,2.2500002e-05,3.0200003e-05
25S02898373,Bifidobacterium_bifidum,2.2000002e-05,0.00062710006
25S02898373,Kluyvera_georgiana,2.1900002e-05,0.0
25S02898373,GGB9495_SGB14892,2.1200002e-05,2.1000002e-06
25S02898373,GGB9534_SGB14937,2.1200002e-05,0.0
25S02898373,Streptococcus_sanguinis,2.0700002e-05,8.6000009e-05
25S02898373,Christensenella_sp_NSJ_35,2.0200002e-05,1.5300002e-05
25S02898373,Oscillibacter_sp_PC13,1.9200002e-05,2.0000002e-07
25S02898373,Eisenbergiella_massiliensis,1.9000002e-05,1.1000001e-06
25S02898373,Oscillospiraceae_bacterium_BX1,1.7600002e-05,0.0
25S02898373,Citrobacter_freundii,1.7100002e-05,0.0
25S02898373,Enterocloster_citroniae,1.7000002e-05,0.0
25S02898373,Blautia_sp_OF03_15BH,1.6300002e-05,2.4000002e-06
25S02898373,GGB2848_SGB3813,1.6200002e-05,0.0
25S02898373,Ligilactobacillus_SGB15290,1.6000002e-05,4.3000004e-06
25S02898373,Parabacteroides_goldsteinii,1.5800002e-05,0.0
25S02898373,GGB3616_SGB4888,1.5300002e-05,2.5000003e-06
25S02898373,Anaerotruncus_colihominis,1.4800001e-05,0.0
25S02898373,Bittarella_massiliensis,1.4700001e-05,2.6000003e-06
25S02898373,Victivallis_vadensis,1.4200001e-05,0.0
25S02898373,GGB35068_SGB47850,1.3300001e-05,0.00027370003
25S02898373,Faecalibacterium_SGB15315,1.3100001e-05,1.1000001e-06
25S02898373,GGB9561_SGB14972,1.3000001e-05,6.5900007e-05
25S02898373,Streptococcus_oralis,1.2700001e-05,2.4600002e-05
25S02898373,Clostridium_butyricum,1.2600001e-05,3.3700003e-05
25S02898373,Kluyvera_sichuanensis,1.2100001e-05,0.0
25S02898373,GGB9345_SGB14311,1.1800001e-05,0.0
25S02898373,Granulicatella_SGB8255,1.1400001e-05,8.7900009e-05
25S02898373,GGB3892_SGB5290,1.0900001e-05,3.6800004e-05
25S02898373,Candidatus_Alloruminococcus_vanvlietii,1.0700001e-05,0.0
25S02898373,TM7_phylum_sp_oral_taxon_352,1.0400001e-05,3.1400003e-05
25S02898373,Candidatus_Geddesella_stercoravicola,1.0300001e-05,2.2500002e-05
25S02898373,Parvimonas_micra,9.2000009e-06,4.7000005e-06
25S02898373,Puniceicoccaceae_unclassified_SGB15388,9.1000009e-06,2.0000002e-07
25S02898373,Enterobacter_hormaechei,8.9000009e-06,0.0
25S02898373,Gordonibacter_pamelaeae,8.9000009e-06,5.6000006e-06
25S02898373,Peptostreptococcus_stomatis,8.6000009e-06,2.3300002e-05
25S02898373,Erysipelatoclostridium_ramosum,8.3000008e-06,6.6400007e-05
25S02898373,Bilophila_SGB15451,8.1000008e-06,8.7000009e-06
25S02898373,GGB49418_SGB69331,8.1000008e-06,8.0500008e-05
25S02898373,Slackia_SGB14780,8.0000008e-06,0.00056520006
25S02898373,Intestinimonas_massiliensis,7.8000008e-06,0.0
25S02898373,Lachnospiraceae_bacterium_NSJ_46,7.6000008e-06,0.00080340008
25S02898373,Streptococcus_cristatus,7.2000007e-06,4.5900005e-05
25S02898373,Intestinimonas_butyriciproducens,6.5000007e-06,0.0
25S02898373,GGB79395_SGB105947,6.3000006e-06,0.0
25S02898373,Bacteroides_fragilis,5.9000006e-06,0.0
25S02898373,GGB58158_SGB79798,5.7000006e-06,0.0
25S02898373,Kluyvera_genomosp_3,5.3000005e-06,0.0
25S02898373,Ruminococcaceae_bacterium_Marseille_P2935,5.3000005e-06,0.0
25S02898373,TM7_phylum_sp_oral_taxon_348,5.2000005e-06,7.9000008e-06
25S02898373,GGB9581_SGB79823,5.1000005e-06,0.0
25S02898373,Harryflintia_acetispora,4.7000005e-06,8.2000008e-06
25S02898373,GGB1456_SGB2019,4.4000004e-06,0.0
25S02898373,Anaerofilum_sp_BX8,4.3000004e-06,0.0
25S02898373,Eubacterium_brachy,4.3000004e-06,0.0
25S02898373,Enterocloster_asparagiformis,3.7000004e-06,0.0
25S02898373,Clostridium_sp_Marseille_P3244,3.4000003e-06,1.4500001e-05
25S02898373,Fusobacterium_nucleatum,3.4000003e-06,0.0
25S02898373,GGB45432_SGB63101,3.2000003e-06,3.3700003e-05
25S02898373,Candidatus_Parachristensenella_avicola,2.9000003e-06,0.0
25S02898373,Klebsiella_sp_WP3_S18_ESBL_05,2.9000003e-06,0.0
25S02898373,Angelakisella_massiliensis,2.4000002e-06,0.0
25S02898373,Alistipes_indistinctus,1.7000002e-06,0.0
25S02898373,Klebsiella_quasivariicola,1.7000002e-06,0.0
25S02898373,Christensenellaceae_bacterium_NSJ_44,1.6000002e-06,0.0
25S02898373,GGB31234_SGB14869,1.6000002e-06,0.0
25S02898373,Flavonifractor_sp_An100,1.4000001e-06,0.0
25S02898373,Phocaeicola_dorei,9.0000009e-07,3.3000003e-06
25S02898373,Prevotella_copri_clade_A,9.0000009e-07,6.9000007e-06
25S02898373,Parvimonas_SGB6649,4.0000004e-07,0.0
25S02898373,Clostridium_sp_chh4_2,2.0000002e-07,0.0
25S02898373,Desulfovibrio_porci,2.0000002e-07,0.0
25S02898373,Streptococcus_anginosus,0.0,0.00087940009
25S02898373,Romboutsia_timonensis,0.0,0.00059730006
25S02898373,Weissella_koreensis,0.0,0.00030180003
25S02898373,Gemella_sanguinis,0.0,0.00020880002
25S02898373,Latilactobacillus_curvatus,0.0,0.00020700002
25S02898373,Latilactobacillus_sakei,0.0,0.00015460002
25S02898373,Clostridium_sp_NSJ_42,0.0,0.00011950001
25S02898373,Streptococcus_australis,0.0,9.600001e-05
25S02898373,Gemella_morbillorum,0.0,9.0300009e-05
25S02898373,Lactococcus_lactis,0.0,7.3200007e-05
25S02898373,Streptococcus_constellatus,0.0,6.1400006e-05
25S02898373,Streptococcus_sinensis,0.0,5.7600006e-05
25S02898373,Clostridium_scindens,0.0,5.5800006e-05
25S02898373,Eubacterium_sulci,0.0,4.8700005e-05
25S02898373,Rothia_aeria,0.0,4.3800004e-05
25S02898373,Lancefieldella_rimae,0.0,3.3200003e-05
25S02898373,Leuconostoc_mesenteroides,0.0,3.2800003e-05
25S02898373,Enterococcus_SGB6173,0.0,3.0400003e-05
25S02898373,Eubacterium_infirmum,0.0,2.7200003e-05
25S02898373,Faecalicatena_contorta,0.0,2.4800002e-05
25S02898373,Prevotella_copri_clade_B,0.0,2.3400002e-05
25S02898373,Actinomyces_SGB17157,0.0,2.2900002e-05
25S02898373,Gemella_haemolysans,0.0,2.0800002e-05
25S02898373,Clostridia_bacterium,0.0,1.8500002e-05
25S02898373,Solobacterium_moorei,0.0,1.7100002e-05
25S02898373,Clostridium_sp_1001270H_150608_G6,0.0,1.2300001e-05
25S02898373,Enterococcus_faecium,0.0,1.2300001e-05
25S02898373,Granulicatella_adiacens,0.0,1.1700001e-05
25S02898373,Streptococcus_gallolyticus,0.0,1.1300001e-05
25S02898373,Eubacterium_SGB4961,0.0,1.1200001e-05
25S02898373,Pediococcus_pentosaceus,0.0,1.0900001e-05
25S02898373,Actinomyces_sp_HMSC035G02,0.0,1.0400001e-05
25S02898373,Roseburia_hominis,0.0,9.800001e-06
25S02898373,Eubacterium_nodatum,0.0,9.3000009e-06
25S02898373,GGB4456_SGB6141,0.0,8.9000009e-06
25S02898373,Mediterraneibacter_sp_gm002,0.0,8.7000009e-06
25S02898373,Roseburia_faecis,0.0,7.6000008e-06
25S02898373,Solobacterium_SGB6833,0.0,7.0000007e-06
25S02898373,Ruminococcus_lactaris,0.0,6.9000007e-06
25S02898373,Kluyvera_SGB71764,0.0,6.8000007e-06
25S02898373,Anaerofustis_stercorihominis,0.0,6.6000007e-06
25S02898373,Catenibacillus_scindens,0.0,6.2000006e-06
25S02898373,GGB10485_SGB49305,0.0,6.0000006e-06
25S02898373,Gemmiger_SGB15295,0.0,5.9000006e-06
25S02898373,Leuconostoc_gelidum,0.0,5.7000006e-06
25S02898373,Actinomyces_SGB17168,0.0,5.6000006e-06
25S02898373,Mogibacterium_diversum,0.0,5.1000005e-06
25S02898373,Clostridium_SGB6177,0.0,5.0000005e-06
25S02898373,Gemella_SGB7284,0.0,4.2000004e-06
25S02898373,Eggerthella_lenta,0.0,3.5000004e-06
25S02898373,Scardovia_wiggsiae,0.0,3.4000003e-06
25S02898373,Corynebacterium_durum,0.0,3.3000003e-06
25S02898373,GGB3385_SGB4471,0.0,2.9000003e-06
25S02898373,Prevotella_stercorea,0.0,2.6000003e-06
25S02898373,Actinomyces_SGB17163,0.0,2.4000002e-06
25S02898373,Candidatus_Nanoperiomorbus_periodonticus,0.0,2.3000002e-06
25S02898373,Actinomyces_SGB17154,0.0,2.1000002e-06
25S02898373,Candidatus_Alloscillospira_gallinarum,0.0,2.1000002e-06
25S02898373,Haemophilus_sputorum,0.0,1.9000002e-06
25S02898373,Phocaeicola_plebeius,0.0,1.9000002e-06
25S02898373,Actinomyces_oris,0.0,1.6000002e-06
25S02898373,Weissella_paramesenteroides,0.0,1.6000002e-06
25S02898373,GGB12785_SGB19827,0.0,1.3000001e-06
25S02898373,Christensenella_timonensis,0.0,1.2000001e-06
25S02898373,Prevotella_buccae,0.0,1.1000001e-06
25S02898373,Mogibacterium_pumilum,0.0,1.0000001e-06
25S02898373,GGB3256_SGB4303,0.0,8.0000008e-07
25S02898373,Shuttleworthia_satelles,0.0,7.0000007e-07
25S02898373,Eggerthellaceae_bacterium,0.0,6.0000006e-07
25S02898373,Peptostreptococcus_SGB749,0.0,6.0000006e-07
25S02898373,Actinomyces_sp_ICM47,0.0,5.0000005e-07
25S02898373,Catenibacterium_SGB4425,0.0,5.0000005e-07
25S02898373,GGB49434_SGB69353,0.0,5.0000005e-07
25S02898373,Parvibacter_caecicola,0.0,5.0000005e-07
25S02898373,GGB3453_SGB4607,0.0,4.0000004e-07
25S02898373,Phascolarctobacterium_faecium,0.0,4.0000004e-07
25S02898373,Schaalia_cardiffensis,0.0,3.0000003e-07
25S03142121,Prevotella_copri_clade_A,0.33712267,0.2528158
25S03142121,Prevotella_copri_clade_G,0.12982359,0.083562233
25S03142121,Prevotella_SGB1680,0.082110592,0.043661265
25S03142121,Prevotellamassilia_timonensis,0.066716893,0.033705873
25S03142121,GGB6012_SGB8640,0.045175795,0.035673571
25S03142121,Prevotella_sp_885,0.044159196,0.027184178
25S03142121,GGB4271_SGB5817,0.041624496,0.030894875
25S03142121,Collinsella_SGB14861,0.035898596,0.042659966
25S03142121,Megasphaera_elsdenii,0.018722298,0.011712591
25S03142121,Megamonas_funiformis,0.015184898,0.028506777
25S03142121,Klebsiella_pneumoniae,0.012152799,0.0084194933
25S03142121,Prevotella_sp_Marseille_P4119,0.012068799,0.0064681948
25S03142121,Faecalibacterium_prausnitzii,0.010303399,0.009973692
25S03142121,GGB51647_SGB4348,0.0091457991,0.0059087953
25S03142121,GGB1495_SGB2071,0.0083055992,0.0034023973
25S03142121,Mesosutterella_multiformis,0.0079496992,0.0035498972
25S03142121,Roseburia_faecis,0.0062528994,0.019133285
25S03142121,Eubacterium_rectale,0.0058693994,0.029700376
25S03142121,GGB4642_SGB6422,0.0049721995,0.0071355943
25S03142121,Clostridium_fessum,0.0043899996,0.0054837956
25S03142121,GGB80011_SGB15265,0.0041667996,0.0016454987
25S03142121,GGB1266_SGB1699,0.0041017996,0.003695197
25S03142121,Prevotella_copri_clade_C,0.0038431996,0.001238199
25S03142121,Sutterella_sp_AM11_39,0.0028560997,0.00097649922
25S03142121,Dialister_succinatiphilus,0.0026490997,0.0033768973
25S03142121,Sutterella_wadsworthensis,0.0022476998,0.00079639936
25S03142121,Olsenella_sp_AF16_14LB,0.0021845998,0.0008767993
25S03142121,Parabacteroides_merdae,0.0021581998,0.00085009932
25S03142121,Desulfovibrio_SGB5076,0.0021240998,0.0022003982
25S03142121,GGB9581_SGB4365,0.0020635998,0.0017100986
25S03142121,GGB9760_SGB15373,0.0019484998,0.0022878982
25S03142121,Coprococcus_eutactus,0.0018980998,0.0058566953
25S03142121,Candidatus_Catenibacterium_tridentinum,0.0018247998,0.018778485
25S03142121,Escherichia_coli,0.0018094998,0.001295799
25S03142121,GGB9075_SGB13997,0.0017775998,0.0005052996
25S03142121,GGB3746_SGB5089,0.0017513998,0.0023857981
25S03142121,Oscillibacter_sp_ER4,0.0017254998,0.0013581989
25S03142121,Candidatus_Cibionibacter_quicibialis,0.0017112998,0.0026893978
25S03142121,Haemophilus_parainfluenzae,0.0016645998,0.0010037992
25S03142121,Staphylococcus_SGB6340,0.0016607998,0.0039706968
25S03142121,Blautia_wexlerae,0.0016022998,0.0082935934
25S03142121,Dorea_formicigenerans,0.0015722998,0.0085530932
25S03142121,Enterobacter_hormaechei,0.0015432998,0.00096519923
25S03142121,GGB3256_SGB4303,0.0014409999,0.0059929952
25S03142121,GGB4554_SGB6285,0.0014261999,0.0018778985
25S03142121,Phocaeicola_vulgatus,0.0014050999,0.00068619945
25S03142121,Roseburia_inulinivorans,0.0012510999,0.001195599
25S03142121,Lacrimispora_amygdalina,0.0012211999,0.001309699
25S03142121,Holdemanella_porci,0.0011886999,0.018498885
25S03142121,Dorea_longicatena,0.0010696999,0.028772077
25S03142121,Clostridium_sp_AM22_11AC,0.00094459991,0.0015534988
25S03142121,Clostridiales_bacterium_KLE1615,0.00090179991,0.001276499
25S03142121,Desulfovibrio_piger,0.00085779991,0.00044849964
25S03142121,Lachnospira_eligens,0.00085689991,0.0016901986
25S03142121,Clostridiaceae_bacterium_Marseille_Q4143,0.00084379992,0.00090559928
25S03142121,Waltera_intestinalis,0.00074869993,0.00055969955
25S03142121,Holdemanella_biformis,0.00073739993,0.0095035924
25S03142121,Megasphaera_sp_AM44_1BH,0.00069669993,0.0042484966
25S03142121,Clostridium_sp_1001270H_150608_G6,0.00069649993,0.0015025988
25S03142121,Faecalibacterium_SGB15346,0.00068759993,0.00063339949
25S03142121,Parabacteroides_distasonis,0.00068589993,0.00027729978
25S03142121,Roseburia_intestinalis,0.00065829993,0.00043119966
25S03142121,Streptococcus_salivarius,0.00065759993,0.0065627947
25S03142121,Collinsella_aerofaciens,0.00063429994,0.011743791
25S03142121,GGB4723_SGB6541,0.00060939994,0.0011463991
25S03142121,Ruminococcus_torques,0.00059859994,0.01209899
25S03142121,Acidaminococcus_massiliensis,0.00059479994,0.0015272988
25S03142121,Allisonella_histaminiformans,0.00056939994,0.0014238989
25S03142121,Dysosmobacter_sp_BX15,0.00056139994,0.00039699968
25S03142121,Clostridiaceae_bacterium,0.00055209994,0.00084809932
25S03142121,GGB6574_SGB9290,0.00054319995,0.00017199986
25S03142121,GGB6569_SGB9281,0.00052679995,0.00019189985
25S03142121,Clostridium_SGB4750,0.00050079995,0.00064739948
25S03142121,Paraprevotella_clara,0.00049959995,0.00019379984
25S03142121,Blautia_faecis,0.00049829995,0.0040134968
25S03142121,Catenibacterium_SGB4425,0.00049589995,0.0030152976
25S03142121,Coprococcus_comes,0.00048219995,0.0040625967
25S03142121,GGB33469_SGB15236,0.00046709995,0.00031979974
25S03142121,Eubacterium_SGB6276,0.00044149996,0.00040719967
25S03142121,Bacteroides_finegoldii,0.00042599996,0.00017209986
25S03142121,Blautia_massiliensis,0.00042359996,0.0054176957
25S03142121,Clostridium_sp_AF20_17LB,0.00040889996,0.00041169967
25S03142121,Butyricicoccus_sp_AM29_23AC,0.00039009996,0.00084189933
25S03142121,Weissella_confusa,0.00038139996,0.0058862953
25S03142121,Lacrimispora_celerecrescens,0.00037729996,0.0098106922
25S03142121,GGB9593_SGB15015,0.00037399996,0.00028349977
25S03142121,Odoribacter_splanchnicus,0.00036789996,0.00013649989
25S03142121,Anaerobutyricum_hallii,0.00036449996,0.00031329975
25S03142121,Gemmiger_formicilis,0.00033889997,0.0015918987
25S03142121,Lactococcus_lactis,0.00033739997,0.0036633971
25S03142121,Bacteroides_thetaiotaomicron,0.00033339997,0.00014329989
25S03142121,GGB9758_SGB15368,0.00033219997,0.00019759984
25S03142121,Bacteroides_uniformis,0.00031919997,0.00011449991
25S03142121,Blautia_obeum,0.00031689997,0.0031292975
25S03142121,Eubacteriales_unclassified_SGB15145,0.00031369997,0.00032559974
25S03142121,Veillonella_parvula,0.00031369997,0.00038239969
25S03142121,Alistipes_shahii,0.00031249997,9.2499926e-05
25S03142121,Blautia_sp_MSK_20_85,0.00029769997,0.0033607973
25S03142121,Clostridium_sp_AF34_10BH,0.00029299997,0.00031009975
25S03142121,GGB9642_SGB15119,0.00029269997,0.00077069938
25S03142121,Formosa_SGB1638,0.00029029997,0.0002485998
25S03142121,GGB9708_SGB15234,0.00028409997,0.00016479987
25S03142121,Bifidobacterium_adolescentis,0.00028199997,0.0079623936
25S03142121,Bilophila_SGB15450,0.00028089997,0.00058239953
25S03142121,GGB33928_SGB15225,0.00027989997,0.00014009989
25S03142121,Fusicatenibacter_saccharivorans,0.00027489997,0.0042569966
25S03142121,Collinsella_SGB4121,0.00027229997,0.00042029966
25S03142121,Romboutsia_timonensis,0.00026919997,0.0014531988
25S03142121,GGB4605_SGB6376,0.00026449997,0.0010891991
25S03142121,Alistipes_communis,0.00024569998,7.2499942e-05
25S03142121,GGB4588_SGB6347,0.00024189998,0.00060929951
25S03142121,Agathobaculum_butyriciproducens,0.00024069998,0.00080719935
25S03142121,Eubacterium_ventriosum,0.00023979998,0.0029144977
25S03142121,Clostridiaceae_bacterium_AF18_31LB,0.00022439998,0.00027779978
25S03142121,Clostridiaceae_unclassified_SGB4771,0.00022039998,0.00024009981
25S03142121,Klebsiella_quasipneumoniae,0.00021669998,0.00014139989
25S03142121,Citrobacter_freundii,0.00021469998,0.00017049986
25S03142121,Gemmiger_SGB15295,0.00021469998,0.00079179937
25S03142121,Clostridium_sp_AM42_4,0.00021109998,0.00026629979
25S03142121,Alistipes_indistinctus,0.00020889998,7.3499941e-05
25S03142121,Roseburia_sp_AF02_12,0.00020259998,0.00067009946
25S03142121,Enterobacter_cloacae,0.00020209998,0.0001254999
25S03142121,Ruminococcaceae_bacterium_AM28_23LB,0.00019869998,0.00028389977
25S03142121,Enterobacter_ludwigii,0.00019699998,0.00014009989
25S03142121,Butyricimonas_SGB15260,0.00019219998,9.6899922e-05
25S03142121,Ruminococcus_bromii,0.00019149998,0.00030669975
25S03142121,GGB9712_SGB15244,0.00018969998,5.4299957e-05
25S03142121,Kluyvera_ascorbata,0.00018819998,0.00011539991
25S03142121,GGB9635_SGB15106,0.00018519998,0.0001246999
25S03142121,Proteus_mirabilis,0.00017769998,0.00013849989
25S03142121,Bacteroides_stercoris,0.00017709998,7.2899942e-05
25S03142121,GGB9614_SGB15049,0.00017519998,0.00010709991
25S03142121,Vescimonas_coprocola,0.00017159998,0.00031949974
25S03142121,GGB9627_SGB15081,0.00016989998,0.0002524998
25S03142121,Phocaeicola_massiliensis,0.00016949998,6.199995e-05
25S03142121,Clostridiaceae_bacterium_Marseille_Q4149,0.00016799998,0.00019359985
25S03142121,Clostridium_sp_AF27_2AA,0.00016729998,0.0002535998
25S03142121,GGB9707_SGB15229,0.00016539998,8.6799931e-05
25S03142121,Enterobacter_kobei,0.00016509998,0.00010149992
25S03142121,Streptococcus_mitis,0.00016449998,0.00035749971
25S03142121,Blautia_faecicola,0.00016369998,0.0053774957
25S03142121,Enterobacter_roggenkampii,0.00016319998,8.8399929e-05
25S03142121,Alistipes_ihumii,0.00016199998,4.3199965e-05
25S03142121,Butyricicoccus_SGB14990,0.00015989998,0.00034799972
25S03142121,GGB4684_SGB6478,0.00015959998,0.00016039987
25S03142121,Dysosmobacter_welbionis,0.00014569999,6.5999947e-05
25S03142121,Turicibacter_bilis,0.00014309999,0.00033749973
25S03142121,Blautia_sp_Marseille_P3087,0.00013849999,0.00089619928
25S03142121,Blautia_sp_OF03_15BH,0.00013409999,9.7899922e-05
25S03142121,GGB9635_SGB15103,0.00013199999,0.00013909989
25S03142121,Lachnospiraceae_bacterium_AM48_27BH,0.00012699999,0.00014399988
25S03142121,Rheinheimera_SGB14999,0.00011499999,8.1199935e-05
25S03142121,GGB79734_SGB15291,0.00011369999,0.00058559953
25S03142121,Veillonella_tobetsuensis,0.00011349999,8.4999932e-05
25S03142121,Bacteroides_xylanisolvens,0.00011199999,3.3499973e-05
25S03142121,Clostridiaceae_bacterium_Marseille_Q4145,0.00010519999,0.00013189989
25S03142121,Hydrogenoanaerobacterium_saccharovorans,0.00010509999,0.0001264999
25S03142121,GGB9699_SGB15216,0.00010499999,9.3999925e-05
25S03142121,Roseburia_sp_AM16_25,0.00010419999,0.00038289969
25S03142121,Butyricimonas_virosa,0.00010189999,3.3999973e-05
25S03142121,Clostridiales_bacterium,9.949999e-05,8.2499934e-05
25S03142121,GGB2998_SGB3988,9.879999e-05,0.00010419992
25S03142121,Parasutterella_excrementihominis,9.839999e-05,4.5299964e-05
25S03142121,Lactococcus_garvieae,9.2199991e-05,0.001238999
25S03142121,GGB9747_SGB15356,9.1899991e-05,4.999996e-05
25S03142121,GGB51441_SGB71759,9.0799991e-05,0.00032059974
25S03142121,GGB3588_SGB4808,8.8199991e-05,0.00040219968
25S03142121,Clostridium_sp_AF12_28,8.7499991e-05,0.00010779991
25S03142121,Faecalicatena_fissicatena,8.6499991e-05,0.00082239934
25S03142121,Oscillospiraceae_bacterium_Marseille_Q3528,8.5099991e-05,4.2499966e-05
25S03142121,Blautia_glucerasea,8.4699992e-05,0.00038209969
25S03142121,GGB9766_SGB15383,8.3699992e-05,7.8799937e-05
25S03142121,Veillonella_rogosae,8.2899992e-05,5.5799955e-05
25S03142121,Alistipes_putredinis,8.1199992e-05,2.2999982e-05
25S03142121,Weissella_cibaria,8.1099992e-05,0.0019078985
25S03142121,Butyricimonas_faecalis,7.9899992e-05,2.5999979e-05
25S03142121,Bacteroides_ovatus,7.9699992e-05,1.5799987e-05
25S03142121,Flavonifractor_plautii,7.6699992e-05,2.8499977e-05
25S03142121,Bifidobacterium_longum,7.5999992e-05,0.0010293992
25S03142121,GGB9424_SGB14794,7.4799993e-05,0.00021309983
25S03142121,Klebsiella_grimontii,7.4799993e-05,5.3399957e-05
25S03142121,Anaerostipes_hadrus,7.4399993e-05,0.00018499985
25S03142121,Clostridium_cuniculi,7.3299993e-05,0.00010479992
25S03142121,Anaerostipes_SGB4708,7.2999993e-05,0.00010989991
25S03142121,Raoultella_ornithinolytica,7.2099993e-05,5.2899958e-05
25S03142121,Clostridium_SGB4751,6.6199993e-05,0.0001191999
25S03142121,Streptococcus_parasanguinis,6.5899993e-05,0.00065239948
25S03142121,Klebsiella_variicola,6.5299993e-05,2.9299977e-05
25S03142121,Eubacterium_ramulus,6.4399994e-05,0.0007544994
25S03142121,Lachnospiraceae_bacterium,6.4099994e-05,0.0019559984
25S03142121,Clostridium_leptum,6.2599994e-05,8.789993e-05
25S03142121,Roseburia_hominis,6.2499994e-05,8.5299932e-05
25S03142121,Dorea_sp_AF36_15AT,6.0699994e-05,0.00022449982
25S03142121,GGB6470_SGB9153,5.9099994e-05,1.8299985e-05
25S03142121,GGB9819_SGB15460,5.8599994e-05,1.3899989e-05
25S03142121,Streptococcus_equinus,5.7999994e-05,0.0053514957
25S03142121,GGB6554_SGB9256,5.3699995e-05,1.8799985e-05
25S03142121,Anaerotignum_faecicola,5.3299995e-05,9.8999921e-06
25S03142121,Streptococcus_SGB15012,5.1699995e-05,5.3699957e-05
25S03142121,GGB3146_SGB4159,5.0099995e-05,7.4199941e-05
25S03142121,Leuconostoc_lactis,4.9999995e-05,0.0031594975
25S03142121,Ruminococcus_sp_AF13_28,4.8999995e-05,0.00029039977
25S03142121,GGB51884_SGB49168,4.8399995e-05,4.5199964e-05
25S03142121,GGB2983_SGB3965,4.6399995e-05,0.00025779979
25S03142121,Butyricimonas_faecihominis,4.4199996e-05,1.3199989e-05
25S03142121,Dorea_sp_AF24_7LB,4.3499996e-05,0.0018058986
25S03142121,Klebsiella_michiganensis,4.3399996e-05,2.3599981e-05
25S03142121,GGB58485_SGB80143,4.3099996e-05,8.5699931e-05
25S03142121,GGB3828_SGB5197,4.2499996e-05,4.1799967e-05
25S03142121,Collinsella_SGB15196,4.1799996e-05,1.6299987e-05
25S03142121,Streptococcus_australis,4.1499996e-05,9.2099926e-05
25S03142121,Streptococcus_sanguinis,4.0099996e-05,0.00027279978
25S03142121,GGB9760_SGB15374,3.9299996e-05,2.8199977e-05
25S03142121,GGB12785_SGB19823,3.8899996e-05,5.5199956e-05
25S03142121,Coprococcus_catus,3.7999996e-05,0.00017299986
25S03142121,Anaerosacchariphilus_sp_NSJ_68,3.6499996e-05,5.2999958e-05
25S03142121,GGB13404_SGB14252,3.6299996e-05,2.1399983e-05
25S03142121,Firmicutes_bacterium_AF16_15,3.5399996e-05,0.00052819958
25S03142121,GGB9618_SGB15065,3.5199996e-05,1.6699987e-05
25S03142121,GGB77437_SGB9391,3.4699997e-05,4.6999962e-06
25S03142121,GGB9602_SGB15028,3.4199997e-05,2.0299984e-05
25S03142121,Alistipes_senegalensis,3.3599997e-05,6.0999951e-06
25S03142121,Kluyvera_sichuanensis,3.3399997e-05,2.6499979e-05
25S03142121,Bacteroides_caccae,3.1599997e-05,1.1099991e-05
25S03142121,Klebsiella_quasivariicola,2.8999997e-05,1.0799991e-05
25S03142121,Coprococcus_SGB4669,2.8399997e-05,0.00022309982
25S03142121,Blautia_SGB4815,2.7599997e-05,0.00018869985
25S03142121,Phocaeicola_plebeius,2.6999997e-05,1.9999984e-06
25S03142121,Methanobrevibacter_smithii,2.6299997e-05,2.0099984e-05
25S03142121,Lachnospiraceae_bacterium_OM04_12BH,2.5399997e-05,9.2999926e-06
25S03142121,Streptococcus_rubneri,2.3999998e-05,0.0001255999
25S03142121,Campylobacter_concisus,2.3799998e-05,7.5999939e-06
25S03142121,Lachnospiraceae_bacterium_Marseille_Q4251,2.3599998e-05,4.9099961e-05
25S03142121,Streptococcus_oralis,2.3299998e-05,2.3099982e-05
25S03142121,Streptococcus_infantis,2.1399998e-05,5.2699958e-05
25S03142121,Parabacteroides_bouchesdurhonensis,2.1199998e-05,6.8999945e-06
25S03142121,Clostridium_saudiense,2.0699998e-05,0.00018629985
25S03142121,Enterobacter_asburiae,2.0699998e-05,8.3999933e-06
25S03142121,Granulicatella_SGB8255,2.0099998e-05,7.2999942e-05
25S03142121,Alistipes_sp_AF17_16,1.9999998e-05,5.4999956e-06
25S03142121,GGB3570_SGB4777,1.9899998e-05,6.8999945e-05
25S03142121,GGB2652_SGB3573,1.9799998e-05,3.2899974e-05
25S03142121,Veillonella_atypica,1.9599998e-05,1.8899985e-05
25S03142121,GGB49418_SGB69331,1.9499998e-05,0.00010479992
25S03142121,GGB9359_SGB14334,1.9099998e-05,0.00061489951
25S03142121,Providencia_alcalifaciens,1.8199998e-05,8.8999929e-06
25S03142121,Ruthenibacterium_lactatiformans,1.7799998e-05,1.4499988e-05
25S03142121,Lachnospiraceae_bacterium_oral_taxon_096,1.7699998e-05,1.5299988e-05
25S03142121,Anaeromassilibacillus_sp_An250,1.7499998e-05,2.3399981e-05
25S03142121,Olsenella_timonensis,1.7099998e-05,4.5899963e-05
25S03142121,GGB9237_SGB14179,1.6799998e-05,1.9299985e-05
25S03142121,Pluralibacter_gergoviae,1.6099998e-05,1.3199989e-05
25S03142121,Parabacteroides_goldsteinii,1.5899998e-05,2.6999978e-06
25S03142121,Megasphaera_micronuciformis,1.5599998e-05,1.7099986e-05
25S03142121,Ruminococcus_sp_NSJ_13,1.5099998e-05,0.00011389991
25S03142121,Dakarella_SGB14198,1.4999999e-05,8.1999934e-06
25S03142121,Raoultella_terrigena,1.4899999e-05,6.7999946e-06
25S03142121,GGB9342_SGB14306,1.4699999e-05,2.0799983e-05
25S03142121,Rothia_mucilaginosa,1.4299999e-05,5.7499954e-05
25S03142121,Bifidobacterium_pseudocatenulatum,1.3899999e-05,0.00016629987
25S03142121,GGB9790_SGB15413,1.3899999e-05,3.3199973e-05
25S03142121,Oscillospiraceae_unclassified_SGB15252,1.3399999e-05,7.6999938e-06
25S03142121,Holdemania_filiformis,1.2999999e-05,4.6999962e-06
25S03142121,Stomatobaculum_SGB5266,1.2799999e-05,7.1999942e-06
25S03142121,Actinomyces_sp_ICM47,1.2599999e-05,4.2799966e-05
25S03142121,Nitrosopumilus_SGB14899,1.2399999e-05,3.2099974e-05
25S03142121,Blautia_luti,1.1399999e-05,9.3199925e-05
25S03142121,Citrobacter_braakii,1.0799999e-05,5.9999952e-06
25S03142121,GGB9713_SGB15249,1.0599999e-05,2.5999979e-06
25S03142121,TM7_phylum_sp_oral_taxon_352,1.0499999e-05,5.0799959e-05
25S03142121,Clostridium_disporicum,1.0299999e-05,3.3399973e-05
25S03142121,Methanosphaera_stadtmanae,9.999999e-06,0.0
25S03142121,Solobacterium_SGB6829,9.699999e-06,1.229999e-05
25S03142121,GGB9522_SGB14921,9.599999e-06,2.0299984e-05
25S03142121,Oribacterium_sinus,9.2999991e-06,1.219999e-05
25S03142121,GGB51959_SGB72479,8.6999991e-06,2.7599978e-05
25S03142121,Eggerthia_catenaformis,8.5999991e-06,1.0999991e-05
25S03142121,GGB3619_SGB4894,8.5999991e-06,3.8999969e-06
25S03142121,Candidatus_Metaruminococcus_caecorum,8.2999992e-06,1.269999e-05
25S03142121,Ruminococcus_SGB4421,8.2999992e-06,5.3199957e-05
25S03142121,Mediterraneibacter_butyricigenes,7.8999992e-06,9.1799927e-05
25S03142121,Anaerobutyricum_soehngenii,7.6999992e-06,0.0
25S03142121,Phocaeicola_dorei,7.5999992e-06,2.2999982e-06
25S03142121,Streptococcus_cristatus,7.4999993e-06,3.809997e-05
25S03142121,Weissella_viridescens,7.4999993e-06,9.8099922e-05
25S03142121,TM7_phylum_sp_oral_taxon_348,7.2999993e-06,1.0199992e-05
25S03142121,Senegalimassilia_anaerobia,7.1999993e-06,0.00019759984
25S03142121,Lancefieldella_parvula,6.8999993e-06,2.1599983e-05
25S03142121,Lawsonibacter_asaccharolyticus,6.5999993e-06,4.0999967e-06
25S03142121,Bacteroides_eggerthii,6.3999994e-06,0.0
25S03142121,Haemophilus_sputorum,6.3999994e-06,0.0
25S03142121,Negativibacillus_massiliensis,6.3999994e-06,5.4599956e-05
25S03142121,Lautropia_mirabilis,5.6999994e-06,0.0
25S03142121,Lactococcus_petauri,5.5999994e-06,0.00028659977
25S03142121,Citrobacter_sp_Res13_Sevr_PEB04_36,5.3999995e-06,4.7999962e-06
25S03142121,Megasphaera_sp_NM10,5.3999995e-06,4.0999967e-06
25S03142121,Solobacterium_SGB6834,5.3999995e-06,5.2899958e-05
25S03142121,Mogibacterium_diversum,5.0999995e-06,0.00010379992
25S03142121,Clostridiales_bacterium_NSJ_40,4.7999995e-06,1.3299989e-05
25S03142121,Clostridia_bacterium_UC5_1_1D1,4.6999995e-06,1.1799991e-05
25S03142121,GGB79973_SGB14341,4.6999995e-06,3.9999968e-05
25S03142121,GGB9561_SGB14972,4.5999995e-06,2.7199978e-05
25S03142121,Bacteroides_fragilis,4.4999996e-06,0.0
25S03142121,GGB52130_SGB14966,4.4999996e-06,2.9999976e-07
25S03142121,Clostridium_sp_AM49_4BH,4.1999996e-06,2.7099978e-05
25S03142121,Pseudoflavonifractor_sp_An184,4.0999996e-06,2.9999976e-06
25S03142121,Christensenellaceae_bacterium_NSJ_63,3.9999996e-06,1.1499991e-05
25S03142121,Merdibacter_massiliensis,3.6999996e-06,3.0099976e-05
25S03142121,GGB2980_SGB3962,3.5999996e-06,5.6099955e-05
25S03142121,GGB13493_SGB15238,3.3999997e-06,2.5999979e-06
25S03142121,GGB9817_SGB57321,3.0999997e-06,1.8999985e-06
25S03142121,Candidatus_Nanosynsacchari_sp_TM7_ANC_38_39_G1_1,2.9999997e-06,1.239999e-05
25S03142121,Bittarella_massiliensis,2.7999997e-06,7.7999938e-06
25S03142121,Bacteroides_intestinalis,2.6999997e-06,0.0
25S03142121,Eubacterium_sp_AF34_35BH,2.6999997e-06,0.00014349989
25S03142121,GGB35068_SGB47850,2.6999997e-06,5.3699957e-05
25S03142121,Citrobacter_sp_RHBSTW_00671,2.5999997e-06,1.3999989e-06
25S03142121,Enterobacter_bugandensis,2.5999997e-06,2.2999982e-06
25S03142121,Mogibacterium_sp_BX12,2.3999998e-06,0.00014109989
25S03142121,Streptococcus_gordonii,2.3999998e-06,7.7899938e-05
25S03142121,Enterobacter_mori,2.2999998e-06,1.9999984e-07
25S03142121,Faecalibacillus_intestinalis,2.2999998e-06,8.5299932e-05
25S03142121,GGB3653_SGB4964,2.0999998e-06,1.4299989e-05
25S03142121,Leclercia_adecarboxylata,2.0999998e-06,0.0
25S03142121,Pseudocitrobacter_faecalis,2.0999998e-06,2.6999978e-06
25S03142121,Mediterraneibacter_sp_gm002,1.9999998e-06,3.1999974e-05
25S03142121,Oscillospiraceae_bacterium_N12,1.5999998e-06,0.0
25S03142121,TM7_phylum_sp_oral_taxon_351,1.4999999e-06,1.8999985e-06
25S03142121,Enterobacter_sp_FS01,1.2999999e-06,0.0
25S03142121,Candidatus_Allochristensenella_caecavium,1.1999999e-06,5.3999957e-06
25S03142121,Clostridium_perfringens,1.0999999e-06,4.6999962e-06
25S03142121,Enterobacter_soli,1.0999999e-06,0.0
25S03142121,Clostridiales_Family_XIII_bacterium_BX16,9.999999e-07,0.00010129992
25S03142121,Actinomyces_SGB17132,5.9999994e-07,1.1599991e-05
25S03142121,Candidatus_Nanogingivalis_gingivitcus,5.9999994e-07,6.0999951e-06
25S03142121,Fusobacterium_nucleatum,4.9999995e-07,0.0
25S03142121,Bacteroides_nordii,3.9999996e-07,0.0
25S03142121,Escherichia_marmotae,1.9999998e-07,0.0
25S03142121,Megasphaera_SGB5863,1.9999998e-07,0.0
25S03142121,Streptococcus_vestibularis,0.0,0.0010406992
25S03142121,Enterococcus_faecium,0.0,0.00048909961
25S03142121,Enterococcus_faecalis,0.0,0.00018419985
25S03142121,Streptococcus_anginosus,0.0,0.00013799989
25S03142121,Enterococcus_casseliflavus,0.0,0.0001203999
25S03142121,Eubacterium_sulci,0.0,8.699993e-05
25S03142121,Actinomyces_sp_HMSC035G02,0.0,7.9999936e-05
25S03142121,Enterococcus_SGB6173,0.0,7.7999938e-05
25S03142121,Adlercreutzia_equolifaciens,0.0,7.6599939e-05
25S03142121,Streptococcus_sp_F0442,0.0,7.5899939e-05
25S03142121,Gemella_sanguinis,0.0,6.9699944e-05
25S03142121,GGB8965_SGB13825,0.0,6.4899948e-05
25S03142121,Leuconostoc_citreum,0.0,5.7499954e-05
25S03142121,Granulicatella_adiacens,0.0,5.029996e-05
25S03142121,Gemella_morbillorum,0.0,4.4299965e-05
25S03142121,Eubacteriaceae_bacterium,0.0,3.3199973e-05
25S03142121,Actinomyces_SGB17168,0.0,3.0399976e-05
25S03142121,Lactiplantibacillus_plantarum,0.0,2.499998e-05
25S03142121,Lachnospiraceae_bacterium_OF09_6,0.0,2.0599984e-05
25S03142121,GGB10485_SGB49305,0.0,1.9999984e-05
25S03142121,Actinomyces_graevenitzii,0.0,1.7799986e-05
25S03142121,GGB4456_SGB6141,0.0,1.6799987e-05
25S03142121,GGB4644_SGB6428,0.0,1.6299987e-05
25S03142121,Actinomyces_SGB17163,0.0,1.5799987e-05
25S03142121,Streptococcus_intermedius,0.0,1.4799988e-05
25S03142121,Lactococcus_cremoris,0.0,1.3499989e-05
25S03142121,Streptococcus_sinensis,0.0,1.1699991e-05
25S03142121,Abiotrophia_sp_HMSC24B09,0.0,1.1299991e-05
25S03142121,Vagococcus_lutrae,0.0,1.1199991e-05
25S03142121,GGB9568_SGB14980,0.0,1.0799991e-05
25S03142121,Enorma_burkinafasonensis,0.0,1.0699991e-05
25S03142121,Streptococcus_mutans,0.0,1.0699991e-05
25S03142121,Bifidobacterium_dentium,0.0,1.0399992e-05
25S03142121,Streptococcus_constellatus,0.0,9.2999926e-06
25S03142121,Lactococcus_taiwanensis,0.0,9.1999926e-06
25S03142121,Slackia_equolifaciens,0.0,8.799993e-06
25S03142121,Actinomyces_sp_ICM58,0.0,8.5999931e-06
25S03142121,Eubacterium_sp_NSJ_61,0.0,8.3999933e-06
25S03142121,Gemella_haemolysans,0.0,8.3999933e-06
25S03142121,Leuconostoc_pseudomesenteroides,0.0,7.6999938e-06
25S03142121,Pediococcus_pentosaceus,0.0,7.5999939e-06
25S03142121,Clostridium_sp_AF34_13,0.0,7.499994e-06
25S03142121,Streptococcus_thermophilus,0.0,7.499994e-06
25S03142121,Lachnospiraceae_bacterium_NSJ_29,0.0,7.1999942e-06
25S03142121,Leuconostoc_holzapfelii,0.0,7.0999943e-06
25S03142121,Lancefieldella_rimae,0.0,6.4999948e-06
25S03142121,Massiliimalia_timonensis,0.0,6.0999951e-06
25S03142121,Rothia_aeria,0.0,5.1999958e-06
25S03142121,Scardovia_wiggsiae,0.0,4.8999961e-06
25S03142121,Massiliimalia_massiliensis,0.0,4.4999964e-06
25S03142121,Solobacterium_SGB6828,0.0,4.3999965e-06
25S03142121,GGB4538_SGB6256,0.0,4.2999966e-06
25S03142121,Porcincola_intestinalis,0.0,3.699997e-06
25S03142121,Streptococcus_iniae,0.0,3.699997e-06
25S03142121,Lactobacillus_delbrueckii,0.0,3.4999972e-06
25S03142121,Actinomyces_oris,0.0,2.8999977e-06
25S03142121,Turicibacter_sanguinis,0.0,2.5999979e-06
25S03142121,Phocea_massiliensis,0.0,2.499998e-06
25S03142121,Scardovia_inopinata,0.0,2.3999981e-06
25S03142121,Abiotrophia_defectiva,0.0,2.2999982e-06
25S03142121,GGB38744_SGB14842,0.0,2.0999983e-06
25S03142121,Candidatus_Pararuminococcus_gallinarum,0.0,1.9999984e-06
25S03142121,Massilimicrobiota_sp_An134,0.0,1.8999985e-06
25S03142121,GGB9559_SGB14969,0.0,1.6999986e-06
25S03142121,GGB9186_SGB14125,0.0,1.3999989e-06
25S03142121,Catenibacillus_scindens,0.0,1.199999e-06
25S03142121,Clostridium_SGB6179,0.0,1.199999e-06
25S03142121,GGB9719_SGB53514,0.0,1.0999991e-06
25S03142121,Romboutsia_ilealis,0.0,9.999992e-07
25S03142121,GGB3593_SGB4817,0.0,8.9999928e-07
25S03142121,Eubacterium_sp_AF22_8LB,0.0,7.9999936e-07
25S03142121,Blautia_hydrogenotrophica,0.0,5.9999952e-07
25S03142121,Solobacterium_moorei,0.0,5.9999952e-07
25S03142121,Eubacterium_infirmum,0.0,3.9999968e-07
25S03142121,Clostridium_sp_Marseille_P3244,0.0,9.999992e-08
25S03142121,Oscillospiraceae_bacterium_NSJ_64,0.0,9.999992e-08
25S03142121,Weissella_fabalis,0.0,9.999992e-08
25S03142725,Phocaeicola_plebeius,0.12652427,0.02041589
25S03142725,Ruminococcus_bromii,0.10311118,0.14244603
25S03142725,Candidatus_Cibionibacter_quicibialis,0.066857387,0.031536184
25S03142725,Megamonas_funiformis,0.057698288,0.041193179
25S03142725,Phocaeicola_vulgatus,0.056486989,0.011295594
25S03142725,Bacteroides_uniformis,0.042001292,0.006070297
25S03142725,Ruminococcus_bicirculans,0.041653992,0.075553662
25S03142725,GGB1538_SGB2121,0.033805793,0.003937598
25S03142725,Alistipes_putredinis,0.027125895,0.0027198986
25S03142725,Gemmiger_formicilis,0.026391795,0.037491581
25S03142725,Roseburia_faecis,0.025359895,0.037885981
25S03142725,Bacteroides_stercoris,0.021818996,0.0033718983
25S03142725,Gemmiger_SGB1481,0.017477097,0.0028007986
25S03142725,Roseburia_inulinivorans,0.017341597,0.0068995966
25S03142725,GGB4599_SGB6362,0.012983997,0.016292992
25S03142725,Faecalibacterium_prausnitzii,0.012595597,0.0022730989
25S03142725,GGB80011_SGB15265,0.012159198,0.0034699983
25S03142725,Blautia_wexlerae,0.011908598,0.01957339
25S03142725,Dialister_hominis,0.011744298,0.0070492965
25S03142725,Eubacterium_rectale,0.011078698,0.043576078
25S03142725,Oscillibacter_sp_ER4,0.010074198,0.0036081982
25S03142725,GGB9758_SGB15368,0.0094277981,0.002026399
25S03142725,GGB3746_SGB5089,0.0085475983,0.0053592973
25S03142725,Bacteroides_eggerthii,0.0085352983,0.0013290993
25S03142725,GGB3256_SGB4303,0.0080192984,0.0087509956
25S03142725,Alistipes_finegoldii,0.0077866984,0.0007961996
25S03142725,Lachnospira_eligens,0.0076875985,0.0089137955
25S03142725,Bifidobacterium_pseudocatenulatum,0.0067212987,0.064007468
25S03142725,Fusicatenibacter_saccharivorans,0.0054033989,0.043423278
25S03142725,Bacteroides_finegoldii,0.0053934989,0.00090949955
25S03142725,Megasphaera_sp_NM10,0.005084999,0.026219087
25S03142725,Alistipes_shahii,0.005043599,0.00051239974
25S03142725,Phocaeicola_massiliensis,0.0047438991,0.00085209957
25S03142725,Mesosutterella_multiformis,0.0046583991,0.00061119969
25S03142725,Alistipes_onderdonkii,0.0039926992,0.00038979981
25S03142725,Lacrimispora_amygdalina,0.0039910992,0.001981799
25S03142725,Odoribacter_splanchnicus,0.0038100992,0.0005946997
25S03142725,GGB9063_SGB13982,0.0037753992,0.00036689982
25S03142725,Bilophila_wadsworthia,0.0037720992,0.0011117994
25S03142725,Alistipes_communis,0.0037099993,0.00036269982
25S03142725,Bacteroides_ovatus,0.0035683993,0.00062399969
25S03142725,Clostridium_sp_AM22_11AC,0.0033771993,0.0023605988
25S03142725,Parabacteroides_merdae,0.0033696993,0.00042369979
25S03142725,GGB4651_SGB6438,0.0031440994,0.009949595
25S03142725,Desulfovibrio_SGB5076,0.0031062994,0.0023953988
25S03142725,Parabacteroides_distasonis,0.0030462994,0.00042429979
25S03142725,Parasutterella_SGB9260,0.0029954994,0.00042989979
25S03142725,GGB9760_SGB15373,0.0029705994,0.0016624992
25S03142725,Bifidobacterium_adolescentis,0.0029473994,0.016556992
25S03142725,Parasutterella_excrementihominis,0.0029297994,0.0004028998
25S03142725,Bacteroides_salyersiae,0.0028786994,0.00045419977
25S03142725,Eubacterium_siraeum,0.0028064994,0.0011478994
25S03142725,Clostridiales_bacterium_KLE1615,0.0027983994,0.0027815986
25S03142725,GGB4578_SGB6328,0.0026874995,0.007940296
25S03142725,Bacteroides_faecis,0.0025043995,0.00041089979
25S03142725,Vescimonas_coprocola,0.0024934995,0.0041679979
25S03142725,Faecalicatena_fissicatena,0.0024799995,0.011446694
25S03142725,Collinsella_aerofaciens,0.0024645995,0.029013085
25S03142725,Dorea_longicatena,0.0024270995,0.036950082
25S03142725,Faecalibacillus_intestinalis,0.0024165995,0.010229595
25S03142725,Roseburia_hominis,0.0024070995,0.0030878985
25S03142725,Bifidobacterium_longum,0.0023437995,0.011902394
25S03142725,Clostridium_fessum,0.0022902995,0.0015821992
25S03142725,GGB9708_SGB15234,0.0022180996,0.00088319956
25S03142725,Dysosmobacter_sp_BX15,0.0021383996,0.00037079981
25S03142725,Clostridium_sp_AF34_10BH,0.0021221996,0.00069099965
25S03142725,Ruminococcus_SGB4421,0.0020561996,0.007980596
25S03142725,Lachnospiraceae_bacterium_AM48_27BH,0.0020281996,0.00061719969
25S03142725,Clostridium_sp_AF34_13,0.0019889996,0.0018021991
25S03142725,GGB9699_SGB15216,0.0019386996,0.0012097994
25S03142725,Clostridium_sp_AF36_4,0.0018276996,0.0027580986
25S03142725,GGB3363_SGB4447,0.0017783996,0.0070246965
25S03142725,Clostridiaceae_bacterium,0.0016358997,0.0025616987
25S03142725,Victivallis_lenta,0.0016308997,0.00011689994
25S03142725,Acidaminococcus_intestini,0.0016163997,0.0013500993
25S03142725,Desulfovibrio_legallii,0.0016107997,0.0004035998
25S03142725,Dysosmobacter_welbionis,0.0015632997,0.00027819986
25S03142725,Clostridium_sp_AM33_3,0.0015352997,0.00098569951
25S03142725,GGB9707_SGB15229,0.0015255997,0.00023549988
25S03142725,Catenibacterium_SGB4425,0.0014218997,0.004030298
25S03142725,Anaerobutyricum_soehngenii,0.0014104997,0.00010929995
25S03142725,Bacteroides_thetaiotaomicron,0.0013712997,0.0001922999
25S03142725,Eubacterium_SGB6276,0.0012498998,0.002065999
25S03142725,Blautia_faecis,0.0012433998,0.009900895
25S03142725,Blautia_obeum,0.0012063998,0.004001698
25S03142725,Agathobaculum_butyriciproducens,0.0011321998,0.0013078993
25S03142725,Eubacterium_ventriosum,0.0011197998,0.0078338961
25S03142725,Clostridiaceae_bacterium_AF18_31LB,0.0011195998,0.0012206994
25S03142725,Butyricimonas_virosa,0.0010119998,0.00016259992
25S03142725,GGB9614_SGB15049,0.0009822998,0.00014299993
25S03142725,Collinsella_SGB14861,0.00093549981,0.00074839963
25S03142725,Faecalibacterium_SGB15346,0.00091909982,0.00022399989
25S03142725,Anaerostipes_hadrus,0.00090799982,0.0025534987
25S03142725,Bacteroides_caccae,0.00089069982,0.00012079994
25S03142725,Bacteroides_cellulosilyticus,0.00088869982,0.00013639993
25S03142725,Blautia_massiliensis,0.00087899982,0.014455093
25S03142725,Dorea_formicigenerans,0.00085309983,0.0056415972
25S03142725,Eubacteriaceae_bacterium,0.00083549983,0.0017219991
25S03142725,Anaerotignum_faecicola,0.00081369984,0.00015179992
25S03142725,Ruminococcus_torques,0.00079739984,0.017003591
25S03142725,Alistipes_sp_AF17_16,0.00078619984,7.909996e-05
25S03142725,Firmicutes_bacterium_AF16_15,0.00076699985,0.001995799
25S03142725,Butyricimonas_faecihominis,0.00073459985,0.00010099995
25S03142725,Eubacterium_ramulus,0.00072569985,0.0034255983
25S03142725,Butyricicoccus_sp_AM29_23AC,0.00071779986,0.00072899964
25S03142725,GGB15850_SGB5785,0.00071369986,0.00068049966
25S03142725,Blautia_stercoris,0.00069909986,0.0013260993
25S03142725,Phascolarctobacterium_faecium,0.00069439986,0.00034179983
25S03142725,Butyricimonas_paravirosa,0.00061799988,8.8699956e-05
25S03142725,Ruminococcus_lactaris,0.00060749988,0.0025498987
25S03142725,GGB3619_SGB4894,0.00060619988,0.00015289992
25S03142725,Victivallis_vadensis,0.00057799988,4.7099976e-05
25S03142725,GGB1663_SGB2279,0.00055949989,8.3899958e-05
25S03142725,Clostridiaceae_bacterium_H8,0.00055159989,0.0011669994
25S03142725,Clostridium_SGB4750,0.0005222999,0.0004034998
25S03142725,Clostridium_sp_AM42_4,0.0004862999,0.00025469987
25S03142725,GGB3653_SGB4964,0.0004770999,0.00091719954
25S03142725,Collinsella_tanakaei,0.00045789991,0.0013015993
25S03142725,Klebsiella_pneumoniae,0.00045629991,0.00012329994
25S03142725,Blautia_SGB4815,0.00045389991,0.0010395995
25S03142725,GGB9616_SGB15052,0.00045049991,6.4199968e-05
25S03142725,Clostridiales_bacterium,0.00045019991,8.8099956e-05
25S03142725,Flavonifractor_plautii,0.00044409991,0.00010249995
25S03142725,Haemophilus_parainfluenzae,0.00043889991,8.8699956e-05
25S03142725,Phocaeicola_SGB6473,0.00039599992,0.00025649987
25S03142725,Bacteroides_xylanisolvens,0.00038629992,7.5599962e-05
25S03142725,Butyricimonas_sp_Marseille_P3923,0.00035579993,6.1899969e-05
25S03142725,Eubacteriales_unclassified_SGB15145,0.00034369993,0.00012639994
25S03142725,Hydrogenoanaerobacterium_saccharovorans,0.00034039993,0.00010659995
25S03142725,GGB79734_SGB15291,0.00033659993,0.0017216991
25S03142725,Clostridiales_Family_XIII_bacterium_BX16,0.00032199994,0.00078999961
25S03142725,Ruthenibacterium_lactatiformans,0.00031709994,0.00017459991
25S03142725,GGB2982_SGB3964,0.00031699994,0.00058549971
25S03142725,Collinsella_SGB4121,0.00030099994,0.0010558995
25S03142725,Sanguibacter_SGB15121,0.00028489994,0.0023734988
25S03142725,Butyricimonas_SGB15260,0.00028249994,8.5099957e-05
25S03142725,GGB79973_SGB14341,0.00027979994,0.00061819969
25S03142725,Bacteroides_sp_AF16_49,0.00027119995,5.2599974e-05
25S03142725,Blautia_faecicola,0.00027019995,0.0036063982
25S03142725,Clostridia_bacterium_UC5_1_1D1,0.00025949995,0.00018179991
25S03142725,Coprococcus_comes,0.00025169995,0.0041508979
25S03142725,Oscillospiraceae_bacterium_Marseille_Q3528,0.00024359995,2.4999988e-05
25S03142725,Clostridium_SGB4751,0.00023739995,0.0001957999
25S03142725,Clostridium_leptum,0.00023529995,0.00021879989
25S03142725,Dysosmobacter_sp_NSJ_60,0.00023039995,6.2699969e-05
25S03142725,Prevotella_copri_clade_A,0.00022959995,4.4999978e-06
25S03142725,GGB9713_SGB15249,0.00021139996,2.2199989e-05
25S03142725,GGB2998_SGB3988,0.00021119996,6.9699965e-05
25S03142725,Anaerobutyricum_hallii,0.00020999996,2.3899988e-05
25S03142725,Lawsonibacter_asaccharolyticus,0.00020819996,3.8899981e-05
25S03142725,GGB13404_SGB14252,0.00020709996,3.6299982e-05
25S03142725,GGB2652_SGB3573,0.00019549996,0.00016939992
25S03142725,Bacteroides_nordii,0.00018899996,1.969999e-05
25S03142725,Eubacterium_sp_AF34_35BH,0.00018179996,0.0044736978
25S03142725,GGB9501_SGB14898,0.00018149996,4.9699975e-05
25S03142725,Megasphaera_hominis,0.00016749997,0.00045259977
25S03142725,Streptococcus_parasanguinis,0.00016599997,0.00062629969
25S03142725,Bacteroides_intestinalis,0.00015269997,1.0899995e-05
25S03142725,Streptococcus_salivarius,0.00015069997,0.0014861993
25S03142725,Parabacteroides_sp_N37,0.00014709997,1.1399994e-05
25S03142725,Holdemania_filiformis,0.00014569997,4.6399977e-05
25S03142725,GGB52130_SGB14966,0.00013329997,5.6399972e-05
25S03142725,Clostridiaceae_unclassified_SGB4771,0.00012259998,0.00013289993
25S03142725,Longibaculum_muris,0.00012149998,0.0007971996
25S03142725,Allisonella_histaminiformans,0.00011759998,0.00046029977
25S03142725,Christensenella_sp_NSJ_35,0.00011059998,8.059996e-05
25S03142725,Christensenella_minuta,0.00011009998,0.00010849995
25S03142725,GGB9559_SGB14969,0.00010819998,0.00015909992
25S03142725,Clostridium_sp_AF27_2AA,0.00010619998,5.8199971e-05
25S03142725,Veillonella_rogosae,9.969998e-05,4.3899978e-05
25S03142725,GGB3828_SGB5197,9.6399981e-05,5.0699975e-05
25S03142725,Gordonibacter_pamelaeae,9.1999982e-05,7.0699965e-05
25S03142725,GGB9790_SGB15413,8.7699982e-05,7.6399962e-05
25S03142725,Mediterraneibacter_butyricigenes,8.7499983e-05,0.00041259979
25S03142725,GGB2980_SGB3962,8.7299983e-05,0.00028789986
25S03142725,Alistipes_SGB2300,7.7199985e-05,0.0
25S03142725,GGB9619_SGB15067,7.5799985e-05,6.4699968e-05
25S03142725,Enterocloster_citroniae,7.5199985e-05,7.6999962e-06
25S03142725,Pseudoflavonifractor_gallinarum,7.5099985e-05,2.3799988e-05
25S03142725,GGB51441_SGB71759,7.2399986e-05,0.00010609995
25S03142725,Blautia_sp_Marseille_P3087,7.1099986e-05,0.00032639984
25S03142725,Mediterraneibacter_massiliensis,7.0999986e-05,0.00033169983
25S03142725,Streptococcus_australis,7.0699986e-05,0.0
25S03142725,GGB9531_SGB14932,7.0299986e-05,1.5299992e-05
25S03142725,GGB9602_SGB15028,6.9999986e-05,4.3999978e-06
25S03142725,Lachnospiraceae_bacterium,6.8499986e-05,0.0013226993
25S03142725,Christensenellaceae_bacterium_NSJ_63,6.7899986e-05,7.6399962e-05
25S03142725,Akkermansia_muciniphila,6.7699986e-05,1.0999995e-05
25S03142725,Enorma_massiliensis,6.6899987e-05,0.00076619962
25S03142725,GGB59744_SGB2275,6.5499987e-05,0.0
25S03142725,Klebsiella_quasipneumoniae,6.5299987e-05,7.5999962e-06
25S03142725,Intestinimonas_gabonensis,6.2799987e-05,2.7999986e-06
25S03142725,Intestinimonas_massiliensis,5.7799988e-05,0.0
25S03142725,Raoultibacter_timonensis,5.5899989e-05,0.00011349994
25S03142725,Ruminococcaceae_bacterium_AM28_23LB,5.5899989e-05,3.1099984e-05
25S03142725,Parabacteroides_faecis,5.5499989e-05,2.9999985e-06
25S03142725,GGB4745_SGB6571,5.5099989e-05,1.999999e-06
25S03142725,GGB36267_SGB14177,5.139999e-05,1.1599994e-05
25S03142725,Enterobacter_asburiae,4.939999e-05,4.8999976e-06
25S03142725,Anaerotruncus_rubiinfantis,4.909999e-05,7.4999963e-06
25S03142725,GGB6518_SGB9205,4.6699991e-05,0.0
25S03142725,Waltera_intestinalis,4.5099991e-05,1.3599993e-05
25S03142725,GGB9534_SGB14937,4.2999991e-05,1.5999992e-06
25S03142725,Escherichia_coli,4.1799992e-05,1.1399994e-05
25S03142725,Streptococcus_SGB14888,4.1599992e-05,4.8299976e-05
25S03142725,Holdemania_massiliensis,4.1199992e-05,1.1999994e-05
25S03142725,Slackia_piriformis,4.0099992e-05,0.00086989957
25S03142725,Alistipes_sp_D31t1_170403_E11,3.7799992e-05,0.0
25S03142725,Clostridiaceae_bacterium_Marseille_Q4143,3.5699993e-05,2.8899986e-05
25S03142725,Lachnospiraceae_bacterium_Marseille_Q4251,3.5399993e-05,1.1599994e-05
25S03142725,Massiliimalia_massiliensis,3.5099993e-05,5.5399972e-05
25S03142725,Streptococcus_thermophilus,3.4299993e-05,0.00046909977
25S03142725,Adlercreutzia_equolifaciens,3.4099993e-05,0.00022399989
25S03142725,Intestinimonas_butyriciproducens,3.3699993e-05,0.0
25S03142725,Veillonella_dispar,3.3699993e-05,6.3999968e-06
25S03142725,Mogibacterium_sp_BX12,3.3599993e-05,0.00025469987
25S03142725,Phocea_massiliensis,3.2799993e-05,4.1899979e-05
25S03142725,Negativibacillus_massiliensis,3.2699993e-05,0.00034509983
25S03142725,Enterobacter_roggenkampii,3.2199994e-05,0.0
25S03142725,Anaerofustis_stercorihominis,3.0399994e-05,0.00044229978
25S03142725,Oscillospiraceae_bacterium_NSJ_64,3.0199994e-05,5.7999971e-06
25S03142725,Blautia_glucerasea,3.0099994e-05,7.7499961e-05
25S03142725,Intestinibacillus_sp_Marseille_P6563,2.8199994e-05,1.7599991e-05
25S03142725,Hydrogeniiclostidium_mannosilyticum,2.8099994e-05,5.8999971e-06
25S03142725,GGB3570_SGB4777,2.7399995e-05,8.6799957e-05
25S03142725,Christensenella_hongkongensis,2.7299995e-05,1.0199995e-05
25S03142725,Eubacterium_sp_AF16_48,2.7199995e-05,0.00092909954
25S03142725,Anaerotruncus_colihominis,2.6999995e-05,5.999997e-06
25S03142725,GGB9765_SGB15382,2.6699995e-05,1.1499994e-05
25S03142725,GGB9646_SGB15123,2.5499995e-05,2.4999988e-06
25S03142725,Oscillibacter_sp_PC13,2.4899995e-05,3.1999984e-06
25S03142725,Gordonibacter_massiliensis,2.4499995e-05,2.9299985e-05
25S03142725,Enterocloster_asparagiformis,2.3999995e-05,0.0
25S03142725,Alistipes_indistinctus,2.3899995e-05,0.0
25S03142725,GGB51959_SGB72479,2.3799995e-05,5.8899971e-05
25S03142725,GGB2848_SGB3813,2.3699995e-05,0.0
25S03142725,GGB9469_SGB14863,2.3699995e-05,2.2899989e-05
25S03142725,Neobittarella_massiliensis,2.3199995e-05,1.949999e-05
25S03142725,Clostridiales_bacterium_1_7_47FAA,2.1199996e-05,0.0
25S03142725,GGB3678_SGB4991,2.0999996e-05,0.0
25S03142725,Veillonella_parvula,2.0199996e-05,2.2499989e-05
25S03142725,Parabacteroides_sp_TM07_1AC,1.9099996e-05,0.0
25S03142725,Anaeromassilibacillus_sp_An250,1.8599996e-05,0.0
25S03142725,GGB51647_SGB4348,1.8299996e-05,0.0
25S03142725,Enterocloster_bolteae,1.7599996e-05,0.0
25S03142725,Megasphaera_elsdenii,1.7099997e-05,7.5699962e-05
25S03142725,Actinomyces_SGB17154,1.6599997e-05,3.8099981e-05
25S03142725,GGB9770_SGB15390,1.6399997e-05,0.0
25S03142725,Hungatella_hathewayi,1.5999997e-05,4.009998e-05
25S03142725,GGB1364_SGB1833,1.4699997e-05,0.0
25S03142725,GGB9237_SGB14179,1.4499997e-05,0.0
25S03142725,GGB9537_SGB14940,1.4499997e-05,0.0
25S03142725,GGB58233_SGB79883,1.3699997e-05,1.0799995e-05
25S03142725,Candidatus_Alloruminococcus_vanvlietii,1.2999997e-05,0.0
25S03142725,Actinomyces_SGB17168,1.2799997e-05,4.8399976e-05
25S03142725,Klebsiella_variicola,1.2499998e-05,0.0
25S03142725,Faecalicoccus_pleomorphus,1.1399998e-05,0.00010309995
25S03142725,Lachnotalea_sp_AF33_28,1.1299998e-05,3.5999982e-06
25S03142725,Desulfovibrio_fairfieldensis,1.1199998e-05,0.0
25S03142725,Erysipelatoclostridium_ramosum,1.0999998e-05,3.6599982e-05
25S03142725,Pseudoflavonifractor_sp_AF19_9AC,1.0899998e-05,2.9999985e-07
25S03142725,Clostridiales_bacterium_Choco116,1.0799998e-05,2.5999987e-06
25S03142725,TM7_phylum_sp_oral_taxon_352,1.0099998e-05,1.7999991e-05
25S03142725,Phocaeicola_dorei,9.2999981e-06,0.0
25S03142725,Merdimonas_faecis,8.0999984e-06,8.6399957e-05
25S03142725,Clostridium_sp_Marseille_P3244,7.5999985e-06,2.1899989e-05
25S03142725,GGB12785_SGB19823,7.0999986e-06,4.2999979e-06
25S03142725,Parabacteroides_goldsteinii,7.0999986e-06,0.0
25S03142725,Actinomyces_SGB17132,6.9999986e-06,1.0899995e-05
25S03142725,Candidatus_Schneewindia_gallinarum,6.9999986e-06,1.1199994e-05
25S03142725,Lachnospiraceae_bacterium_NSJ_29,6.6999987e-06,0.00010189995
25S03142725,Christensenella_intestinihominis,5.8999988e-06,1.999999e-07
25S03142725,Candidatus_Pararuminococcus_gallinarum,5.5999989e-06,1.8799991e-05
25S03142725,GGB3444_SGB4594,5.5999989e-06,3.5699982e-05
25S03142725,Granulicatella_SGB8255,5.3999989e-06,1.2999994e-05
25S03142725,Streptococcus_infantis,5.2999989e-06,1.8399991e-05
25S03142725,Clostridium_scindens,5.199999e-06,0.00011629994
25S03142725,Lacrimispora_saccharolytica,4.4999991e-06,4.1999979e-06
25S03142725,GGB3034_SGB4030,3.9999992e-06,8.5999957e-06
25S03142725,Rothia_mucilaginosa,3.9999992e-06,3.7499981e-05
25S03142725,GGB3537_SGB4727,2.7999994e-06,0.0
25S03142725,Bilophila_SGB15451,2.5999995e-06,0.0
25S03142725,Candidatus_Metalachnospira_SGB63370,2.4999995e-06,0.0
25S03142725,Candidatus_Nanosynsacchari_sp_TM7_ANC_38_39_G1_1,2.4999995e-06,0.0
25S03142725,Streptococcus_mitis,2.3999995e-06,1.909999e-05
25S03142725,Catenibacillus_scindens,2.0999996e-06,1.3699993e-05
25S03142725,Veillonella_atypica,2.0999996e-06,0.0
25S03142725,Christensenellaceae_bacterium_NSJ_44,1.5999997e-06,0.0
25S03142725,Bittarella_massiliensis,1.4999997e-06,0.0
25S03142725,Bacteroides_fragilis,1.3999997e-06,0.0
25S03142725,Candidatus_Paralachnospira_caecorum,1.2999997e-06,2.5999987e-06
25S03142725,Acidaminococcus_SGB5735,1.0999998e-06,0.0
25S03142725,Bifidobacterium_catenulatum,1.0999998e-06,2.099999e-06
25S03142725,GGB9719_SGB15272,9.999998e-07,5.999997e-06
25S03142725,Eubacterium_sp_NSJ_61,8.9999982e-07,6.9999965e-07
25S03142725,Bacteroides_sp_AM10_21B,6.9999986e-07,0.0
25S03142725,Christensenellaceae_bacterium_NSJ_53,4.999999e-07,0.0
25S03142725,Cloacibacillus_porcorum,2.9999994e-07,0.0
25S03142725,Alistipes_SGB2302,1.9999996e-07,0.0
25S03142725,Weissella_confusa,0.0,7.4699963e-05
25S03142725,Gemella_sanguinis,0.0,4.039998e-05
25S03142725,Bifidobacterium_animalis,0.0,3.3499983e-05
25S03142725,Eubacterium_sulci,0.0,2.4099988e-05
25S03142725,Massilimicrobiota_timonensis,0.0,2.2199989e-05
25S03142725,Romboutsia_timonensis,0.0,2.2099989e-05
25S03142725,GGB4605_SGB6376,0.0,1.8099991e-05
25S03142725,Actinomyces_graevenitzii,0.0,1.6499992e-05
25S03142725,Solobacterium_SGB6828,0.0,1.5299992e-05
25S03142725,Mogibacterium_diversum,0.0,1.4699993e-05
25S03142725,Streptococcus_vestibularis,0.0,1.2199994e-05
25S03142725,Solobacterium_SGB6829,0.0,1.1699994e-05
25S03142725,Actinomyces_sp_ICM58,0.0,1.1299994e-05
25S03142725,Eubacterium_callanderi,0.0,1.0399995e-05
25S03142725,Ruminococcus_gnavus,0.0,9.7999951e-06
25S03142725,Actinomyces_SGB17163,0.0,7.8999961e-06
25S03142725,Mediterraneibacter_SGB48424,0.0,6.099997e-06
25S03142725,Lancefieldella_parvula,0.0,4.7999976e-06
25S03142725,Bifidobacterium_dentium,0.0,3.6999982e-06
25S03142725,Streptococcus_gordonii,0.0,2.8999986e-06
25S03142725,Megasphaera_SGB5863,0.0,2.6999987e-06
25S03142725,Eggerthella_lenta,0.0,1.2999994e-06
25S03142725,Streptococcus_cristatus,0.0,1.2999994e-06
25S03142725,Kluyvera_SGB71764,0.0,8.9999955e-07
25S03142725,GGB15717_SGB23955,0.0,4.9999975e-07
25S03142725,Blautia_hydrogenotrophica,0.0,2.9999985e-07
25S03148915,Prevotella_copri_clade_B,0.20734428,0.067419493
25S03148915,Prevotella_stercorea,0.091089736,0.025477097
25S03148915,Phocaeicola_vulgatus,0.088588335,0.045269695
25S03148915,GGB1243_SGB1663,0.041444817,0.015058698
25S03148915,GGB3175_SGB4191,0.040842116,0.012541599
25S03148915,Phocaeicola_massiliensis,0.02615381,0.012111999
25S03148915,GGB9095_SGB14026,0.019377708,0.0041428996
25S03148915,Faecalibacterium_prausnitzii,0.018821408,0.0072274993
25S03148915,Phascolarctobacterium_faecium,0.018118407,0.018026398
25S03148915,Roseburia_sp_AM59_24XD,0.018058607,0.018429398
25S03148915,Clostridium_sp_AF34_10BH,0.017704907,0.010841799
25S03148915,Paraprevotella_clara,0.015762606,0.0057447994
25S03148915,Clostridiales_bacterium_KLE1615,0.015137706,0.017803498
25S03148915,GGB1495_SGB2071,0.014401006,0.0041772996
25S03148915,Blautia_wexlerae,0.012424505,0.026184697
25S03148915,Blautia_obeum,0.011561005,0.033323897
25S03148915,Roseburia_sp_AM23_20,0.011392005,0.016337098
25S03148915,GGB3746_SGB5089,0.011207704,0.013465299
25S03148915,Clostridium_sp_1001270H_150608_G6,0.009887604,0.037528396
25S03148915,Roseburia_faecis,0.0090823036,0.024742898
25S03148915,Bacteroides_eggerthii,0.0090399036,0.0035165996
25S03148915,GGB1627_SGB2229,0.0089820036,0.0039357996
25S03148915,Parasutterella_SGB9260,0.0083864034,0.0033368997
25S03148915,Fusicatenibacter_saccharivorans,0.0081393033,0.039691496
25S03148915,Parabacteroides_merdae,0.0070283028,0.0025819997
25S03148915,GGB51269_SGB5061,0.0067753027,0.0058180994
25S03148915,GGB4682_SGB6472,0.0064502026,0.0055694994
25S03148915,Clostridium_sp_AF36_4,0.0064101026,0.018103298
25S03148915,GGB9747_SGB15356,0.0063434025,0.0017150998
25S03148915,GGB3256_SGB4303,0.0059326024,0.017327798
25S03148915,Clostridium_sp_AF34_13,0.0058655023,0.010384499
25S03148915,Bacteroides_cellulosilyticus,0.0057233023,0.0024968998
25S03148915,Bacteroides_uniformis,0.0057148023,0.0022256998
25S03148915,Lachnospira_eligens,0.0054441022,0.010355399
25S03148915,Oscillibacter_sp_ER4,0.0052684021,0.0023012998
25S03148915,Anaerotignum_faecicola,0.004920002,0.0016722998
25S03148915,GGB4578_SGB6328,0.0048165019,0.010633099
25S03148915,Coprococcus_eutactus,0.0047716019,0.024286698
25S03148915,Agathobaculum_butyriciproducens,0.0047201019,0.009761599
25S03148915,GGB4549_SGB6271,0.0045921018,0.012773199
25S03148915,Parabacteroides_distasonis,0.0045445018,0.0015167998
25S03148915,GGB9635_SGB15106,0.0041055016,0.0014546999
25S03148915,Dysosmobacter_sp_BX15,0.0040926016,0.0011742999
25S03148915,GGB3619_SGB4894,0.0040024016,0.0012961999
25S03148915,Butyricimonas_sp_Marseille_P3923,0.0040020016,0.0013621999
25S03148915,Parasutterella_excrementihominis,0.0039846016,0.0015067998
25S03148915,Clostridium_SGB4909,0.0038825016,0.0024119998
25S03148915,Clostridium_fessum,0.0037745015,0.0042267996
25S03148915,Dorea_longicatena,0.0036682015,0.022138998
25S03148915,Gemmiger_SGB15295,0.0034459014,0.019343598
25S03148915,Bacteroides_caccae,0.0033152013,0.0014484999
25S03148915,Odoribacter_splanchnicus,0.0032934013,0.0012965999
25S03148915,Alistipes_senegalensis,0.0027048011,0.00063019994
25S03148915,Clostridium_sp_AM22_11AC,0.0026990011,0.0035543996
25S03148915,GGB9635_SGB15103,0.0026834011,0.0012581999
25S03148915,Alistipes_communis,0.002554301,0.00050569995
25S03148915,Bacteroides_thetaiotaomicron,0.002493401,0.0011763999
25S03148915,Alistipes_shahii,0.002430001,0.00063829994
25S03148915,Roseburia_intestinalis,0.0023390009,0.00092449991
25S03148915,GGB9712_SGB15244,0.0022923009,0.00059279994
25S03148915,Alistipes_finegoldii,0.0022889009,0.00057659994
25S03148915,Bacteroides_xylanisolvens,0.0022166009,0.00092499991
25S03148915,Ruminococcus_lactaris,0.0020293008,0.033514897
25S03148915,Candidatus_Cibionibacter_quicibialis,0.0019925008,0.0053695995
25S03148915,Butyricimonas_SGB15260,0.0019405008,0.00080789992
25S03148915,GGB9758_SGB15368,0.0018640007,0.00079899992
25S03148915,GGB3118_SGB4130,0.0018525007,0.0010334999
25S03148915,Clostridiaceae_bacterium,0.0018143007,0.0079048992
25S03148915,Roseburia_inulinivorans,0.0017874007,0.0026888997
25S03148915,GGB4711_SGB6524,0.0017680007,0.0093099991
25S03148915,GGB9636_SGB15107,0.0017576007,0.00055119994
25S03148915,Roseburia_sp_AF02_12,0.0016925007,0.0041332996
25S03148915,Ruminococcus_sp_BSD2780120874_150323_B10,0.0016797007,0.0089735991
25S03148915,GGB3528_SGB4713,0.0016645007,0.0014899999
25S03148915,Anaerobutyricum_hallii,0.0016567007,0.00032679997
25S03148915,GGB51884_SGB49168,0.0016253007,0.0010643999
25S03148915,GGB9635_SGB15104,0.0015856006,0.00086399991
25S03148915,Clostridium_sp_AF20_17LB,0.0015751006,0.0013925999
25S03148915,Lachnospiraceae_bacterium_AM48_27BH,0.0014783006,0.00068679993
25S03148915,Coprococcus_comes,0.0014333006,0.013488699
25S03148915,Catenibacterium_SGB4425,0.0014116006,0.012556599
25S03148915,Eubacterium_rectale,0.0013940006,0.0074043993
25S03148915,Clostridiaceae_unclassified_SGB15090,0.0013755006,0.00094079991
25S03148915,Faecalicatena_fissicatena,0.0013326005,0.0062361994
25S03148915,GGB9713_SGB15249,0.0013296005,0.00040259996
25S03148915,Blautia_stercoris,0.0013167005,0.010327399
25S03148915,Faecalibacillus_intestinalis,0.0012810005,0.0033724997
25S03148915,Clostridium_sp_AM33_3,0.0012809005,0.0012001999
25S03148915,Victivallis_lenta,0.0012671005,0.00024149998
25S03148915,Candidatus_Catenibacterium_tridentinum,0.0012241005,0.013001899
25S03148915,GGB58714_SGB5072,0.0011927005,0.0040234996
25S03148915,Butyricicoccus_sp_AM29_23AC,0.0011786005,0.0016825998
25S03148915,GGB9614_SGB15049,0.0011447005,0.00032899997
25S03148915,Clostridiaceae_bacterium_AF18_31LB,0.0011221004,0.0028586997
25S03148915,GGB9063_SGB13982,0.0010711004,0.00024309998
25S03148915,Faecalibacterium_SGB15346,0.0010485004,0.00050229995
25S03148915,GGB9261_SGB14209,0.0010466004,0.00018599998
25S03148915,GGB4774_SGB6609,0.0009956004,0.00048849995
25S03148915,GGB4684_SGB6478,0.0009913004,0.0013756999
25S03148915,Bacteroides_ovatus,0.00095590038,0.00045309995
25S03148915,Blautia_SGB4815,0.00094350038,0.0029959997
25S03148915,GGB33928_SGB15225,0.00090340036,0.00039829996
25S03148915,GGB4642_SGB6422,0.00089510036,0.0020602998
25S03148915,Bacteroides_intestinalis,0.00085290034,0.00031229997
25S03148915,GGB3490_SGB4664,0.00084090034,0.0032495997
25S03148915,Anaerostipes_hadrus,0.00082350033,0.0021877998
25S03148915,Phocaeicola_SGB6473,0.00080440032,0.00054019995
25S03148915,GGB4596_SGB6358,0.00080380032,0.0025470997
25S03148915,Lachnospiraceae_bacterium_OM04_12BH,0.00078380031,0.00023519998
25S03148915,Ruminococcus_torques,0.00078250031,0.016853098
25S03148915,Alistipes_onderdonkii,0.0007613003,0.00014529999
25S03148915,GGB4768_SGB6601,0.0007575003,0.00030839997
25S03148915,Firmicutes_bacterium_AF16_15,0.00072890029,0.00085619991
25S03148915,Clostridiaceae_bacterium_Marseille_Q4143,0.00069210028,0.0013016999
25S03148915,Rheinheimera_SGB14999,0.00067690027,0.00045279995
25S03148915,Clostridium_sp_AF27_2AA,0.00067340027,0.00062739994
25S03148915,Mediterraneibacter_sp_gm002,0.00066610027,0.014189399
25S03148915,Oscillospiraceae_unclassified_SGB15256,0.00066240026,0.00037559996
25S03148915,Bilophila_wadsworthia,0.00065690026,0.0012229999
25S03148915,GGB9642_SGB15119,0.00064820026,0.0028662997
25S03148915,GGB51647_SGB4348,0.00064010026,0.0017157998
25S03148915,Eubacterium_ramulus,0.00063990026,0.0059202994
25S03148915,Clostridium_sp_AF12_28,0.00063890026,0.00067299993
25S03148915,Blautia_faecis,0.00063210025,0.011776199
25S03148915,GGB2998_SGB3988,0.00062530025,0.00046939995
25S03148915,GGB33469_SGB15236,0.00060890024,0.00023939998
25S03148915,GGB9616_SGB15052,0.00059970024,0.00016279998
25S03148915,Clostridiales_bacterium,0.00058380023,0.00028699997
25S03148915,Ruminococcus_bicirculans,0.00058340023,0.0011698999
25S03148915,Corynebacterium_SGB6371,0.00057150023,0.0028158997
25S03148915,Collinsella_SGB14861,0.00054900022,0.0015862998
25S03148915,Eubacterium_sp_AF34_35BH,0.0005054002,0.0038629996
25S03148915,GGB9619_SGB15067,0.0005042002,0.00016469998
25S03148915,Parabacteroides_goldsteinii,0.0005036002,0.00016019998
25S03148915,GGB9774_SGB15394,0.0005015002,0.00021019998
25S03148915,Butyricimonas_virosa,0.0005006002,0.00019949998
25S03148915,GGB79734_SGB15291,0.0004975002,0.0032864997
25S03148915,Dysosmobacter_welbionis,0.00045870018,0.00016089998
25S03148915,GGB3815_SGB5180,0.00044790018,0.00013949999
25S03148915,Clostridiaceae_unclassified_SGB4771,0.00044430018,0.0014404999
25S03148915,GGB6518_SGB9205,0.00044120018,0.00010879999
25S03148915,Dakarella_SGB14198,0.00042530017,0.00020959998
25S03148915,GGB3730_SGB5060,0.00041750017,0.0010259999
25S03148915,Corynebacterium_SGB6370,0.00041680017,0.0020090998
25S03148915,Streptococcus_SGB15012,0.00041280017,0.00035389996
25S03148915,GGB4584_SGB6338,0.00040650016,0.0018211998
25S03148915,Vescimonas_SGB15086,0.00038980016,0.00040149996
25S03148915,Blautia_massiliensis,0.00037690015,0.0040559996
25S03148915,GGB4750_SGB6579,0.00037400015,0.00018459998
25S03148915,Alistipes_sp_AF17_16,0.00037290015,5.3399995e-05
25S03148915,Oscillospiraceae_bacterium_Marseille_Q3528,0.00036070014,0.00011269999
25S03148915,GGB9708_SGB15234,0.00035320014,0.00022319998
25S03148915,Ruminococcus_callidus,0.00034960014,0.0033192997
25S03148915,GGB9062_SGB13981,0.00034220014,7.9099992e-05
25S03148915,Clostridium_SGB4750,0.00033990014,0.00040149996
25S03148915,GGB9708_SGB15233,0.00033510013,0.00010449999
25S03148915,Eubacteriales_unclassified_SGB15145,0.00032950013,0.00030979997
25S03148915,Dorea_sp_AF36_15AT,0.00032000013,0.0026433997
25S03148915,Phascolarctobacterium_SGB5790,0.00031780013,0.00024899998
25S03148915,Butyricimonas_faecihominis,0.00031650013,0.00010199999
25S03148915,Holdemania_massiliensis,0.00031650013,0.00021349998
25S03148915,Collinsella_aerofaciens,0.00030790012,0.0047998995
25S03148915,GGB33586_SGB53517,0.00030740012,6.5299993e-05
25S03148915,GGB9603_SGB15035,0.00030430012,0.00022919998
25S03148915,GGB3828_SGB5197,0.00030400012,0.00020969998
25S03148915,GGB9197_SGB14136,0.00029710012,7.5399992e-05
25S03148915,GGB9618_SGB15064,0.00029470012,9.949999e-05
25S03148915,Roseburia_sp_AM16_25,0.00029070012,0.00047429995
25S03148915,GGB34228_SGB72916,0.00029020012,9.559999e-05
25S03148915,Lacrimispora_celerecrescens,0.00028790012,0.0043870996
25S03148915,Desulfovibrio_SGB5076,0.00027520011,0.00046829995
25S03148915,GGB80011_SGB15267,0.00027400011,9.549999e-05
25S03148915,Clostridiaceae_bacterium_H8,0.00026950011,0.00039499996
25S03148915,Flavonifractor_plautii,0.00026930011,0.00011379999
25S03148915,Ruthenibacterium_lactatiformans,0.0002601001,0.00021989998
25S03148915,Vescimonas_fastidiosa,0.0002590001,0.00030639997
25S03148915,GGB3588_SGB4808,0.0002579001,0.00064449994
25S03148915,Ligilactobacillus_SGB14949,0.0002499001,4.2199996e-05
25S03148915,GGB3345_SGB9340,0.0002496001,7.9999992e-05
25S03148915,GGB4605_SGB6376,0.0002480001,0.0038101996
25S03148915,GGB9618_SGB15065,0.0002442001,8.5499991e-05
25S03148915,Pseudoglutamicibacter_SGB14255,0.0002439001,0.00012789999
25S03148915,Coprococcus_SGB4669,0.0002414001,0.0052542995
25S03148915,GGB79770_SGB15022,0.0002403001,0.00012399999
25S03148915,Vescimonas_coprocola,0.0002378001,0.00052219995
25S03148915,Bacteroides_clarus,0.0002376001,9.649999e-05
25S03148915,GGB9266_SGB14215,0.00022930009,5.5099994e-05
25S03148915,Fusobacterium_SGB14781,0.00022640009,0.00088869991
25S03148915,GGB3653_SGB4964,0.00021430009,0.00052389995
25S03148915,GGB9767_SGB15385,0.00021400009,0.00023379998
25S03148915,GGB3321_SGB4394,0.00021330009,0.00017019998
25S03148915,Eubacterium_SGB6276,0.00020980008,0.00089949991
25S03148915,Streptococcus_salivarius,0.00020910008,0.0020239998
25S03148915,Vescimonas_SGB15087,0.00020820008,0.00041909996
25S03148915,GGB9359_SGB14334,0.00020260008,0.0012606999
25S03148915,GGB36267_SGB14177,0.00020000008,0.00022719998
25S03148915,Gemmiger_formicilis,0.00019980008,0.0013022999
25S03148915,GGB2652_SGB3573,0.00019660008,0.00022379998
25S03148915,Eubacteriaceae_bacterium,0.00018620007,0.00037469996
25S03148915,GGB9293_SGB14250,0.00017300007,0.00020629998
25S03148915,GGB9512_SGB14909,0.00017290007,0.0012027999
25S03148915,Dorea_formicigenerans,0.00016990007,0.0036405996
25S03148915,Massiliimalia_massiliensis,0.00016710007,0.00017269998
25S03148915,Dysosmobacter_sp_NSJ_60,0.00016000006,8.8799991e-05
25S03148915,GGB13404_SGB14252,0.00015320006,4.6199995e-05
25S03148915,Lacrimispora_amygdalina,0.00014810006,0.00011789999
25S03148915,GGB9345_SGB14311,0.00014530006,6.1499994e-05
25S03148915,Clostridiales_bacterium_NSJ_40,0.00014210006,0.00013749999
25S03148915,Clostridiales_Family_XIII_bacterium_BX16,0.00014050006,0.00065439993
25S03148915,Adlercreutzia_equolifaciens,0.00013830006,0.00077709992
25S03148915,Bacteroides_bouchesdurhonensis,0.00013310005,5.1999995e-05
25S03148915,GGB33469_SGB15237,0.00012620005,5.8899994e-05
25S03148915,Lachnospiraceae_bacterium_Marseille_Q4251,0.00011990005,0.00013099999
25S03148915,GGB9444_SGB14834,0.00011780005,2.2499998e-05
25S03148915,GGB9699_SGB15216,0.00011720005,9.619999e-05
25S03148915,Holdemania_filiformis,0.00011600005,8.2499992e-05
25S03148915,Nitrosopumilus_SGB14899,0.00011550005,0.00026329997
25S03148915,Romboutsia_timonensis,0.00011380005,0.00093129991
25S03148915,GGB9262_SGB14210,0.00011210004,1.0099999e-05
25S03148915,Roseburia_hominis,0.00011060004,0.00015299998
25S03148915,Blautia_glucerasea,0.00010360004,0.00066189993
25S03148915,Haemophilus_parainfluenzae,9.890004e-05,3.0699997e-05
25S03148915,Intestinimonas_butyriciproducens,9.3300037e-05,7.3999993e-06
25S03148915,Clostridium_SGB4751,9.2500037e-05,0.00013269999
25S03148915,Mediterraneibacter_butyricigenes,9.0700036e-05,0.00037079996
25S03148915,GGB9237_SGB14179,9.0400036e-05,0.00012369999
25S03148915,GGB49418_SGB69331,8.9100036e-05,0.00017519998
25S03148915,Bacteroides_salyersiae,8.5000034e-05,2.5799997e-05
25S03148915,Eubacterium_ventriosum,8.1500033e-05,0.0011197999
25S03148915,Mailhella_massiliensis,8.1000032e-05,3.7899996e-05
25S03148915,Escherichia_coli,7.8800032e-05,4.1599996e-05
25S03148915,GGB9239_SGB14181,7.7300031e-05,9.769999e-05
25S03148915,Anaerosacchariphilus_sp_NSJ_68,7.2000029e-05,0.00024029998
25S03148915,Lawsonibacter_asaccharolyticus,7.0100028e-05,1.8299998e-05
25S03148915,GGB9634_SGB15097,6.9800028e-05,3.0299997e-05
25S03148915,Parabacteroides_bouchesdurhonensis,6.9600028e-05,3.3899997e-05
25S03148915,Waltera_intestinalis,6.9000028e-05,4.2799996e-05
25S03148915,GGB9708_SGB15235,6.8700027e-05,1.5399998e-05
25S03148915,Clostridium_leptum,6.7200027e-05,0.00011929999
25S03148915,Clostridia_bacterium_UC5_1_1D1,6.6900027e-05,7.4099993e-05
25S03148915,GGB52130_SGB14966,6.6100026e-05,3.1299997e-05
25S03148915,Lachnoclostridium_edouardi,6.5400026e-05,0.00016759998
25S03148915,Anaerococcus_SGB4342,6.4300026e-05,8.7499991e-05
25S03148915,Lachnospiraceae_bacterium,6.2100025e-05,0.0030228997
25S03148915,Anaerofilum_sp_BX8,6.0800024e-05,3.9099996e-05
25S03148915,Clostridiales_bacterium_NSJ_32,6.0500024e-05,9.699999e-06
25S03148915,Bacteroides_nordii,6.0000024e-05,1.8099998e-05
25S03148915,Clostridium_sp_AF32_12BH,5.9900024e-05,8.0799992e-05
25S03148915,Enterocloster_SGB14313,5.9200024e-05,8.3599992e-05
25S03148915,Candidatus_Metalachnospira_SGB63370,5.7000023e-05,7.6999992e-05
25S03148915,Anaerotruncus_rubiinfantis,5.5300022e-05,3.6399996e-05
25S03148915,Gallalistipes_aquisgranensis,5.3900022e-05,4.9999995e-07
25S03148915,Alistipes_indistinctus,5.1700021e-05,1.4799999e-05
25S03148915,GGB9561_SGB14972,5.1700021e-05,0.00070069993
25S03148915,Enterocloster_bolteae,5.1400021e-05,4.5999995e-06
25S03148915,Lachnotalea_sp_AF33_28,4.8200019e-05,2.2199998e-05
25S03148915,GGB9697_SGB15213,4.1700017e-05,2.7799997e-05
25S03148915,GGB3061_SGB4063,4.1000016e-05,1.9499998e-05
25S03148915,GGB9424_SGB14794,3.9200016e-05,1.5599998e-05
25S03148915,Clostridium_sp_AM42_4,3.8200015e-05,5.9099994e-05
25S03148915,Veillonella_rogosae,3.7700015e-05,1.4999999e-05
25S03148915,Sanguibacteroides_justesenii,3.7500015e-05,1.1999999e-05
25S03148915,Lawsonibacter_sp_NSJ_51,3.7300015e-05,0.0
25S03148915,Christensenella_hongkongensis,3.7100015e-05,2.8199997e-05
25S03148915,Alistipes_provencensis,3.6400015e-05,5.9999994e-06
25S03148915,Intestinimonas_gabonensis,3.3500013e-05,0.0
25S03148915,GGB52106_SGB72838,3.3000013e-05,4.3999996e-06
25S03148915,GGB9522_SGB14921,3.2800013e-05,9.3299991e-05
25S03148915,Veillonella_parvula,3.2400013e-05,2.0799998e-05
25S03148915,GGB9302_SGB14263,3.2000013e-05,2.8999997e-06
25S03148915,Oscillospiraceae_unclassified_SGB4197,3.1500013e-05,0.0
25S03148915,Raoultibacter_timonensis,3.0800012e-05,8.0699992e-05
25S03148915,GGB9534_SGB14937,2.9800012e-05,1.5999998e-05
25S03148915,Christensenellaceae_bacterium_NSJ_63,2.9400012e-05,8.0999992e-05
25S03148915,GGB9537_SGB14940,2.7900011e-05,0.0
25S03148915,Streptococcus_rubneri,2.7900011e-05,0.00014439999
25S03148915,Enterococcus_SGB6173,2.7500011e-05,0.0016930998
25S03148915,GGB3351_SGB4434,2.410001e-05,3.8899996e-05
25S03148915,Christensenella_minuta,2.3000009e-05,2.8699997e-05
25S03148915,Dielma_fastidiosa,2.3000009e-05,3.5199996e-05
25S03148915,Gemmiger_SGB15299,2.2300009e-05,0.00025149997
25S03148915,Bittarella_massiliensis,2.2200009e-05,1.8099998e-05
25S03148915,Oscillibacter_sp_PC13,2.1300009e-05,5.7999994e-06
25S03148915,Anaerobutyricum_soehngenii,2.0700008e-05,0.0
25S03148915,GGB35068_SGB47850,2.0400008e-05,0.00020819998
25S03148915,Lachnospiraceae_bacterium_OF09_6,2.0400008e-05,0.00052829995
25S03148915,GGB9770_SGB15390,1.9100008e-05,4.0999996e-05
25S03148915,Enterocloster_aldenensis,1.9000008e-05,0.0
25S03148915,Lactonifactor_sp_BIOML_A6,1.8800008e-05,2.4199998e-05
25S03148915,GGB4667_SGB6456,1.6500007e-05,9.0999991e-06
25S03148915,Phocea_massiliensis,1.6300007e-05,3.9399996e-05
25S03148915,GGB9412_SGB14767,1.6200006e-05,5.0999995e-06
25S03148915,Allisonella_histaminiformans,1.6100006e-05,0.00014939999
25S03148915,Enterocloster_asparagiformis,1.5800006e-05,0.0
25S03148915,GGB3444_SGB4594,1.3200005e-05,3.8099996e-05
25S03148915,Lachnospiraceae_bacterium_NSJ_46,1.2600005e-05,0.00090429991
25S03148915,Candidatus_Alloruminococcus_vanvlietii,1.1200004e-05,6.2999994e-06
25S03148915,GGB3570_SGB4777,1.1200004e-05,6.4499994e-05
25S03148915,GGB9646_SGB15123,1.0700004e-05,0.0
25S03148915,Mogibacterium_sp_BX12,1.0300004e-05,0.00025189997
25S03148915,Veillonella_tobetsuensis,1.0200004e-05,3.1999997e-06
25S03148915,Oscillospiraceae_bacterium_NSJ_64,9.8000039e-06,8.9999991e-06
25S03148915,Streptococcus_sp_F0442,9.6000038e-06,0.00011209999
25S03148915,Candidatus_Nanosynsacchari_sp_TM7_ANC_38_39_G1_1,8.9000036e-06,2.6999997e-06
25S03148915,Intestinimonas_massiliensis,8.9000036e-06,0.0
25S03148915,Angelakisella_massiliensis,8.8000035e-06,1.4999999e-06
25S03148915,Streptococcus_mitis,8.6000034e-06,2.0299998e-05
25S03148915,Anaerotruncus_colihominis,8.5000034e-06,6.9999993e-07
25S03148915,Clostridium_butyricum,7.600003e-06,5.0099995e-05
25S03148915,Clostridium_sp_AM49_4BH,6.8000027e-06,2.2499998e-05
25S03148915,Streptococcus_sanguinis,6.5000026e-06,2.7999997e-05
25S03148915,Streptococcus_australis,5.5000022e-06,3.5899996e-05
25S03148915,Christensenella_sp_NSJ_35,5.3000021e-06,3.2999997e-06
25S03148915,Gemella_sanguinis,5.000002e-06,0.00014239999
25S03148915,Granulicatella_SGB8255,5.000002e-06,2.3399998e-05
25S03148915,Streptococcus_infantis,4.6000018e-06,4.3099996e-05
25S03148915,GGB9619_SGB15066,4.4000018e-06,0.0
25S03148915,Candidatus_Avimonas_narfia,3.8000015e-06,2.5999997e-06
25S03148915,Lachnospiraceae_bacterium_NSJ_29,3.8000015e-06,0.00012049999
25S03148915,Rothia_mucilaginosa,3.8000015e-06,5.8199994e-05
25S03148915,GGB38744_SGB14842,3.6000014e-06,2.0399998e-05
25S03148915,Streptococcus_oralis,3.5000014e-06,3.7699996e-05
25S03148915,TM7_phylum_sp_oral_taxon_352,3.5000014e-06,6.2199994e-05
25S03148915,Neobittarella_massiliensis,3.2000013e-06,1.2999999e-06
25S03148915,GGB79973_SGB14342,3.0000012e-06,7.6999992e-06
25S03148915,Actinomyces_sp_ICM47,2.9000012e-06,2.3899998e-05
25S03148915,Candidatus_Stoquefichus_sp_SB1,2.8000011e-06,3.3799997e-05
25S03148915,Clostridiales_bacterium_BX7,2.8000011e-06,0.0
25S03148915,Clostridium_hylemonae,2.400001e-06,2.3199998e-05
25S03148915,Clostridium_sp_NSJ_42,2.400001e-06,0.00013659999
25S03148915,Peptostreptococcus_stomatis,2.400001e-06,2.9999997e-07
25S03148915,Candidatus_Schneewindia_gallinarum,2.3000009e-06,2.4999998e-06
25S03148915,Roseburia_SGB4949,2.3000009e-06,9.999999e-07
25S03148915,GGB74463_SGB54347,2.0000008e-06,0.0
25S03148915,Intestinibacillus_massiliensis,2.0000008e-06,0.0
25S03148915,Prevotella_SGB1680,2.0000008e-06,0.0
25S03148915,Faecalicatena_contorta,1.8000007e-06,2.4799998e-05
25S03148915,Hungatella_hathewayi,1.5000006e-06,2.9299997e-05
25S03148915,Prevotella_copri_clade_A,1.5000006e-06,2.3099998e-05
25S03148915,GGB9788_SGB15411,1.4000006e-06,0.0
25S03148915,Christensenellaceae_bacterium_NSJ_44,1.0000004e-06,0.0
25S03148915,Streptococcus_parasanguinis,1.0000004e-06,8.4199992e-05
25S03148915,Clostridium_SGB4913,9.0000036e-07,0.0
25S03148915,Streptococcus_cristatus,9.0000036e-07,3.6899996e-05
25S03148915,Massiliimalia_timonensis,8.0000032e-07,2.3899998e-05
25S03148915,Mogibacterium_sp_NSJ_24,6.0000024e-07,0.0
25S03148915,GGB9719_SGB15272,3.0000012e-07,7.8999992e-06
25S03148915,Clostridiales_bacterium_1_7_47FAA,2.0000008e-07,0.0
25S03148915,TM7_phylum_sp_oral_taxon_348,2.0000008e-07,0.0
25S03148915,Streptococcus_anginosus,0.0,0.00041939996
25S03148915,Streptococcus_vestibularis,0.0,0.00011139999
25S03148915,Streptococcus_gordonii,0.0,5.6099994e-05
25S03148915,Lactococcus_SGB96887,0.0,3.8999996e-05
25S03148915,Eubacterium_sulci,0.0,3.6399996e-05
25S03148915,Lancefieldella_rimae,0.0,3.1399997e-05
25S03148915,Mogibacterium_diversum,0.0,3.0299997e-05
25S03148915,Weissella_confusa,0.0,2.7099997e-05
25S03148915,Actinomyces_graevenitzii,0.0,2.2399998e-05
25S03148915,Collinsella_provencensis,0.0,1.4199999e-05
25S03148915,Eggerthella_lenta,0.0,1.4099999e-05
25S03148915,Clostridia_bacterium,0.0,1.3199999e-05
25S03148915,Candidatus_Pararuminococcus_gallinarum,0.0,1.1699999e-05
25S03148915,GGB9787_SGB15410,0.0,1.1499999e-05
25S03148915,Actinomyces_SGB17168,0.0,1.0999999e-05
25S03148915,Gemella_morbillorum,0.0,1.0999999e-05
25S03148915,GGB12785_SGB19823,0.0,1.0399999e-05
25S03148915,Lactococcus_raffinolactis,0.0,1.0199999e-05
25S03148915,Eubacterium_infirmum,0.0,9.0999991e-06
25S03148915,Lactococcus_lactis,0.0,8.8999991e-06
25S03148915,Streptococcus_mutans,0.0,7.6999992e-06
25S03148915,Anaerococcus_SGB15407,0.0,6.3999994e-06
25S03148915,Phocaeicola_plebeius,0.0,6.1999994e-06
25S03148915,Clostridium_sp_Marseille_P3244,0.0,6.0999994e-06
25S03148915,Propionibacterium_acidifaciens,0.0,5.3999995e-06
25S03148915,Actinomyces_bouchesdurhonensis,0.0,5.0999995e-06
25S03148915,Leuconostoc_pseudomesenteroides,0.0,4.7999995e-06
25S03148915,Solobacterium_moorei,0.0,4.7999995e-06
25S03148915,Granulicatella_adiacens,0.0,4.4999996e-06
25S03148915,Streptococcus_sinensis,0.0,3.5999996e-06
25S03148915,GGB51959_SGB72479,0.0,3.3999997e-06
25S03148915,Blautia_sp_Marseille_P3087,0.0,2.7999997e-06
25S03148915,Bifidobacterium_dentium,0.0,1.6999998e-06
25S03148915,Eubacterium_SGB4961,0.0,1.1999999e-06
25S03148915,Dialister_invisus,0.0,9.999999e-07
25S03148915,Kluyvera_SGB71764,0.0,9.999999e-07
25S03148915,Scardovia_wiggsiae,0.0,5.9999994e-07
25S03148915,Actinomyces_SGB17132,0.0,4.9999995e-07
25S03148915,Clostridium_SGB5113,0.0,4.9999995e-07
25S03148915,Arachnia_rubra,0.0,2.9999997e-07
25S03148915,Weissella_cibaria,0.0,2.9999997e-07
25S03150919,Phocaeicola_dorei,0.34698123,0.21019072
25S03150919,Bacteroides_uniformis,0.14995937,0.085859909
25S03150919,Bacteroides_ovatus,0.12981707,0.080842708
25S03150919,Bacteroides_fragilis,0.092026982,0.053035705
25S03150919,Escherichia_coli,0.05144379,0.021413902
25S03150919,Bacteroides_thetaiotaomicron,0.04759809,0.024420302
25S03150919,Clostridium_SGB4750,0.040875992,0.029077403
25S03150919,Parasutterella_SGB9260,0.032675993,0.013995501
25S03150919,Ruminococcus_torques,0.016350197,0.10161351
25S03150919,Roseburia_intestinalis,0.009757998,0.0080920008
25S03150919,Clostridium_sp_AT4,0.0086140983,0.010215801
25S03150919,Desulfovibrio_SGB5076,0.0086074983,0.011132001
25S03150919,Faecalibacillus_intestinalis,0.0073675985,0.013315301
25S03150919,Blautia_wexlerae,0.0072803985,0.070187707
25S03150919,Anaerostipes_hadrus,0.0069005986,0.0075772008
25S03150919,Clostridium_sp_AF20_17LB,0.005108999,0.0041013004
25S03150919,Clostridiaceae_bacterium_Marseille_Q3526,0.0046640991,0.0035272004
25S03150919,Fusicatenibacter_saccharivorans,0.0040774992,0.051909405
25S03150919,Ruminococcus_gnavus,0.0024086995,0.018167502
25S03150919,Faecalimonas_umbilicata,0.0023269995,0.014632701
25S03150919,Roseburia_faecis,0.0016562997,0.0023819002
25S03150919,Bilophila_wadsworthia,0.0015559997,0.00056140006
25S03150919,Ruminococcus_sp_AF13_28,0.0014779997,0.019557302
25S03150919,Bifidobacterium_longum,0.0014472997,0.010002201
25S03150919,Collinsella_aerofaciens,0.0013830997,0.015115002
25S03150919,Blautia_hansenii,0.0011463998,0.0054149005
25S03150919,Bifidobacterium_pseudocatenulatum,0.0011080998,0.0088816009
25S03150919,Clostridium_sp_AM33_3,0.0011015998,0.0009525001
25S03150919,Dorea_longicatena,0.00092949981,0.013696201
25S03150919,Coprococcus_comes,0.00088989982,0.0054053005
25S03150919,Anaerobutyricum_soehngenii,0.00079639984,0.00036210004
25S03150919,Agathobaculum_butyriciproducens,0.00074439985,0.0014652001
25S03150919,Roseburia_sp_AM16_25,0.00067199987,0.0025184003
25S03150919,Ruminococcus_sp_AF41_9,0.00062059988,0.0076191008
25S03150919,Blautia_massiliensis,0.00061979988,0.014154401
25S03150919,Faecalicatena_fissicatena,0.00059129988,0.0062249006
25S03150919,Romboutsia_timonensis,0.0005219999,0.0013583001
25S03150919,Enterocloster_bolteae,0.0004986999,0.00053590005
25S03150919,GGB3828_SGB5197,0.0004860999,0.00045280005
25S03150919,Faecalibacterium_prausnitzii,0.00043749991,0.00072630007
25S03150919,Blautia_obeum,0.00039269992,0.010133201
25S03150919,Ruminococcus_lactaris,0.00033229993,0.00089120009
25S03150919,Lacrimispora_amygdalina,0.00032149994,0.00036760004
25S03150919,Mediterraneibacter_glycyrrhizinilyticus,0.00030169994,0.00066100007
25S03150919,Waltera_intestinalis,0.00029409994,0.00018310002
25S03150919,Fusobacterium_ulcerans,0.00028039994,0.00010260001
25S03150919,Blautia_faecis,0.00027859994,0.0039781004
25S03150919,Clostridiaceae_bacterium,0.00027309995,0.00018140002
25S03150919,Veillonella_rogosae,0.00025599995,0.00024940002
25S03150919,GGB3109_SGB4119,0.00025239995,0.00039680004
25S03150919,Flavonifractor_plautii,0.00022649995,0.00022800002
25S03150919,Clostridiales_bacterium_KLE1615,0.00021739996,0.00091030009
25S03150919,Klebsiella_pneumoniae,0.00019899996,9.540001e-05
25S03150919,Veillonellaceae_bacterium,0.00019499996,0.00017290002
25S03150919,Lacrimispora_celerecrescens,0.00016699997,0.0015192002
25S03150919,Veillonella_dispar,0.00016229997,0.00014700001
25S03150919,Coprococcus_catus,0.00014939997,0.0011757001
25S03150919,Clostridiaceae_bacterium_AF18_31LB,0.00014579997,0.00031080003
25S03150919,Streptococcus_mitis,0.00012539997,0.0010313001
25S03150919,Veillonella_parvula,9.1199982e-05,0.00010540001
25S03150919,Blautia_SGB4815,7.8799984e-05,0.00059520006
25S03150919,Anaerotignum_faecicola,7.8699984e-05,5.7000006e-05
25S03150919,Roseburia_inulinivorans,7.8499984e-05,6.4600006e-05
25S03150919,Streptococcus_salivarius,7.7399985e-05,0.0086602009
25S03150919,Peptostreptococcus_SGB749,7.7099985e-05,0.00019080002
25S03150919,Fusobacterium_nucleatum,7.6499985e-05,5.5500006e-05
25S03150919,Dysosmobacter_welbionis,7.4799985e-05,6.8400007e-05
25S03150919,Fusobacterium_pseudoperiodonticum,7.1899986e-05,2.3600002e-05
25S03150919,Haemophilus_parainfluenzae,6.8199986e-05,1.9000002e-05
25S03150919,Rothia_mucilaginosa,6.7999986e-05,0.0010205001
25S03150919,Clostridiaceae_unclassified_SGB4747,6.7899986e-05,7.5700008e-05
25S03150919,Clostridiales_bacterium,6.5299987e-05,5.9400006e-05
25S03150919,Eggerthella_lenta,6.4199987e-05,0.00019600002
25S03150919,Eubacterium_ventriosum,5.6499989e-05,0.00025900003
25S03150919,Escherichia_marmotae,5.5399989e-05,1.4300001e-05
25S03150919,Dysosmobacter_sp_BX15,5.4499989e-05,4.7900005e-05
25S03150919,Peptostreptococcus_stomatis,5.239999e-05,0.00027000003
25S03150919,GGB51269_SGB5062,4.2499992e-05,4.9700005e-05
25S03150919,Enterocloster_clostridioformis,4.1699992e-05,5.5300006e-05
25S03150919,Roseburia_hominis,3.6899993e-05,2.3900002e-05
25S03150919,Dialister_invisus,3.4799993e-05,0.00011820001
25S03150919,Prevotella_copri_clade_E,3.2399994e-05,8.9100009e-05
25S03150919,Lachnospiraceae_bacterium_Marseille_Q4251,2.9999994e-05,0.00012560001
25S03150919,TM7_phylum_sp_oral_taxon_352,2.8599994e-05,0.00026660003
25S03150919,Prevotella_copri_clade_A,2.6999995e-05,2.6600003e-05
25S03150919,Granulicatella_SGB8255,2.3499995e-05,0.00071730007
25S03150919,Streptococcus_parasanguinis,2.2299996e-05,0.0028829003
25S03150919,GGB9614_SGB15049,2.1999996e-05,2.1700002e-05
25S03150919,Phocaeicola_vulgatus,2.1999996e-05,1.1800001e-05
25S03150919,Ruthenibacterium_lactatiformans,2.1999996e-05,4.2500004e-05
25S03150919,Lachnospiraceae_bacterium_AM48_27BH,2.1299996e-05,9.4000009e-06
25S03150919,Actinomyces_SGB17132,2.0799996e-05,0.00011860001
25S03150919,Selenomonas_artemidis,1.9699996e-05,3.1200003e-05
25S03150919,Actinomyces_sp_ICM47,1.7699996e-05,0.00038190004
25S03150919,Streptococcus_australis,1.7699996e-05,0.0
25S03150919,Anaerotruncus_colihominis,1.5599997e-05,5.5100006e-05
25S03150919,Blautia_luti,1.5099997e-05,0.00039250004
25S03150919,Clostridium_butyricum,1.1499998e-05,1.0800001e-05
25S03150919,Streptococcus_infantis,1.0799998e-05,0.00077110008
25S03150919,Rheinheimera_SGB14999,9.999998e-06,5.9000006e-06
25S03150919,Lawsonibacter_asaccharolyticus,9.899998e-06,8.8000009e-06
25S03150919,Enterocloster_aldenensis,7.9999984e-06,4.1000004e-06
25S03150919,Dorea_phocaeensis,7.4999985e-06,2.3800002e-05
25S03150919,Parasutterella_excrementihominis,7.0999986e-06,1.7000002e-06
25S03150919,Eubacterium_rectale,6.6999987e-06,0.0
25S03150919,Phocaeicola_plebeius,5.9999988e-06,0.0
25S03150919,Gemella_sanguinis,5.8999988e-06,0.0010929001
25S03150919,Eubacterium_sulci,5.199999e-06,0.00039050004
25S03150919,Anaerococcus_SGB53821,5.099999e-06,3.7000004e-06
25S03150919,Carnobacterium_divergens,4.3999991e-06,0.00078100008
25S03150919,Veillonella_tobetsuensis,3.7999992e-06,3.5000004e-06
25S03150919,Bacteroides_faecis,3.4999993e-06,2.2000002e-06
25S03150919,Firmicutes_bacterium_AF16_15,3.3999993e-06,8.2000008e-06
25S03150919,Enterocloster_citroniae,3.0999994e-06,7.5000008e-06
25S03150919,Phocaeicola_coprocola,2.9999994e-06,0.0
25S03150919,Actinomyces_SGB17168,2.7999994e-06,0.00021370002
25S03150919,Streptococcus_sanguinis,2.2999995e-06,0.00019080002
25S03150919,Megamonas_funiformis,2.0999996e-06,0.0
25S03150919,Phocaeicola_sartorii,1.8999996e-06,1.0000001e-06
25S03150919,Roseburia_sp_AF02_12,1.8999996e-06,3.4900003e-05
25S03150919,Actinomyces_bouchesdurhonensis,1.3999997e-06,0.00011850001
25S03150919,Bacteroides_xylanisolvens,1.3999997e-06,2.4000002e-06
25S03150919,Clostridium_scindens,4.999999e-07,3.9400004e-05
25S03150919,Roseburia_SGB4949,4.999999e-07,4.0000004e-07
25S03150919,Clostridium_sp_AM22_11AC,2.9999994e-07,3.0000003e-07
25S03150919,GGB1148_SGB1475,2.9999994e-07,1.6800002e-05
25S03150919,Lactococcus_garvieae,0.0,0.00063970006
25S03150919,GGB10485_SGB49305,0.0,0.00043320004
25S03150919,Streptococcus_rubneri,0.0,0.00043150004
25S03150919,Gemella_haemolysans,0.0,0.00033320003
25S03150919,Actinomyces_graevenitzii,0.0,0.00029810003
25S03150919,Streptococcus_cristatus,0.0,0.00024410002
25S03150919,Saccharomyces_cerevisiae,0.0,0.00023030002
25S03150919,Mogibacterium_diversum,0.0,0.00022860002
25S03150919,Streptococcus_constellatus,0.0,0.00022290002
25S03150919,Streptococcus_oralis,0.0,0.00020890002
25S03150919,Lancefieldella_rimae,0.0,0.00015990002
25S03150919,Rothia_aeria,0.0,0.00014180001
25S03150919,Streptococcus_anginosus,0.0,0.00013710001
25S03150919,Actinomyces_sp_HMSC035G02,0.0,0.00012640001
25S03150919,Streptococcus_vestibularis,0.0,0.00012190001
25S03150919,Streptococcus_sinensis,0.0,0.00012030001
25S03150919,Actinomyces_sp_ICM58,0.0,0.00010590001
25S03150919,Lactococcus_piscium,0.0,0.00010150001
25S03150919,Granulicatella_adiacens,0.0,9.750001e-05
25S03150919,Gemella_morbillorum,0.0,8.5900009e-05
25S03150919,Lancefieldella_parvula,0.0,7.1800007e-05
25S03150919,Actinomyces_oris,0.0,6.6300007e-05
25S03150919,Carnobacterium_maltaromaticum,0.0,6.2200006e-05
25S03150919,Weissella_confusa,0.0,6.2100006e-05
25S03150919,Corynebacterium_durum,0.0,6.0500006e-05
25S03150919,Propionibacterium_acidifaciens,0.0,5.8000006e-05
25S03150919,Actinomyces_sp_ph3,0.0,5.5000006e-05
25S03150919,Actinomyces_dentalis,0.0,4.5900005e-05
25S03150919,Actinomyces_sp_oral_taxon_414,0.0,4.4400004e-05
25S03150919,Lachnospiraceae_bacterium,0.0,4.3500004e-05
25S03150919,Eubacterium_nodatum,0.0,3.7700004e-05
25S03150919,Shuttleworthia_satelles,0.0,3.7500004e-05
25S03150919,Eubacterium_infirmum,0.0,3.5200004e-05
25S03150919,Actinomyces_SGB17157,0.0,3.1300003e-05
25S03150919,Limosilactobacillus_gastricus,0.0,3.0900003e-05
25S03150919,Lactococcus_petauri,0.0,3.0500003e-05
25S03150919,Streptococcus_parauberis,0.0,2.9400003e-05
25S03150919,Streptococcus_gordonii,0.0,2.8900003e-05
25S03150919,Actinomyces_SGB17163,0.0,2.8500003e-05
25S03150919,Leuconostoc_citreum,0.0,2.4300002e-05
25S03150919,Slackia_exigua,0.0,2.3400002e-05
25S03150919,GGB12785_SGB19823,0.0,2.3300002e-05
25S03150919,Corynebacterium_matruchotii,0.0,1.8200002e-05
25S03150919,Lactococcus_lactis,0.0,1.7000002e-05
25S03150919,Solobacterium_SGB6829,0.0,1.6900002e-05
25S03150919,Weissella_cibaria,0.0,1.6300002e-05
25S03150919,Veillonella_atypica,0.0,1.3600001e-05
25S03150919,Delftia_acidovorans,0.0,1.2500001e-05
25S03150919,Turicibacter_bilis,0.0,1.1200001e-05
25S03150919,Blautia_glucerasea,0.0,1.0600001e-05
25S03150919,Streptococcus_equinus,0.0,1.0300001e-05
25S03150919,Mogibacterium_timidum,0.0,9.700001e-06
25S03150919,Streptococcus_sp_F0442,0.0,8.9000009e-06
25S03150919,Amedibacillus_dolichus,0.0,8.0000008e-06
25S03150919,Massilioclostridium_coli,0.0,7.3000007e-06
25S03150919,Gemella_SGB47116,0.0,6.9000007e-06
25S03150919,GGB51441_SGB71759,0.0,6.5000007e-06
25S03150919,Solobacterium_SGB6834,0.0,6.5000007e-06
25S03150919,Scardovia_wiggsiae,0.0,6.4000006e-06
25S03150919,Leuconostoc_lactis,0.0,5.4000005e-06
25S03150919,Staphylococcus_xylosus,0.0,4.8000005e-06
25S03150919,Leuconostoc_gelidum,0.0,4.3000004e-06
25S03150919,Ruminococcus_bromii,0.0,3.9000004e-06
25S03150919,Cellulomonas_flavigena,0.0,3.8000004e-06
25S03150919,Streptococcus_thermophilus,0.0,3.5000004e-06
25S03150919,Actinomyces_naeslundii,0.0,3.4000003e-06
25S03150919,Kluyvera_SGB71764,0.0,2.7000003e-06
25S03150919,Actinomyces_sp_oral_taxon_448,0.0,2.5000003e-06
25S03150919,Actinomyces_sp_HMT897,0.0,2.4000002e-06
25S03150919,Candidatus_Nanosynbacter_SGB96076,0.0,2.1000002e-06
25S03150919,Leuconostoc_holzapfelii,0.0,2.1000002e-06
25S03150919,Sellimonas_intestinalis,0.0,2.1000002e-06
25S03150919,Candidatus_Nanoperiomorbus_periodonticus,0.0,1.3000001e-06
25S03150919,GGB79678_SGB4833,0.0,1.2000001e-06
25S03150919,Blautia_sp_Marseille_P3087,0.0,9.0000009e-07
25S03150919,Vagococcus_fluvialis,0.0,8.0000008e-07
25S03150919,Bifidobacterium_catenulatum,0.0,6.0000006e-07
25S03150919,Vescimonas_coprocola,0.0,6.0000006e-07
25S03150919,Candidatus_Catenibacterium_tridentinum,0.0,3.0000003e-07
25S03150919,Candidatus_Nanosynsacchari_sp_TM7_ANC_38_39_G1_1,0.0,2.0000002e-07
25S03150919,GGB3453_SGB4607,0.0,2.0000002e-07
25S03150927,Phocaeicola_plebeius,0.51993633,0.29359371
25S03150927,Faecalibacterium_prausnitzii,0.078391014,0.030127291
25S03150927,Bacteroides_uniformis,0.068052625,0.041845687
25S03150927,Phocaeicola_dorei,0.055497939,0.029724291
25S03150927,Phascolarctobacterium_faecium,0.020581577,0.0082455975
25S03150927,Clostridium_sp_AF34_10BH,0.016929581,0.0064092981
25S03150927,Bacteroides_stercoris,0.016434582,0.0095968971
25S03150927,Desulfovibrio_SGB5077,0.015617883,0.011527397
25S03150927,Bifidobacterium_pseudocatenulatum,0.011472387,0.11067757
25S03150927,GGB3363_SGB4448,0.011467087,0.03432579
25S03150927,Blautia_wexlerae,0.011371187,0.038063689
25S03150927,Faecalibacterium_SGB15346,0.011126088,0.0038971988
25S03150927,Parasutterella_excrementihominis,0.010111789,0.0046832986
25S03150927,Clostridium_sp_AM22_11AC,0.0088690902,0.0081973975
25S03150927,Clostridium_fessum,0.0080625911,0.0082823975
25S03150927,Bacteroides_ovatus,0.0066721927,0.0045472986
25S03150927,Phocaeicola_vulgatus,0.006359993,0.003248699
25S03150927,Bacteroides_finegoldii,0.0062979931,0.0037714989
25S03150927,Faecalibacillus_intestinalis,0.0059623934,0.010057097
25S03150927,Lachnospira_eligens,0.0057407937,0.0056831983
25S03150927,Ruminococcus_torques,0.0052421942,0.030493691
25S03150927,Candidatus_Cibionibacter_quicibialis,0.004548195,0.0061715981
25S03150927,Butyricicoccus_sp_AM29_23AC,0.0040555955,0.0018757994
25S03150927,Anaerostipes_hadrus,0.0038418958,0.0020302994
25S03150927,Clostridium_sp_AM49_4BH,0.0035157961,0.0057730983
25S03150927,Anaerobutyricum_hallii,0.0034584962,0.00024489993
25S03150927,Coprococcus_eutactus,0.0033231963,0.0041504988
25S03150927,Paraprevotella_xylaniphila,0.0032980964,0.0019099994
25S03150927,Clostridium_sp_AF20_17LB,0.0031892965,0.0023352993
25S03150927,Blautia_obeum,0.0028887968,0.019267194
25S03150927,Bacteroides_thetaiotaomicron,0.0028861968,0.0017103995
25S03150927,Escherichia_coli,0.0028508969,0.00061469982
25S03150927,Gemmiger_formicilis,0.002754697,0.0082147975
25S03150927,Fusicatenibacter_saccharivorans,0.002722897,0.061767981
25S03150927,Clostridium_sp_AM33_3,0.002690597,0.0018953994
25S03150927,Lachnospira_sp_NSJ_43,0.0025642972,0.0011227997
25S03150927,Clostridiaceae_bacterium,0.0020029978,0.0020653994
25S03150927,Catenibacterium_SGB4425,0.0019648978,0.015268095
25S03150927,Agathobaculum_butyriciproducens,0.0016926981,0.0013410996
25S03150927,Firmicutes_bacterium_AF16_15,0.0015544983,0.0017439995
25S03150927,Streptococcus_salivarius,0.0015497983,0.010037597
25S03150927,Clostridiaceae_unclassified_SGB4771,0.0015160983,0.0015037995
25S03150927,Lacrimispora_amygdalina,0.0015134983,0.00096439971
25S03150927,Clostridium_sp_AF12_28,0.0014854984,0.0014087996
25S03150927,Anaerotignum_faecicola,0.0014732984,0.00044969987
25S03150927,Alistipes_onderdonkii,0.0014423984,0.00075889977
25S03150927,Haemophilus_parainfluenzae,0.0014367984,0.00058869982
25S03150927,Lachnospiraceae_bacterium_AM48_27BH,0.0014140984,0.00068969979
25S03150927,Clostridium_cuniculi,0.0013558985,0.0026389992
25S03150927,Clostridiaceae_bacterium_AF18_31LB,0.0013469985,0.0023365993
25S03150927,Ruminococcus_bicirculans,0.0012957986,0.0021772993
25S03150927,Blautia_faecis,0.0012445986,0.010108097
25S03150927,Parabacteroides_merdae,0.0011981987,0.00069829979
25S03150927,Eubacterium_ramulus,0.0011816987,0.0048418985
25S03150927,GGB9614_SGB15049,0.0010490988,0.00050899985
25S03150927,Bacteroides_caccae,0.0010138989,0.00058489982
25S03150927,Bacteroides_xylanisolvens,0.00092489898,0.00058029983
25S03150927,Mesosutterella_multiformis,0.00092089899,0.00038659988
25S03150927,Dorea_sp_AF36_15AT,0.00075219917,0.00092159972
25S03150927,Clostridium_SGB4751,0.0007287992,0.00058249983
25S03150927,Roseburia_sp_AM23_20,0.0007262992,0.00051799984
25S03150927,Faecalicatena_fissicatena,0.00062769931,0.013598296
25S03150927,Mediterraneibacter_sp_gm002,0.00062679931,0.0069533979
25S03150927,Blautia_massiliensis,0.00061209933,0.018597294
25S03150927,GGB9616_SGB15052,0.00059389935,0.00024969993
25S03150927,Dorea_formicigenerans,0.00059359935,0.0057087983
25S03150927,Eubacterium_ventriosum,0.00059129935,0.0028996991
25S03150927,Clostridiaceae_bacterium_Marseille_Q4143,0.00058849935,0.0006779998
25S03150927,Dorea_longicatena,0.00056629938,0.0088582973
25S03150927,Eubacterium_sp_AF34_35BH,0.00051869943,0.0044375987
25S03150927,Bifidobacterium_longum,0.00050169945,0.0060086982
25S03150927,Coprobacter_fastidiosus,0.00049819945,0.00024259993
25S03150927,Clostridiaceae_bacterium_Marseille_Q4145,0.00049409946,0.00056909983
25S03150927,Clostridiales_bacterium_KLE1615,0.00048859946,0.013584296
25S03150927,GGB41458_SGB58520,0.00046709949,0.00038859988
25S03150927,Roseburia_sp_AM16_25,0.0004506995,0.00079529976
25S03150927,Blautia_stercoris,0.00043719952,0.0043714987
25S03150927,Lacrimispora_celerecrescens,0.00038949957,0.0070180979
25S03150927,Citrobacter_freundii,0.00038159958,9.7899971e-05
25S03150927,Eubacterium_SGB6276,0.00037799958,0.00015219995
25S03150927,Ruminococcus_lactaris,0.0003672996,0.0012625996
25S03150927,Clostridium_sp_AF32_12BH,0.0003611996,0.00025039992
25S03150927,Coprococcus_catus,0.00035599961,0.0028236992
25S03150927,Eubacterium_rectale,0.00035309961,0.00073859978
25S03150927,Clostridium_SGB4750,0.00033659963,0.0003188999
25S03150927,Streptococcus_parasanguinis,0.00033199963,0.0027021992
25S03150927,Ruminococcus_sp_AF41_9,0.00032939964,0.0026641992
25S03150927,Collinsella_SGB14861,0.00032319964,0.00064939981
25S03150927,Coprococcus_comes,0.00031859965,0.003213799
25S03150927,GGB79734_SGB15291,0.00031799965,0.0016256995
25S03150927,Butyricimonas_paravirosa,0.00029749967,0.00019389994
25S03150927,GGB3815_SGB5180,0.00028979968,0.00018719994
25S03150927,GGB4591_SGB6350,0.00026439971,0.00016399995
25S03150927,GGB9616_SGB15051,0.00025609972,0.00010179997
25S03150927,Blautia_glucerasea,0.00022889975,0.00095289971
25S03150927,Roseburia_hominis,0.00022699975,0.00012869996
25S03150927,Odoribacter_splanchnicus,0.00022199976,0.00013179996
25S03150927,Dysosmobacter_sp_BX15,0.00014999984,6.4999981e-05
25S03150927,Eubacteriales_unclassified_SGB15145,0.00014229984,0.00010439997
25S03150927,GGB3636_SGB4929,0.00014209984,0.00011189997
25S03150927,GGB51441_SGB71759,0.00014169984,0.00019589994
25S03150927,GGB9559_SGB14969,0.00012999986,0.00013549996
25S03150927,Clostridium_sp_AM42_4,0.00012959986,9.5699971e-05
25S03150927,Roseburia_inulinivorans,0.00012729986,5.4499984e-05
25S03150927,Veillonella_rogosae,0.00011849987,7.2499978e-05
25S03150927,Rheinheimera_SGB14999,0.00011439987,5.7899983e-05
25S03150927,Eubacteriaceae_bacterium,0.00010269989,0.00042549987
25S03150927,Anaerobutyricum_soehngenii,0.00010229989,0.0
25S03150927,Veillonella_dispar,0.00010079989,4.1299988e-05
25S03150927,Lachnospiraceae_bacterium_Marseille_Q4251,9.4599896e-05,4.5899986e-05
25S03150927,Ruminococcus_sp_AF13_28,9.2399898e-05,0.00044099987
25S03150927,Eggerthella_lenta,8.7299904e-05,7.8099977e-05
25S03150927,Veillonella_atypica,8.4799907e-05,7.5199977e-05
25S03150927,Oscillospiraceae_bacterium_Marseille_Q3528,8.2299909e-05,5.5499983e-05
25S03150927,Roseburia_faecis,7.6499916e-05,8.5499974e-05
25S03150927,Streptococcus_mitis,6.9999923e-05,0.00019699994
25S03150927,Anaerosacchariphilus_sp_NSJ_68,6.2899931e-05,5.4699984e-05
25S03150927,Bacteroides_salyersiae,5.6699938e-05,2.8599991e-05
25S03150927,Flavonifractor_plautii,5.469994e-05,3.0599991e-05
25S03150927,Rothia_mucilaginosa,5.3799941e-05,0.00025199992
25S03150927,Klebsiella_pneumoniae,5.0299945e-05,6.699998e-06
25S03150927,GGB12785_SGB19823,4.9699945e-05,4.5499986e-05
25S03150927,Blautia_sp_OF03_15BH,4.8399947e-05,2.3199993e-05
25S03150927,Veillonella_tobetsuensis,4.6599949e-05,3.5499989e-05
25S03150927,Romboutsia_timonensis,4.4299951e-05,5.7099983e-05
25S03150927,Mediterraneibacter_butyricigenes,4.3799952e-05,0.00010349997
25S03150927,GGB9760_SGB15373,4.2699953e-05,7.0699979e-05
25S03150927,Peptostreptococcus_SGB749,4.2099954e-05,1.9099994e-05
25S03150927,Actinomyces_sp_ICM47,4.1799954e-05,5.1599985e-05
25S03150927,Lachnospiraceae_bacterium,3.9999956e-05,0.00084349975
25S03150927,Adlercreutzia_equolifaciens,3.7899958e-05,8.4699975e-05
25S03150927,Bacteroides_cellulosilyticus,3.7899958e-05,2.1599994e-05
25S03150927,Clostridium_tertium,3.599996e-05,2.2299993e-05
25S03150927,Granulicatella_SGB8255,3.4999962e-05,0.00018939994
25S03150927,Parabacteroides_goldsteinii,3.4299962e-05,1.6999995e-05
25S03150927,Prevotella_copri_clade_A,3.3899963e-05,2.4599993e-05
25S03150927,Bilophila_wadsworthia,3.3799963e-05,4.2399987e-05
25S03150927,Enterobacter_hormaechei,3.3099964e-05,4.9999985e-06
25S03150927,GGB4586_SGB6344,2.9499968e-05,1.5599995e-05
25S03150927,Lancefieldella_parvula,2.1599976e-05,0.00015079995
25S03150927,Haemophilus_sputorum,2.0499977e-05,1.5499995e-05
25S03150927,Veillonella_parvula,2.0499977e-05,1.2699996e-05
25S03150927,Butyricimonas_SGB15260,2.0199978e-05,1.9299994e-05
25S03150927,Clostridiales_Family_XIII_bacterium_BX16,1.9599978e-05,7.6699977e-05
25S03150927,Lachnospiraceae_bacterium_oral_taxon_096,1.9099979e-05,0.0
25S03150927,Klebsiella_michiganensis,1.789998e-05,1.5999995e-06
25S03150927,Actinomyces_SGB17168,1.779998e-05,0.00012589996
25S03150927,Actinomyces_SGB17132,1.5799983e-05,1.5699995e-05
25S03150927,Vescimonas_coprocola,1.5299983e-05,1.5499995e-05
25S03150927,Blautia_sp_Marseille_P3087,1.5199983e-05,0.00030039991
25S03150927,Blautia_SGB4815,1.4399984e-05,0.00014969996
25S03150927,Clostridium_sp_AF36_4,1.3899985e-05,5.6999983e-06
25S03150927,Bacteroides_intestinalis,1.1599987e-05,3.7999989e-06
25S03150927,Streptococcus_vestibularis,1.0899988e-05,0.00027209992
25S03150927,TM7_phylum_sp_oral_taxon_352,9.999989e-06,3.429999e-05
25S03150927,Propionibacterium_acidifaciens,8.8999902e-06,5.6999983e-06
25S03150927,Enterocloster_bolteae,7.5999916e-06,0.0
25S03150927,Actinomyces_graevenitzii,7.4999918e-06,0.00024129993
25S03150927,GGB3619_SGB4894,6.8999924e-06,0.0
25S03150927,Roseburia_sp_AF02_12,6.7999925e-06,8.1999975e-06
25S03150927,Stomatobaculum_longum,6.4999929e-06,0.0
25S03150927,Streptococcus_infantis,6.4999929e-06,5.2299984e-05
25S03150927,Clostridiales_bacterium,5.499994e-06,0.0
25S03150927,Streptococcus_cristatus,5.0999944e-06,3.0399991e-05
25S03150927,Prevotella_copri_clade_B,4.8999946e-06,0.0
25S03150927,Mogibacterium_diversum,2.9999967e-06,2.3599993e-05
25S03150927,TM7_phylum_sp_oral_taxon_348,2.9999967e-06,2.3999993e-06
25S03150927,Parasutterella_SGB9260,2.2999975e-06,0.0
25S03150927,Peptostreptococcus_stomatis,2.1999976e-06,0.0
25S03150927,Prevotella_copri_clade_G,1.9999978e-06,0.0
25S03150927,Stomatobaculum_SGB5266,1.9999978e-06,0.0
25S03150927,Bifidobacterium_catenulatum,1.799998e-06,7.8999976e-06
25S03150927,Phocaeicola_sartorii,1.799998e-06,1.2999996e-06
25S03150927,Lachnospiraceae_bacterium_NSJ_46,1.6999981e-06,0.00010809997
25S03150927,Eubacterium_sp_NSJ_61,1.4999984e-06,1.3999996e-06
25S03150927,Carnobacterium_divergens,1.1999987e-06,0.00012429996
25S03150927,Prevotella_SGB1680,1.0999988e-06,0.0
25S03150927,Klebsiella_quasipneumoniae,9.999989e-07,0.0
25S03150927,Lachnospiraceae_bacterium_OF09_6,9.999989e-07,4.6599986e-05
25S03150927,Alistipes_indistinctus,8.9999901e-07,0.0
25S03150927,Bacteroides_eggerthii,8.9999901e-07,0.0
25S03150927,Escherichia_marmotae,7.9999912e-07,0.0
25S03150927,Fusobacterium_nucleatum,7.9999912e-07,0.0
25S03150927,Solobacterium_SGB6829,6.9999923e-07,4.0999988e-06
25S03150927,Eubacterium_SGB4961,4.9999945e-07,2.1999993e-06
25S03150927,GGB12785_SGB19827,4.9999945e-07,0.0
25S03150927,Prevotella_stercorea,4.9999945e-07,0.0
25S03150927,Faecalicatena_SGB4872,2.9999967e-07,2.3799993e-05
25S03150927,Intestinimonas_butyriciproducens,1.9999978e-07,0.0
25S03150927,Paraprevotella_clara,1.9999978e-07,0.0
25S03150927,Eubacterium_sulci,0.0,9.3699972e-05
25S03150927,Gemella_sanguinis,0.0,8.5999974e-05
25S03150927,Solobacterium_SGB6834,0.0,6.709998e-05
25S03150927,Streptococcus_australis,0.0,5.2099984e-05
25S03150927,Lactococcus_piscium,0.0,3.299999e-05
25S03150927,Enterococcus_casseliflavus,0.0,3.209999e-05
25S03150927,Carnobacterium_maltaromaticum,0.0,3.0999991e-05
25S03150927,Gemella_morbillorum,0.0,2.5799992e-05
25S03150927,Streptococcus_parauberis,0.0,2.1499994e-05
25S03150927,Gemella_haemolysans,0.0,2.1299994e-05
25S03150927,Weissella_koreensis,0.0,1.9599994e-05
25S03150927,Streptococcus_anginosus,0.0,1.7199995e-05
25S03150927,Bifidobacterium_adolescentis,0.0,1.7099995e-05
25S03150927,Dorea_sp_AF24_7LB,0.0,1.2099996e-05
25S03150927,Schaalia_odontolytica,0.0,1.0199997e-05
25S03150927,Actinomyces_sp_ICM58,0.0,9.4999972e-06
25S03150927,Latilactobacillus_sakei,0.0,8.5999974e-06
25S03150927,Ruminococcus_gnavus,0.0,8.2999975e-06
25S03150927,Actinomyces_bouchesdurhonensis,0.0,7.8999976e-06
25S03150927,Mediterraneibacter_glycyrrhizinilyticus,0.0,7.8999976e-06
25S03150927,Streptococcus_oralis,0.0,6.3999981e-06
25S03150927,Streptococcus_constellatus,0.0,6.0999982e-06
25S03150927,Leuconostoc_mesenteroides,0.0,5.6999983e-06
25S03150927,GGB3570_SGB4777,0.0,4.8999985e-06
25S03150927,Saccharomyces_cerevisiae,0.0,4.6999986e-06
25S03150927,GGB10485_SGB49305,0.0,4.5999986e-06
25S03150927,Lancefieldella_rimae,0.0,3.9999988e-06
25S03150927,Kluyvera_SGB71764,0.0,2.8999991e-06
25S03150927,Streptococcus_sp_HF_1907,0.0,2.8999991e-06
25S03150927,Streptococcus_gordonii,0.0,1.1999996e-06
25S03150927,Faecalibacillus_faecis,0.0,4.9999985e-07
25S03150927,Rothia_aeria,0.0,3.9999988e-07
25S03150934,Phocaeicola_coprocola,0.077441231,0.015031709
25S03150934,Roseburia_faecis,0.073008229,0.065154039
25S03150934,GGB4608_SGB6382,0.051589221,0.029558518
25S03150934,GGB3256_SGB4303,0.051289121,0.025519615
25S03150934,Ruminococcus_bromii,0.05095522,0.071460243
25S03150934,Phocaeicola_plebeius,0.047777819,0.0090973055
25S03150934,Coprococcus_eutactus,0.045124718,0.036464522
25S03150934,GGB4599_SGB6362,0.043462917,0.031793119
25S03150934,Megamonas_funiformis,0.028624911,0.011869707
25S03150934,GGB4578_SGB6328,0.02480741,0.042357725
25S03150934,Alistipes_putredinis,0.022187809,0.0032213019
25S03150934,Gemmiger_formicilis,0.022172809,0.047566229
25S03150934,Blautia_faecis,0.020012408,0.038630823
25S03150934,GGB4684_SGB6478,0.017607107,0.011382807
25S03150934,Phocaeicola_vulgatus,0.016522507,0.0037952023
25S03150934,Phascolarctobacterium_faecium,0.015047206,0.0054892033
25S03150934,GGB9758_SGB15368,0.014517706,0.0035761021
25S03150934,Candidatus_Cibionibacter_quicibialis,0.013229305,0.013161308
25S03150934,Bacteroides_uniformis,0.012512405,0.0023060014
25S03150934,Desulfovibrio_SGB5077,0.012402405,0.0074403045
25S03150934,Sutterella_massiliensis,0.012221705,0.0018849011
25S03150934,Lachnospira_eligens,0.011632405,0.0061323037
25S03150934,Escherichia_coli,0.010549304,0.0035607021
25S03150934,GGB3175_SGB4191,0.010256404,0.0032008019
25S03150934,GGB4596_SGB6358,0.0098372039,0.012785008
25S03150934,Faecalibacterium_prausnitzii,0.0088484035,0.003357002
25S03150934,Bacteroides_eggerthii,0.0083119033,0.0015247009
25S03150934,Fusicatenibacter_saccharivorans,0.0082897033,0.047095128
25S03150934,Blautia_massiliensis,0.0082251033,0.024958215
25S03150934,Clostridium_sp_1001270H_150608_G6,0.0072169029,0.0041295025
25S03150934,Clostridium_sp_AF36_4,0.0068874028,0.0091339055
25S03150934,Collinsella_SGB14861,0.0066808027,0.0075448045
25S03150934,Oscillibacter_sp_ER4,0.0063777026,0.001647001
25S03150934,Ruminococcus_torques,0.0058155023,0.063020238
25S03150934,Oscillospiraceae_unclassified_SGB15252,0.0052557021,0.0012366007
25S03150934,Alistipes_shahii,0.0052440021,0.00076220046
25S03150934,Ruminococcus_sp_AF41_9,0.004877702,0.0081543049
25S03150934,Waltera_intestinalis,0.0048568019,0.0020245012
25S03150934,GGB79734_SGB15291,0.0047177019,0.0045350027
25S03150934,Anaerostipes_hadrus,0.0044824018,0.0076001046
25S03150934,Staphylococcus_SGB6340,0.0042963017,0.0020590012
25S03150934,Clostridiales_bacterium_KLE1615,0.0042226017,0.0035762021
25S03150934,Faecalibacillus_intestinalis,0.0042072017,0.012356107
25S03150934,Odoribacter_splanchnicus,0.0040822016,0.00073240044
25S03150934,Ruminococcus_bicirculans,0.0038805016,0.006612004
25S03150934,Eubacterium_rectale,0.0037757015,0.0022583014
25S03150934,Phocaeicola_SGB6473,0.0036681015,0.0018763011
25S03150934,Butyricimonas_SGB15260,0.0035721014,0.00094940057
25S03150934,Clostridium_fessum,0.0034305014,0.0013597008
25S03150934,Roseburia_sp_AM59_24XD,0.0033627013,0.0032132019
25S03150934,Ruminococcus_lactaris,0.0031968013,0.01667781
25S03150934,Dorea_formicigenerans,0.0031791013,0.010994007
25S03150934,Bilophila_wadsworthia,0.0031740013,0.00089810054
25S03150934,Faecalicatena_fissicatena,0.0030215012,0.01703611
25S03150934,Eubacterium_siraeum,0.0029442012,0.0010047006
25S03150934,Dysosmobacter_sp_BX15,0.0029003012,0.00061930037
25S03150934,Bacteroides_ovatus,0.0028980012,0.00060790036
25S03150934,Dorea_longicatena,0.0028212011,0.024697815
25S03150934,Barnesiella_intestinihominis,0.0026936011,0.00047830029
25S03150934,Paraprevotella_clara,0.002596701,0.00045520027
25S03150934,GGB9627_SGB15081,0.002577901,0.0012365007
25S03150934,GGB3363_SGB4448,0.002553801,0.0028621017
25S03150934,Blautia_stercoris,0.002517301,0.0034410021
25S03150934,Blautia_obeum,0.002514901,0.0068065041
25S03150934,Butyricicoccus_sp_AM29_23AC,0.002488201,0.0012339007
25S03150934,Bifidobacterium_longum,0.002483601,0.03350982
25S03150934,GGB9699_SGB15216,0.002419901,0.0010155006
25S03150934,Parabacteroides_distasonis,0.0023043009,0.00038940023
25S03150934,Anaerotignum_faecicola,0.0022978009,0.00054000032
25S03150934,GGB51269_SGB5062,0.0022655009,0.00075260045
25S03150934,Vescimonas_coprocola,0.0021669009,0.0012557008
25S03150934,Parabacteroides_merdae,0.0021575009,0.00037470022
25S03150934,Eubacterium_ramulus,0.0021395009,0.0061548037
25S03150934,Bacteroides_caccae,0.0020757008,0.00038340023
25S03150934,Blautia_wexlerae,0.0020636008,0.0048698029
25S03150934,Faecalibacterium_SGB15346,0.0020559008,0.00090940055
25S03150934,Firmicutes_bacterium_AF16_15,0.0019317008,0.00072360043
25S03150934,GGB9760_SGB15373,0.0018982008,0.0011146007
25S03150934,Bacteroides_salyersiae,0.0018305007,0.0003271002
25S03150934,Eubacteriaceae_bacterium,0.0018136007,0.0076539046
25S03150934,Butyricimonas_faecalis,0.0017182007,0.00031100019
25S03150934,GGB9345_SGB14311,0.0016924007,0.00061300037
25S03150934,Bacteroides_thetaiotaomicron,0.0016833007,0.00031160019
25S03150934,Ruminococcus_SGB4421,0.0016625007,0.0076908046
25S03150934,Lacrimispora_amygdalina,0.0016446007,0.00081360049
25S03150934,Clostridiaceae_bacterium,0.0016050006,0.0054478033
25S03150934,Clostridium_sp_AM22_11AC,0.0015968006,0.00070740042
25S03150934,Roseburia_sp_AM16_25,0.0015873006,0.0013649008
25S03150934,GGB9602_SGB15031,0.0015566006,0.00023950014
25S03150934,Collinsella_aerofaciens,0.0015365006,0.01633781
25S03150934,Coprococcus_catus,0.0015088006,0.0051972031
25S03150934,Gemmiger_SGB15295,0.0014991006,0.0021718013
25S03150934,GGB80011_SGB15265,0.0013515005,0.00031000019
25S03150934,Bacteroides_fragilis,0.0013098005,0.00023770014
25S03150934,Eubacterium_ventriosum,0.0012972005,0.0043859026
25S03150934,GGB53985_SGB6367,0.0012906005,0.00073670044
25S03150934,Eubacterium_SGB6276,0.0012698005,0.00044630027
25S03150934,Anaerobutyricum_hallii,0.0011708005,0.00020380012
25S03150934,GGB4605_SGB6376,0.0011299005,0.0019424012
25S03150934,Agathobaculum_butyriciproducens,0.0011213004,0.00078470047
25S03150934,Parabacteroides_johnsonii,0.00098560039,0.00018030011
25S03150934,Clostridiaceae_bacterium_AF18_31LB,0.00096420039,0.00060110036
25S03150934,Blautia_SGB4815,0.00094120038,0.0014731009
25S03150934,Ruminococcaceae_bacterium_AM28_23LB,0.00093800038,0.00077130046
25S03150934,GGB13493_SGB15238,0.00090340036,0.00022140013
25S03150934,GGB3570_SGB4777,0.00090190036,0.00038600023
25S03150934,GGB9708_SGB15233,0.00084680034,0.00027540017
25S03150934,Bifidobacterium_adolescentis,0.00084360034,0.011422607
25S03150934,GGB9713_SGB15249,0.00083970034,0.0001615001
25S03150934,Alistipes_communis,0.00082470033,0.00011970007
25S03150934,Dysosmobacter_welbionis,0.0007499003,0.00018380011
25S03150934,Blautia_glucerasea,0.0007465003,0.00053010032
25S03150934,Clostridium_sp_AF34_10BH,0.0007437003,0.0003276002
25S03150934,GGB9524_SGB14924,0.0007429003,0.00060170036
25S03150934,Clostridium_sp_AF20_17LB,0.00072200029,0.00026990016
25S03150934,Collinsella_SGB4121,0.00071330029,0.00074620045
25S03150934,Clostridium_sp_AM33_3,0.00065720026,0.00028570017
25S03150934,Clostridium_sp_AF12_28,0.00062280025,0.00022510014
25S03150934,Sanguibacter_SGB15121,0.00062190025,0.0014315009
25S03150934,GGB1554_SGB2141,0.00061600025,0.00010050006
25S03150934,Butyricimonas_virosa,0.00060500024,0.00010420006
25S03150934,GGB9608_SGB15042,0.00060500024,0.0013714008
25S03150934,Clostridiaceae_bacterium_Marseille_Q4149,0.00059080024,0.00036330022
25S03150934,GGB3619_SGB4894,0.00058660023,9.5800057e-05
25S03150934,Alistipes_sp_AF17_16,0.00057880023,8.5800051e-05
25S03150934,Anaerobutyricum_soehngenii,0.00054650022,0.00017900011
25S03150934,Coprococcus_comes,0.00054410022,0.0036236022
25S03150934,GGB9302_SGB14263,0.00054400022,9.9100059e-05
25S03150934,Eubacterium_sp_AF34_35BH,0.00051540021,0.0026595016
25S03150934,GGB9707_SGB15229,0.0005024002,0.00011360007
25S03150934,Lachnospiraceae_bacterium,0.0004956002,0.0024396015
25S03150934,Clostridiaceae_bacterium_Marseille_Q4143,0.0004917002,0.00032140019
25S03150934,Lachnospiraceae_bacterium_AM48_27BH,0.00048490019,0.00011120007
25S03150934,GGB34797_SGB14321,0.00047040019,0.0023720014
25S03150934,GGB9614_SGB15049,0.00046550019,8.390005e-05
25S03150934,Bacteroides_finegoldii,0.00044130018,9.1300055e-05
25S03150934,Muribaculum_gordoncarteri,0.00043170017,6.4600039e-05
25S03150934,Blautia_faecicola,0.00041110016,0.0049108029
25S03150934,GGB9561_SGB14972,0.00040880016,0.0005061003
25S03150934,Bifidobacterium_pseudocatenulatum,0.00040840016,0.0028828017
25S03150934,Alcaligenes_SGB14037,0.00040260016,5.9900036e-05
25S03150934,Ruthenibacterium_lactatiformans,0.00039410016,0.00013840008
25S03150934,Victivallis_lenta,0.00039050016,5.3300032e-05
25S03150934,GGB1548_SGB2132,0.00038030015,5.9400036e-05
25S03150934,Bacteroides_xylanisolvens,0.00037790015,6.0100036e-05
25S03150934,Alistipes_onderdonkii,0.00037160015,4.1700025e-05
25S03150934,GGB4717_SGB6533,0.00036740015,0.0001643001
25S03150934,Parasutterella_SGB9260,0.00035760014,6.1900037e-05
25S03150934,Clostridium_SGB4750,0.00035090014,0.00018260011
25S03150934,Alistipes_finegoldii,0.00034630014,4.8900029e-05
25S03150934,Holdemania_filiformis,0.00033170013,9.1300055e-05
25S03150934,Blautia_sp_Marseille_P3087,0.00033120013,0.00044050026
25S03150934,Bacteroides_nordii,0.00032720013,5.8100035e-05
25S03150934,GGB2998_SGB3988,0.00032300013,0.00013160008
25S03150934,Hydrogenoanaerobacterium_saccharovorans,0.00032030013,9.3200056e-05
25S03150934,Rheinheimera_SGB14999,0.00031400013,0.0001729001
25S03150934,Mogibacterium_sp_NSJ_24,0.00030480012,0.00094550057
25S03150934,Gordonibacter_pamelaeae,0.00028300011,0.00038210023
25S03150934,Candidatus_Borkfalkia_ceftriaxoniphila,0.00026970011,3.340002e-05
25S03150934,GGB9818_SGB15459,0.00026580011,4.5100027e-05
25S03150934,Parabacteroides_faecis,0.00026410011,3.9500024e-05
25S03150934,Roseburia_inulinivorans,0.00026310011,9.9000059e-05
25S03150934,GGB9501_SGB14898,0.0002510001,0.00030500018
25S03150934,Parasutterella_excrementihominis,0.0002451001,3.6900022e-05
25S03150934,GGB9616_SGB15052,0.0002419001,5.7600035e-05
25S03150934,GGB2970_SGB3952,0.0002383001,8.1800049e-05
25S03150934,GGB9708_SGB15234,0.00023630009,9.1300055e-05
25S03150934,Veillonella_parvula,0.00023540009,8.310005e-05
25S03150934,Ruminococcus_gnavus,0.00023530009,0.0031811019
25S03150934,Oscillospiraceae_bacterium_Marseille_Q3528,0.00023170009,5.3200032e-05
25S03150934,Streptococcus_parasanguinis,0.00023090009,0.001609901
25S03150934,Lawsonibacter_sp_NSJ_51,0.00023070009,4.1100025e-05
25S03150934,Clostridiales_Family_XIII_bacterium_BX16,0.00022990009,0.00071510043
25S03150934,Clostridium_sp_AM42_4,0.00022580009,6.640004e-05
25S03150934,GGB3653_SGB4964,0.00022480009,0.00018950011
25S03150934,GGB9545_SGB14951,0.00022100009,3.7100022e-05
25S03150934,Bacteroides_cellulosilyticus,0.00021650009,2.8400017e-05
25S03150934,Haemophilus_parainfluenzae,0.00021450009,5.8500035e-05
25S03150934,GGB3828_SGB5197,0.00020770008,0.00010530006
25S03150934,Lachnospiraceae_bacterium_Marseille_Q4251,0.00020680008,0.00011820007
25S03150934,Clostridium_leptum,0.00020650008,0.00014620009
25S03150934,GGB3005_SGB3996,0.00019740008,0.00020490012
25S03150934,Ruminococcus_sp_AF13_28,0.00019650008,0.00054530033
25S03150934,Roseburia_sp_AF02_12,0.00019410008,0.00015660009
25S03150934,Flavonifractor_plautii,0.00018560007,6.2100037e-05
25S03150934,Desulfovibrio_desulfuricans,0.00018160007,2.6300016e-05
25S03150934,GGB9186_SGB14125,0.00018050007,8.8500053e-05
25S03150934,Clostridium_SGB4751,0.00017990007,7.3100044e-05
25S03150934,Streptococcus_salivarius,0.00017370007,0.0025640015
25S03150934,GGB39037_SGB4393,0.00017130007,2.7200016e-05
25S03150934,GGB2653_SGB3574,0.00016900007,0.00021880013
25S03150934,Clostridiales_bacterium,0.00016820007,3.4300021e-05
25S03150934,GGB9765_SGB15382,0.00016450007,8.380005e-05
25S03150934,Roseburia_hominis,0.00015800006,6.4300039e-05
25S03150934,TM7_phylum_sp_oral_taxon_352,0.00015510006,0.0001733001
25S03150934,Clostridium_sp_AF27_2AA,0.00014520006,3.9100023e-05
25S03150934,Dysosmobacter_sp_NSJ_60,0.00013280005,4.1100025e-05
25S03150934,Mediterraneibacter_butyricigenes,0.00013250005,0.00067840041
25S03150934,Pseudoflavonifractor_sp_AF19_9AC,0.00013230005,4.1600025e-05
25S03150934,Klebsiella_pneumoniae,0.00012930005,7.6900046e-05
25S03150934,Fusobacterium_SGB14781,0.00012900005,0.0013860008
25S03150934,GGB3032_SGB4027,0.00012510005,0.00019220012
25S03150934,GGB9619_SGB15067,0.00012480005,3.260002e-05
25S03150934,Clostridiaceae_unclassified_SGB4771,0.00012390005,6.680004e-05
25S03150934,Christensenellaceae_bacterium_NSJ_63,0.00012000005,4.3100026e-05
25S03150934,Eggerthella_lenta,0.00011860005,0.00041370025
25S03150934,Clostridiales_bacterium_UBA1390,0.00011760005,5.6800034e-05
25S03150934,Roseburia_sp_AM23_20,0.00011600005,5.7400034e-05
25S03150934,Alistipes_indistinctus,0.00011420005,1.0000006e-05
25S03150934,Erysipelatoclostridium_ramosum,0.00011350005,0.00064880039
25S03150934,GGB3061_SGB4063,0.00011240004,3.2400019e-05
25S03150934,GGB3817_SGB5182,0.00010890004,3.260002e-05
25S03150934,Streptococcus_mitis,0.00010370004,0.00011470007
25S03150934,GGB6518_SGB9205,0.00010340004,7.8000047e-06
25S03150934,GGB34228_SGB72916,0.00010100004,1.9400012e-05
25S03150934,Eubacterium_sp_NSJ_61,9.960004e-05,8.8300053e-05
25S03150934,Anaerosacchariphilus_sp_NSJ_68,9.8700039e-05,5.3200032e-05
25S03150934,GGB9293_SGB14250,9.7300039e-05,2.0700012e-05
25S03150934,Clostridium_sp_AF32_12BH,9.4900038e-05,3.2100019e-05
25S03150934,Christensenella_intestinihominis,9.4700038e-05,4.4900027e-05
25S03150934,Dorea_sp_AF24_7LB,9.4000038e-05,0.0013403008
25S03150934,GGB9646_SGB15123,9.3700037e-05,1.700001e-05
25S03150934,GGB9770_SGB15390,9.2900037e-05,1.8000011e-05
25S03150934,Lawsonibacter_asaccharolyticus,9.1900037e-05,1.5500009e-05
25S03150934,Actinomyces_sp_ICM47,9.0100036e-05,0.00012710008
25S03150934,Clostridia_bacterium_UC5_1_1D1,8.7900035e-05,5.010003e-05
25S03150934,Eubacterium_sp_AF16_48,8.6400035e-05,0.00032250019
25S03150934,GGB79630_SGB13983,8.5100034e-05,7.1000043e-06
25S03150934,Alistipes_senegalensis,8.4900034e-05,7.7000046e-06
25S03150934,GGB9237_SGB14179,7.6600031e-05,2.4900015e-05
25S03150934,GGB9775_SGB15395,7.6300031e-05,8.5000051e-06
25S03150934,Klebsiella_variicola,7.620003e-05,3.1400019e-05
25S03150934,Streptococcus_SGB14888,7.480003e-05,5.4000032e-05
25S03150934,GGB13404_SGB14252,7.0400028e-05,1.690001e-05
25S03150934,GGB52130_SGB14966,6.9900028e-05,3.1800019e-05
25S03150934,Cloacibacillus_evryensis,6.2700025e-05,3.280002e-05
25S03150934,Lachnotalea_sp_AF33_28,6.0900024e-05,2.0900013e-05
25S03150934,Weissella_confusa,6.0100024e-05,0.00075120045
25S03150934,GGB2980_SGB3962,5.9000024e-05,6.600004e-05
25S03150934,GGB4586_SGB6344,5.9000024e-05,0.00010140006
25S03150934,Enterobacter_roggenkampii,5.7400023e-05,2.0900013e-05
25S03150934,Collinsella_provencensis,5.7100023e-05,0.00011910007
25S03150934,GGB51959_SGB72479,5.3300021e-05,0.00015560009
25S03150934,Massiliimalia_massiliensis,5.1800021e-05,4.4200027e-05
25S03150934,Intestinimonas_butyriciproducens,5.020002e-05,3.7000022e-06
25S03150934,Adlercreutzia_equolifaciens,4.7900019e-05,0.00057220034
25S03150934,GGB9719_SGB15272,4.7400019e-05,5.2200031e-05
25S03150934,Actinomyces_SGB17154,4.6600019e-05,0.0003353002
25S03150934,Holdemania_massiliensis,4.4900018e-05,6.3000038e-06
25S03150934,Enterocloster_aldenensis,4.4700018e-05,3.9000023e-06
25S03150934,Romboutsia_timonensis,4.3600017e-05,0.0039747024
25S03150934,GGB9063_SGB13982,4.2700017e-05,2.6000016e-06
25S03150934,Candidatus_Allochristensenella_caecavium,4.2500017e-05,1.3000008e-05
25S03150934,Parabacteroides_goldsteinii,4.0900016e-05,0.0
25S03150934,Butyricimonas_sp_Marseille_P3923,4.0700016e-05,8.0000048e-07
25S03150934,GGB9770_SGB15389,3.9900016e-05,5.6000034e-06
25S03150934,Raoultibacter_massiliensis,3.8800016e-05,0.00010250006
25S03150934,GGB3321_SGB4394,3.8700015e-05,1.5000009e-06
25S03150934,Mogibacterium_sp_BX12,3.8500015e-05,0.00038330023
25S03150934,GGB51441_SGB71759,3.7300015e-05,6.4900039e-05
25S03150934,Clostridium_scindens,3.7000015e-05,0.00044640027
25S03150934,GGB80011_SGB15267,3.6700015e-05,0.0
25S03150934,Intestinibacter_bartlettii,3.6600015e-05,0.00055610033
25S03150934,Pseudoflavonifractor_gallinarum,3.6400015e-05,1.7600011e-05
25S03150934,Streptococcus_sanguinis,3.5700014e-05,0.00013010008
25S03150934,GGB42378_SGB59548,3.5000014e-05,6.0000036e-06
25S03150934,GGB80073_SGB9385,3.4700014e-05,0.0
25S03150934,Oscillibacter_sp_NSJ_62,3.3900014e-05,1.3400008e-05
25S03150934,GGB28474_SGB41058,3.3500013e-05,0.0
25S03150934,Butyricimonas_synergistica,3.2800013e-05,2.7000016e-06
25S03150934,GGB9781_SGB15402,3.2000013e-05,2.3300014e-05
25S03150934,GGB9781_SGB66170,3.1500013e-05,1.610001e-05
25S03150934,GGB9788_SGB15411,3.1400013e-05,3.310002e-05
25S03150934,GGB58158_SGB79798,3.1200012e-05,5.8000035e-06
25S03150934,Lactonifactor_sp_BIOML_A6,3.0400012e-05,9.8000059e-06
25S03150934,Candidatus_Avimonas_narfia,3.0300012e-05,1.3100008e-05
25S03150934,Candidatus_Geddesella_stercoravicola,3.0300012e-05,4.2000025e-06
25S03150934,Bittarella_massiliensis,3.0100012e-05,1.660001e-05
25S03150934,Clostridiaceae_bacterium_NSJ_33,2.7600011e-05,1.5300009e-05
25S03150934,Dysosmobacter_sp_Marseille_Q4140,2.7400011e-05,3.0000018e-07
25S03150934,GGB12785_SGB19823,2.7200011e-05,3.1000019e-05
25S03150934,Streptococcus_infantis,2.6300011e-05,0.00013910008
25S03150934,Clostridiales_bacterium_Marseille_P2846,2.620001e-05,8.2000049e-06
25S03150934,Lachnospiraceae_bacterium_NSJ_29,2.610001e-05,0.00015560009
25S03150934,Ruminococcaceae_bacterium_D5,2.590001e-05,4.9000029e-06
25S03150934,Weissella_cibaria,2.590001e-05,0.00027230016
25S03150934,GGB2848_SGB3813,2.550001e-05,2.6000016e-06
25S03150934,Streptococcus_oralis,2.490001e-05,0.00013870008
25S03150934,Clostridium_SGB6179,2.400001e-05,0.00036900022
25S03150934,Emergencia_timonensis,2.3400009e-05,7.1100043e-05
25S03150934,Granulicatella_SGB8255,2.2600009e-05,5.8500035e-05
25S03150934,Clostridiales_bacterium_BX7,2.2000009e-05,4.0000024e-07
25S03150934,GGB33512_SGB15201,2.1100008e-05,1.4800009e-05
25S03150934,GGB3626_SGB4905,2.1000008e-05,4.6000028e-06
25S03150934,Leuconostoc_lactis,2.0700008e-05,0.00077270046
25S03150934,Neobittarella_massiliensis,2.0700008e-05,1.8200011e-05
25S03150934,Christensenella_hongkongensis,2.0300008e-05,5.4000032e-06
25S03150934,GGB9661_SGB15150,2.0100008e-05,4.7000028e-06
25S03150934,Solobacterium_SGB6829,1.9000008e-05,3.5400021e-05
25S03150934,Streptococcus_australis,1.8400007e-05,0.00019960012
25S03150934,Anaerotruncus_rubiinfantis,1.8200007e-05,3.8000023e-06
25S03150934,GGB9532_SGB14933,1.8200007e-05,0.0
25S03150934,Negativibacillus_massiliensis,1.8100007e-05,0.00019770012
25S03150934,Bilophila_SGB15451,1.7200007e-05,2.2000013e-06
25S03150934,Veillonella_atypica,1.7000007e-05,0.0
25S03150934,Prevotella_copri_clade_A,1.6900007e-05,4.1500025e-05
25S03150934,Lacrimispora_saccharolytica,1.6100006e-05,2.4000014e-06
25S03150934,Streptococcus_SGB15012,1.5800006e-05,0.0
25S03150934,Klebsiella_quasipneumoniae,1.5500006e-05,6.700004e-06
25S03150934,GGB33512_SGB15203,1.5300006e-05,8.400005e-06
25S03150934,Candidatus_Schneewindia_gallinarum,1.5100006e-05,6.0000036e-07
25S03150934,Coprobacter_fastidiosus,1.5000006e-05,0.0
25S03150934,GGB3124_SGB4136,1.4500006e-05,1.1200007e-05
25S03150934,GGB9457_SGB14849,1.4500006e-05,7.4000044e-06
25S03150934,Enterobacter_hormaechei,1.4400006e-05,0.0
25S03150934,Anaerotruncus_colihominis,1.4100006e-05,1.3800008e-05
25S03150934,Veillonella_rogosae,1.3400005e-05,0.0
25S03150934,Turicibacter_bilis,1.3100005e-05,0.0001625001
25S03150934,Alistipes_timonensis,1.2700005e-05,0.0
25S03150934,Intestinimonas_massiliensis,1.2400005e-05,0.0
25S03150934,GGB9534_SGB14937,1.2200005e-05,0.0
25S03150934,GGB3444_SGB4594,1.2000005e-05,5.000003e-05
25S03150934,GGB38744_SGB14842,1.2000005e-05,3.5000021e-06
25S03150934,GGB4716_SGB14929,1.1600005e-05,0.0
25S03150934,Bacteroides_faecalis,1.0900004e-05,0.0
25S03150934,Christensenellaceae_bacterium_NSJ_53,1.0400004e-05,9.7000058e-06
25S03150934,GGB9623_SGB15075,1.0300004e-05,0.0
25S03150934,Rothia_mucilaginosa,1.0300004e-05,4.960003e-05
25S03150934,Enterocloster_bolteae,1.0200004e-05,0.0
25S03150934,Propionibacterium_acidifaciens,9.900004e-06,6.680004e-05
25S03150934,Eisenbergiella_massiliensis,9.5000038e-06,0.0
25S03150934,Fusobacterium_nucleatum,9.5000038e-06,0.0
25S03150934,Harryflintia_acetispora,9.5000038e-06,5.4000032e-06
25S03150934,Actinomyces_SGB17132,9.4000038e-06,1.8200011e-05
25S03150934,Catenibacterium_SGB4425,9.3000037e-06,5.8600035e-05
25S03150934,GGB3353_SGB4437,9.3000037e-06,3.0000018e-06
25S03150934,Massiliimalia_timonensis,9.3000037e-06,1.5600009e-05
25S03150934,Candidatus_Aristotella_avistercoris,8.8000035e-06,5.000003e-07
25S03150934,Escherichia_marmotae,8.5000034e-06,2.8000017e-06
25S03150934,GGB58233_SGB79883,8.5000034e-06,2.0000012e-06
25S03150934,GGB9619_SGB15066,8.4000034e-06,0.0
25S03150934,Streptococcus_gordonii,8.3000033e-06,7.2700044e-05
25S03150934,GGB3537_SGB4727,8.1000032e-06,0.0
25S03150934,Oscillibacter_sp_PC13,8.1000032e-06,0.0
25S03150934,Clostridium_butyricum,8.0000032e-06,3.8400023e-05
25S03150934,Pseudoflavonifractor_capillosus,7.9000032e-06,0.0
25S03150934,Veillonella_dispar,7.400003e-06,0.0
25S03150934,GGB2996_SGB3983,7.2000029e-06,3.0000018e-06
25S03150934,Massilicoli_timonensis,6.8000027e-06,1.700001e-06
25S03150934,Faecalicatena_contorta,6.7000027e-06,3.9900024e-05
25S03150934,Oscillospiraceae_bacterium_NSJ_64,6.7000027e-06,6.0000036e-07
25S03150934,Pseudoflavonifractor_sp_An184,6.7000027e-06,4.0000024e-07
25S03150934,Mogibacterium_diversum,6.3000025e-06,5.8300035e-05
25S03150934,GGB52002_SGB72669,6.1000024e-06,1.700001e-06
25S03150934,Bacteroides_intestinalis,5.8000023e-06,0.0
25S03150934,Christensenella_timonensis,5.8000023e-06,6.0000036e-07
25S03150934,Clostridium_sp_1001271st1_H5,5.7000023e-06,0.0
25S03150934,Staphylococcus_aureus,5.4000022e-06,4.980003e-05
25S03150934,Ruminococcus_gauvreauii,5.3000021e-06,4.4500027e-05
25S03150934,GGB48165_SGB66168,5.100002e-06,2.5000015e-06
25S03150934,Enterocloster_citroniae,5.000002e-06,0.0
25S03150934,Bacteroides_bouchesdurhonensis,4.7000019e-06,0.0
25S03150934,Blautia_sp_OF03_15BH,4.7000019e-06,0.0
25S03150934,Clostridium_sp_Marseille_P3244,4.7000019e-06,1.2000007e-05
25S03150934,Clostridium_sp_chh4_2,4.6000018e-06,1.0000006e-07
25S03150934,Scardovia_wiggsiae,4.4000018e-06,1.630001e-05
25S03150934,Christensenellaceae_bacterium_NSJ_44,4.2000017e-06,0.0
25S03150934,Eubacteriaceae_bacterium_Marseille_Q4139,4.1000016e-06,0.0
25S03150934,GGB33586_SGB53517,3.8000015e-06,0.0
25S03150934,Peptostreptococcus_SGB749,3.8000015e-06,0.0
25S03150934,GGB9611_SGB15045,3.6000014e-06,0.0
25S03150934,Solobacterium_SGB6834,3.6000014e-06,0.0
25S03150934,Intestinimonas_gabonensis,3.5000014e-06,0.0
25S03150934,Candidatus_Nanosynsacchari_sp_TM7_ANC_38_39_G1_1,3.4000014e-06,6.0000036e-07
25S03150934,Streptococcus_cristatus,3.4000014e-06,4.7600029e-05
25S03150934,Streptococcus_vestibularis,3.4000014e-06,0.00022340013
25S03150934,Solobacterium_SGB6828,3.3000013e-06,0.0
25S03150934,Anaerofustis_stercorihominis,3.2000013e-06,3.6800022e-05
25S03150934,Klebsiella_quasivariicola,2.9000012e-06,0.0
25S03150934,Lautropia_mirabilis,2.8000011e-06,0.0
25S03150934,GGB45497_SGB63169,2.7000011e-06,5.1000031e-06
25S03150934,Parvimonas_micra,2.600001e-06,0.0
25S03150934,Granulicatella_adiacens,2.500001e-06,3.2000019e-05
25S03150934,Angelakisella_massiliensis,2.2000009e-06,0.0
25S03150934,Actinomyces_SGB17163,2.0000008e-06,0.00010370006
25S03150934,Hungatella_hathewayi,1.6000006e-06,0.0
25S03150934,Catenibacillus_scindens,1.5000006e-06,5.2000031e-06
25S03150934,GGB9582_SGB15000,1.5000006e-06,0.0
25S03150934,Ligilactobacillus_SGB15290,1.5000006e-06,4.0000024e-07
25S03150934,Mediterraneibacter_SGB4598,1.5000006e-06,1.7600011e-05
25S03150934,GGB3034_SGB4030,1.4000006e-06,0.0
25S03150934,Methylobacterium_SGB15164,1.3000005e-06,0.0
25S03150934,Enterocloster_lavalensis,1.2000005e-06,0.0
25S03150934,Traorella_massiliensis,1.2000005e-06,0.0
25S03150934,Clostridiaceae_bacterium_NSJ_31,1.1000004e-06,0.0
25S03150934,TM7_phylum_sp_oral_taxon_348,1.0000004e-06,0.0
25S03150934,Lancefieldella_parvula,8.0000032e-07,1.3800008e-05
25S03150934,Oribacterium_sinus,7.0000028e-07,0.0
25S03150934,Gemmiger_gallinarum,6.0000024e-07,0.0
25S03150934,Oscillospiraceae_unclassified_SGB15253,6.0000024e-07,0.0
25S03150934,Candidatus_Alloscillospira_gallinarum,5.000002e-07,0.0
25S03150934,Citrobacter_sp_RHBSTW_00671,2.0000008e-07,0.0
25S03150934,Enterobacter_kobei,2.0000008e-07,0.0
25S03150934,Clostridia_bacterium,1.0000004e-07,4.3100026e-05
25S03150934,Eubacterium_sulci,0.0,9.4000056e-05
25S03150934,Enterococcus_faecium,0.0,7.6800046e-05
25S03150934,Gemella_sanguinis,0.0,6.3300038e-05
25S03150934,Actinomyces_graevenitzii,0.0,5.4700033e-05
25S03150934,Streptococcus_mutans,0.0,4.0100024e-05
25S03150934,Streptococcus_pasteurianus,0.0,3.8700023e-05
25S03150934,Lactococcus_lactis,0.0,3.2000019e-05
25S03150934,Streptococcus_anginosus,0.0,3.1700019e-05
25S03150934,Mediterraneibacter_glycyrrhizinilyticus,0.0,2.7600017e-05
25S03150934,Enterococcus_SGB6173,0.0,2.7300016e-05
25S03150934,Streptococcus_thermophilus,0.0,2.2100013e-05
25S03150934,GGB10485_SGB49305,0.0,2.1600013e-05
25S03150934,Phocaeicola_dorei,0.0,2.1300013e-05
25S03150934,Gemella_morbillorum,0.0,1.8100011e-05
25S03150934,GGB34797_SGB14322,0.0,1.1700007e-05
25S03150934,Actinomyces_sp_HMSC035G02,0.0,1.1200007e-05
25S03150934,Clostridium_saudiense,0.0,1.0300006e-05
25S03150934,Bacteroides_stercoris,0.0,8.300005e-06
25S03150934,Lacrimispora_celerecrescens,0.0,7.8000047e-06
25S03150934,Prevotella_SGB1680,0.0,6.8000041e-06
25S03150934,Prevotella_copri_clade_G,0.0,6.5000039e-06
25S03150934,Actinomyces_bouchesdurhonensis,0.0,6.4000038e-06
25S03150934,Actinomyces_oris,0.0,5.4000032e-06
25S03150934,Leuconostoc_citreum,0.0,5.000003e-06
25S03150934,Corynebacterium_propinquum,0.0,4.9000029e-06
25S03150934,Eubacterium_limosum,0.0,3.8000023e-06
25S03150934,Blautia_hydrogenotrophica,0.0,3.300002e-06
25S03150934,Kluyvera_SGB71764,0.0,2.8000017e-06
25S03150934,Candidatus_Pararuminococcus_gallinarum,0.0,2.7000016e-06
25S03150934,Mediterraneibacter_sp_gm002,0.0,2.5000015e-06
25S03150934,Lancefieldella_rimae,0.0,2.3000014e-06
25S03150934,Prevotellamassilia_timonensis,0.0,1.1000007e-06
25S03150934,Eggerthellaceae_bacterium,0.0,2.0000012e-07
25S03150942,Prevotella_copri_clade_A,0.56258444,0.3982292
25S03150942,Phocaeicola_coprocola,0.074347393,0.042721143
25S03150942,Phocaeicola_vulgatus,0.068894993,0.043180943
25S03150942,Phocaeicola_dorei,0.029646097,0.018369618
25S03150942,Escherichia_coli,0.029631197,0.012792513
25S03150942,Sutterella_sp_AM11_39,0.025945697,0.012557913
25S03150942,Anaerostipes_hadrus,0.025527997,0.016501017
25S03150942,Bacteroides_caccae,0.017652498,0.0089178089
25S03150942,Faecalibacterium_prausnitzii,0.015981098,0.004005204
25S03150942,Bacteroides_stercoris,0.012446499,0.0065841066
25S03150942,Phascolarctobacterium_faecium,0.010470299,0.017757318
25S03150942,GGB6547_SGB9247,0.009823899,0.0049470049
25S03150942,Clostridium_sp_AM22_11AC,0.0084706992,0.012335612
25S03150942,Clostridium_fessum,0.0078037992,0.014571815
25S03150942,Anaerotignum_faecicola,0.0066408993,0.0015214015
25S03150942,Lacrimispora_amygdalina,0.0065059993,0.0081400081
25S03150942,Faecalibacillus_intestinalis,0.0054872995,0.056707357
25S03150942,Parabacteroides_distasonis,0.0054044995,0.0024563025
25S03150942,Agathobaculum_butyriciproducens,0.0051425995,0.0086062086
25S03150942,Klebsiella_pneumoniae,0.0042647996,0.0018693019
25S03150942,Ruminococcus_torques,0.0042407996,0.032243732
25S03150942,Blautia_wexlerae,0.0035708996,0.0087991088
25S03150942,Ruminococcus_sp_AF13_28,0.0031989997,0.012994213
25S03150942,Eubacterium_rectale,0.0031421997,0.013652114
25S03150942,Anaerobutyricum_hallii,0.0028310997,0.00074320074
25S03150942,Clostridium_sp_AT4,0.0025522997,0.0013782014
25S03150942,Clostridium_sp_AM33_3,0.0024178998,0.0024649025
25S03150942,Bacteroides_thetaiotaomicron,0.0021088998,0.0008041008
25S03150942,Blautia_obeum,0.0020800998,0.019237219
25S03150942,Gemmiger_formicilis,0.0019870998,0.0088674089
25S03150942,Dorea_formicigenerans,0.0018276998,0.015648316
25S03150942,Barnesiella_intestinihominis,0.0017869998,0.00044560045
25S03150942,Clostridiales_bacterium_KLE1615,0.0015021998,0.0017374017
25S03150942,Alistipes_putredinis,0.0014635999,0.00022350022
25S03150942,Clostridiaceae_bacterium_Marseille_Q4143,0.0012628999,0.0023632024
25S03150942,Bacteroides_finegoldii,0.0011842999,0.00065820066
25S03150942,Bacteroides_uniformis,0.0011715999,0.00050970051
25S03150942,Bacteroides_ovatus,0.0010896999,0.00048330048
25S03150942,Dorea_longicatena,0.0009990999,0.027822428
25S03150942,Parasutterella_excrementihominis,0.00090879991,0.00059030059
25S03150942,Blautia_stercoris,0.00089249991,0.011306411
25S03150942,Fusicatenibacter_saccharivorans,0.00086709991,0.035706436
25S03150942,GGB9614_SGB15049,0.00084849992,0.00063780064
25S03150942,Clostridiaceae_bacterium,0.00080729992,0.003034303
25S03150942,Blautia_massiliensis,0.00074329993,0.015180815
25S03150942,Fusobacterium_varium,0.00070749993,0.00054790055
25S03150942,Clostridiaceae_bacterium_Marseille_Q3526,0.00069959993,0.0011259011
25S03150942,GGB79741_SGB1950,0.00067279993,0.00024130024
25S03150942,Parabacteroides_goldsteinii,0.00066099993,0.00023350023
25S03150942,Lachnospiraceae_bacterium_AM48_27BH,0.00065689993,0.00062130062
25S03150942,Alistipes_shahii,0.00060959994,0.00016470016
25S03150942,Eubacterium_ramulus,0.00055709994,0.0058654059
25S03150942,Odoribacter_splanchnicus,0.00055549994,0.00014170014
25S03150942,Haemophilus_parainfluenzae,0.00054309995,0.00035620036
25S03150942,GGB9616_SGB15051,0.00054209995,0.00042690043
25S03150942,Lachnospiraceae_bacterium_2_1_46FAA,0.00053599995,0.012483512
25S03150942,Clostridium_sp_AF20_17LB,0.00052569995,0.00078260078
25S03150942,Dorea_sp_AF36_15AT,0.00051479995,0.0011005011
25S03150942,Lachnospiraceae_bacterium_Marseille_Q4251,0.00050879995,0.00013140013
25S03150942,Clostridium_sp_AM42_4,0.00050019995,0.00058990059
25S03150942,Ruminococcus_gnavus,0.00049869995,0.013204413
25S03150942,Blautia_faecis,0.00049149995,0.0069146069
25S03150942,Dorea_sp_AF24_7LB,0.00044289996,0.0094380094
25S03150942,Klebsiella_quasivariicola,0.00043679996,0.00021820022
25S03150942,Enterocloster_bolteae,0.00043419996,4.1700042e-05
25S03150942,Bilophila_wadsworthia,0.00041799996,0.00021460021
25S03150942,GGB42994_SGB4746,0.00041339996,0.0003951004
25S03150942,Roseburia_inulinivorans,0.00039479996,0.00034420034
25S03150942,Klebsiella_quasipneumoniae,0.00039389996,0.00017360017
25S03150942,Collinsella_aerofaciens,0.00039229996,0.0056157056
25S03150942,Bacteroides_xylanisolvens,0.00037579996,0.00015540016
25S03150942,Clostridium_SGB4751,0.00035349996,0.0005015005
25S03150942,Bacteroides_nordii,0.00035049996,9.97001e-05
25S03150942,GGB1663_SGB2279,0.00034649997,7.6400076e-05
25S03150942,Clostridium_perfringens,0.00032779997,0.0010675011
25S03150942,GGB9616_SGB15052,0.00027459997,0.00024810025
25S03150942,GGB41458_SGB58520,0.00026559997,0.00037200037
25S03150942,GGB3828_SGB5197,0.00026289997,0.00026450026
25S03150942,Flavonifractor_plautii,0.00024329998,0.00011960012
25S03150942,Streptococcus_mitis,0.00024299998,0.00059330059
25S03150942,Allisonella_histaminiformans,0.00023439998,0.0010845011
25S03150942,GGB80011_SGB15265,0.00023239998,0.00017920018
25S03150942,Blautia_glucerasea,0.00022139998,0.00056480056
25S03150942,Veillonella_rogosae,0.00021869998,0.00016060016
25S03150942,Oscillibacter_sp_ER4,0.00020699998,0.00019240019
25S03150942,Clostridium_SGB4750,0.00018469998,0.00033590034
25S03150942,Rheinheimera_SGB14999,0.00017909998,9.5400095e-05
25S03150942,Roseburia_intestinalis,0.00017729998,6.1200061e-05
25S03150942,GGB9513_SGB14911,0.00015849998,0.00075160075
25S03150942,Holdemania_filiformis,0.00015749998,7.1200071e-05
25S03150942,Lachnospira_eligens,0.00015369998,0.00028900029
25S03150942,Clostridium_sp_AF27_2AA,0.00014879999,0.00026680027
25S03150942,Veillonella_parvula,0.00014649999,0.00024550025
25S03150942,Coprococcus_catus,0.00013439999,0.0026598027
25S03150942,GGB9760_SGB15373,0.00013159999,0.00011810012
25S03150942,Dysosmobacter_welbionis,0.00013019999,6.3300063e-05
25S03150942,Peptostreptococcus_SGB749,0.00012829999,4.7900048e-05
25S03150942,Clostridiaceae_unclassified_SGB4771,0.00012209999,0.00021050021
25S03150942,Firmicutes_bacterium_AF16_15,0.00012039999,0.00063640064
25S03150942,Bifidobacterium_pseudocatenulatum,0.00011839999,0.0022102022
25S03150942,Candidatus_Cibionibacter_quicibialis,0.00011199999,0.00031370031
25S03150942,Veillonella_atypica,0.00011009999,7.7500078e-05
25S03150942,GGB3819_SGB5184,0.00010089999,6.2200062e-05
25S03150942,Rothia_mucilaginosa,9.629999e-05,0.0002031002
25S03150942,Oscillospiraceae_bacterium_N12,9.3899991e-05,3.8200038e-05
25S03150942,Eggerthella_lenta,9.1899991e-05,0.00043830044
25S03150942,Eubacterium_sp_NSJ_61,8.9799991e-05,0.00075720076
25S03150942,Romboutsia_timonensis,8.9499991e-05,4.4600045e-05
25S03150942,Streptococcus_infantis,8.4899992e-05,0.00022950023
25S03150942,Veillonella_dispar,7.8399992e-05,6.3600064e-05
25S03150942,Alistipes_onderdonkii,7.2799993e-05,1.0700011e-05
25S03150942,Fusobacterium_pseudoperiodonticum,7.2399993e-05,0.0
25S03150942,Streptococcus_salivarius,7.0499993e-05,0.0016885017
25S03150942,GGB35068_SGB47850,6.8099993e-05,0.00075820076
25S03150942,Bacteroides_salyersiae,6.4999994e-05,1.8100018e-05
25S03150942,Butyricimonas_faecalis,6.4999994e-05,6.3000063e-06
25S03150942,TM7_phylum_sp_oral_taxon_352,6.0399994e-05,0.0001039001
25S03150942,Eubacterium_ventriosum,5.8699994e-05,0.00061490061
25S03150942,Intestinibacter_bartlettii,5.4399995e-05,0.00021580022
25S03150942,Evtepia_gabavorous,5.2999995e-05,0.00022640023
25S03150942,Clostridium_sp_AF32_12BH,4.6299995e-05,6.3900064e-05
25S03150942,Stomatobaculum_SGB5266,4.6299995e-05,1.0900011e-05
25S03150942,Candidatus_Nanosynsacchari_sp_TM7_ANC_38_39_G1_1,4.2299996e-05,3.7500038e-05
25S03150942,Phocea_massiliensis,4.0799996e-05,8.1000081e-06
25S03150942,Mediterraneibacter_glycyrrhizinilyticus,3.8899996e-05,0.00061690062
25S03150942,Actinomyces_sp_ICM47,3.7399996e-05,6.3000063e-05
25S03150942,Lachnospiraceae_bacterium,3.2099997e-05,0.0012036012
25S03150942,Lachnospiraceae_bacterium_oral_taxon_096,3.1199997e-05,0.0
25S03150942,Pseudoflavonifractor_gallinarum,2.7199997e-05,2.4900025e-05
25S03150942,Actinomyces_SGB17132,2.6199997e-05,2.960003e-05
25S03150942,GGB9480_SGB14874,2.5699997e-05,0.0
25S03150942,Alistipes_ihumii,2.4499998e-05,0.0
25S03150942,Clostridium_leptum,2.3099998e-05,1.7600018e-05
25S03150942,Mediterraneibacter_butyricigenes,2.1099998e-05,0.00013830014
25S03150942,Vescimonas_coprocola,2.0799998e-05,7.9100079e-05
25S03150942,Granulicatella_SGB8255,2.0399998e-05,0.00040580041
25S03150942,Blautia_SGB4793,1.7999998e-05,0.00048390048
25S03150942,Oribacterium_parvum,1.7899998e-05,2.990003e-05
25S03150942,Enterocloster_citroniae,1.6899998e-05,0.0
25S03150942,Klebsiella_variicola,1.6299998e-05,1.8000018e-06
25S03150942,Weissella_cibaria,1.4599999e-05,0.00021070021
25S03150942,Oxalobacter_formigenes,1.3799999e-05,0.0
25S03150942,Actinomyces_sp_ph3,1.3499999e-05,0.0
25S03150942,Alistipes_finegoldii,1.3499999e-05,0.0
25S03150942,Enterococcus_faecium,1.2999999e-05,0.0024262024
25S03150942,Veillonella_tobetsuensis,1.2499999e-05,5.1000051e-06
25S03150942,GGB9621_SGB15072,1.1499999e-05,0.0
25S03150942,Clostridiales_bacterium,1.0599999e-05,0.0
25S03150942,Ruminococcus_bromii,1.0599999e-05,0.0
25S03150942,Clostridium_sp_AF34_10BH,9.899999e-06,1.2600013e-05
25S03150942,Phocaeicola_plebeius,8.5999991e-06,0.0
25S03150942,Collinsella_SGB14987,8.3999992e-06,7.6000076e-06
25S03150942,Clostridiales_Family_XIII_bacterium_BX16,8.2999992e-06,2.6600027e-05
25S03150942,Enterocloster_aldenensis,7.5999992e-06,0.0
25S03150942,Escherichia_marmotae,7.2999993e-06,4.1000041e-06
25S03150942,GGB9619_SGB15067,6.9999993e-06,0.0
25S03150942,Streptococcus_parasanguinis,6.6999993e-06,0.00054060054
25S03150942,Collinsella_SGB47518,5.5999994e-06,1.8900019e-05
25S03150942,Bacteroides_cellulosilyticus,5.4999995e-06,0.0
25S03150942,Lactococcus_lactis,5.4999995e-06,0.00011190011
25S03150942,Lachnoanaerobaculum_sp_ICM7,4.2999996e-06,0.0
25S03150942,Solobacterium_SGB6834,4.0999996e-06,0.0
25S03150942,Clostridia_bacterium_UC5_1_1D1,3.6999996e-06,3.8000038e-06
25S03150942,Oribacterium_sinus,2.5999997e-06,1.3500014e-05
25S03150942,Phocaeicola_sartorii,2.2999998e-06,8.000008e-07
25S03150942,Streptococcus_cristatus,1.9999998e-06,6.2400062e-05
25S03150942,Fusobacterium_nucleatum,1.7999998e-06,0.0
25S03150942,Actinomyces_bouchesdurhonensis,1.5999998e-06,3.6300036e-05
25S03150942,Waltera_intestinalis,1.3999999e-06,0.0
25S03150942,Alistipes_senegalensis,1.2999999e-06,0.0
25S03150942,Weissella_confusa,1.0999999e-06,6.0900061e-05
25S03150942,Alistipes_sp_AF17_16,9.999999e-07,0.0
25S03150942,Lancefieldella_parvula,9.999999e-07,2.5400025e-05
25S03150942,Neobittarella_massiliensis,7.9999992e-07,0.0
25S03150942,GGB3511_SGB4688,6.9999993e-07,0.00017270017
25S03150942,Bacteroides_fragilis,1.9999998e-07,0.0
25S03150942,Streptococcus_vestibularis,0.0,0.00034660035
25S03150942,Gemella_sanguinis,0.0,0.00024660025
25S03150942,GGB3424_SGB4551,0.0,8.4700085e-05
25S03150942,Eubacterium_sulci,0.0,8.1500082e-05
25S03150942,Faecalitalea_cylindroides,0.0,7.3300073e-05
25S03150942,Granulicatella_adiacens,0.0,6.6200066e-05
25S03150942,Gemella_morbillorum,0.0,6.0900061e-05
25S03150942,Amedibacillus_dolichus,0.0,5.9200059e-05
25S03150942,Clostridium_butyricum,0.0,5.8300058e-05
25S03150942,GGB9359_SGB14334,0.0,5.030005e-05
25S03150942,Schaalia_odontolytica,0.0,4.6900047e-05
25S03150942,Streptococcus_australis,0.0,4.4200044e-05
25S03150942,Blautia_hydrogenotrophica,0.0,4.2100042e-05
25S03150942,Blautia_caecimuris,0.0,3.7800038e-05
25S03150942,Adlercreutzia_equolifaciens,0.0,3.5100035e-05
25S03150942,Mogibacterium_diversum,0.0,3.2200032e-05
25S03150942,GGB10485_SGB49305,0.0,3.2000032e-05
25S03150942,Enterococcus_faecalis,0.0,2.9300029e-05
25S03150942,Leuconostoc_lactis,0.0,2.6900027e-05
25S03150942,Ruminococcus_callidus,0.0,2.5300025e-05
25S03150942,Macrococcus_caseolyticus,0.0,2.4100024e-05
25S03150942,GGB3385_SGB4471,0.0,2.1900022e-05
25S03150942,Streptococcus_gordonii,0.0,2.020002e-05
25S03150942,Lactococcus_cremoris,0.0,2.010002e-05
25S03150942,Gemella_haemolysans,0.0,1.8800019e-05
25S03150942,Solobacterium_SGB6833,0.0,1.8600019e-05
25S03150942,Lancefieldella_rimae,0.0,1.7800018e-05
25S03150942,Streptococcus_sanguinis,0.0,1.6800017e-05
25S03150942,Actinomyces_oris,0.0,1.4200014e-05
25S03150942,Actinomyces_SGB17168,0.0,1.3200013e-05
25S03150942,Enterococcus_casseliflavus,0.0,1.1900012e-05
25S03150942,Streptococcus_oralis,0.0,9.7000097e-06
25S03150942,Actinomyces_SGB17157,0.0,8.4000084e-06
25S03150942,Corynebacterium_durum,0.0,7.1000071e-06
25S03150942,Streptococcus_equinus,0.0,6.4000064e-06
25S03150942,Streptococcus_constellatus,0.0,5.3000053e-06
25S03150942,Actinomyces_graevenitzii,0.0,4.8000048e-06
25S03150942,Bifidobacterium_animalis,0.0,4.7000047e-06
25S03150942,Rothia_aeria,0.0,4.6000046e-06
25S03150942,Solobacterium_SGB6829,0.0,3.9000039e-06
25S03150942,Turicibacter_bilis,0.0,3.7000037e-06
25S03150942,Eubacterium_SGB4961,0.0,3.5000035e-06
25S03150942,Anaerococcus_obesiensis,0.0,3.3000033e-06
25S03150942,Clostridium_sp_1001270H_150608_G6,0.0,2.9000029e-06
25S03150942,Bifidobacterium_dentium,0.0,2.4000024e-06
25S03150942,Leuconostoc_pseudomesenteroides,0.0,2.4000024e-06
25S03150942,Clostridium_sp_AF12_28,0.0,1.8000018e-06
25S03150942,TM7_phylum_sp_oral_taxon_348,0.0,1.8000018e-06
25S03150942,Blautia_producta,0.0,8.000008e-07
25S03150942,Lachnospiraceae_bacterium_NSJ_29,0.0,7.000007e-07
25S03150942,Faecalibacillus_faecis,0.0,3.000003e-07
25S03150980,Prevotella_copri_clade_A,0.38173379,0.1183449
25S03150980,Phocaeicola_plebeius,0.090344528,0.024438
25S03150980,Roseburia_inulinivorans,0.069310145,0.0724811
25S03150980,Phocaeicola_vulgatus,0.047816462,0.0137711
25S03150980,Clostridium_sp_AM22_11AC,0.040616068,0.0207193
25S03150980,GGB1109_SGB1423,0.034056973,0.0096383
25S03150980,Escherichia_coli,0.021851983,0.0191635
25S03150980,Clostridium_sp_AF20_17LB,0.018950885,0.0120155
25S03150980,GGB6569_SGB9281,0.015423088,0.0057456
25S03150980,Roseburia_faecis,0.013183789,0.0363067
25S03150980,Agathobaculum_butyriciproducens,0.01305179,0.0138998
25S03150980,Faecalibacillus_intestinalis,0.01203039,0.0301447
25S03150980,Eubacterium_rectale,0.011708691,0.0253448
25S03150980,Phascolarctobacterium_faecium,0.010801791,0.004034
25S03150980,Desulfovibrio_SGB5076,0.0094739924,0.0096854
25S03150980,Blautia_sp_MSK_20_85,0.0094088925,0.1159161
25S03150980,Anaerostipes_hadrus,0.0088347929,0.0173055
25S03150980,Roseburia_intestinalis,0.0084833932,0.0048154
25S03150980,Dorea_longicatena,0.0083625933,0.0625248
25S03150980,Phocaeicola_massiliensis,0.0080200936,0.0022906
25S03150980,Blautia_faecis,0.0079569936,0.0224754
25S03150980,GGB51647_SGB4348,0.0078678937,0.007065
25S03150980,GGB79734_SGB15291,0.0077062938,0.0109929
25S03150980,Ruminococcus_lactaris,0.007507394,0.0436228
25S03150980,Clostridium_sp_AM33_3,0.0072024942,0.0041999
25S03150980,GGB15850_SGB5785,0.0067350946,0.0021554
25S03150980,Clostridiales_bacterium_KLE1615,0.0064440948,0.0061807
25S03150980,Eubacterium_ramulus,0.0057377954,0.0210752
25S03150980,Clostridiaceae_bacterium_Marseille_Q4143,0.0053910957,0.0040607
25S03150980,GGB3746_SGB5089,0.0052778958,0.006098
25S03150980,Lachnospira_eligens,0.0051250959,0.0048008
25S03150980,Fusicatenibacter_saccharivorans,0.004985396,0.03632
25S03150980,Clostridium_fessum,0.0048893961,0.0038616
25S03150980,Faecalibacterium_prausnitzii,0.0042772966,0.0035613
25S03150980,Coprococcus_eutactus,0.0038288969,0.009267
25S03150980,Phocaeicola_dorei,0.003787597,0.0010706
25S03150980,Bacteroides_uniformis,0.0034145973,0.0009193
25S03150980,Alistipes_putredinis,0.0027288978,0.0007838
25S03150980,Parabacteroides_distasonis,0.0026308979,0.0007878
25S03150980,Blautia_wexlerae,0.0024212981,0.0110662
25S03150980,Firmicutes_bacterium_AF16_15,0.0023435981,0.0043302
25S03150980,Coprococcus_comes,0.0023371981,0.0182832
25S03150980,Anaerobutyricum_hallii,0.0022040982,0.0005617
25S03150980,Bacteroides_stercoris,0.0020791983,0.0005947
25S03150980,Clostridiaceae_bacterium_Marseille_Q3526,0.0020634983,0.001338
25S03150980,Parabacteroides_merdae,0.0020282984,0.0005879
25S03150980,Faecalicatena_fissicatena,0.0018186985,0.0194102
25S03150980,Anaerotignum_faecicola,0.0018058986,0.000787
25S03150980,Blautia_obeum,0.0016608987,0.022004
25S03150980,Bilophila_wadsworthia,0.0014958988,0.0011219
25S03150980,Clostridiaceae_bacterium,0.0014283989,0.0015578
25S03150980,Streptococcus_thermophilus,0.0013853989,0.028266
25S03150980,Waltera_intestinalis,0.0013417989,0.0009053
25S03150980,Blautia_stercoris,0.001273799,0.0079484
25S03150980,Clostridium_sp_AT4,0.001219699,0.0005719
25S03150980,Dysosmobacter_sp_BX15,0.0011821991,0.0003875
25S03150980,Bacteroides_salyersiae,0.0011387991,0.0003485
25S03150980,Eubacterium_sp_AF34_35BH,0.0010697991,0.0039214
25S03150980,Romboutsia_timonensis,0.0010657991,0.0027406
25S03150980,Candidatus_Cibionibacter_quicibialis,0.0010370992,0.0018382
25S03150980,Lachnospiraceae_bacterium_AM48_27BH,0.0010220992,0.0004943
25S03150980,Clostridium_SGB4750,0.0010210992,0.0004765
25S03150980,Odoribacter_splanchnicus,0.0010075992,0.0002961
25S03150980,Acidaminococcus_intestini,0.00096089923,0.0009906
25S03150980,Streptococcus_mitis,0.00094599924,0.002531
25S03150980,Megasphaera_hominis,0.00090589928,0.0009967
25S03150980,GGB6547_SGB9247,0.0008782993,0.0002846
25S03150980,Dorea_formicigenerans,0.0008751993,0.0020922
25S03150980,GGB42994_SGB4746,0.00082559934,0.0004331
25S03150980,Alistipes_finegoldii,0.00081939934,0.0002468
25S03150980,Ruminococcus_sp_AF41_9,0.00079519936,0.0025639
25S03150980,Alistipes_onderdonkii,0.00078229937,0.0002234
25S03150980,Clostridium_sp_AF34_10BH,0.00077419938,0.0004626
25S03150980,Vescimonas_coprocola,0.00075899939,0.000771
25S03150980,Clostridiales_bacterium,0.00069049945,0.0003434
25S03150980,Bacteroides_thetaiotaomicron,0.00068829945,0.0002053
25S03150980,GGB3109_SGB4119,0.00068019946,0.0010565
25S03150980,Roseburia_hominis,0.00059789952,0.0006484
25S03150980,Bifidobacterium_longum,0.0005007996,0.0053941
25S03150980,GGB9699_SGB15216,0.00048229961,0.0002613
25S03150980,Dialister_hominis,0.00047999962,0.0003142
25S03150980,Ruminococcus_bicirculans,0.00045199964,0.0005152
25S03150980,Ruminococcus_callidus,0.00044289965,0.0011788
25S03150980,Clostridium_sp_AM42_4,0.00042909966,0.000208
25S03150980,Rheinheimera_SGB14999,0.00041489967,0.0002327
25S03150980,Veillonella_parvula,0.00040649967,0.0003277
25S03150980,Flavonifractor_plautii,0.00040099968,0.0001837
25S03150980,Bifidobacterium_animalis,0.00038549969,0.0040585
25S03150980,Butyricimonas_faecihominis,0.00038479969,0.0001139
25S03150980,Eubacteriaceae_bacterium,0.0003737997,0.0008896
25S03150980,Bacteroides_xylanisolvens,0.00033709973,6.69e-05
25S03150980,Bacteroides_intestinalis,0.00032609974,7.4e-05
25S03150980,Parasutterella_excrementihominis,0.00032249974,9.98e-05
25S03150980,Alistipes_shahii,0.00030449976,7.51e-05
25S03150980,GGB9512_SGB14909,0.00030349976,0.0003629
25S03150980,Holdemania_filiformis,0.00028869977,0.000135
25S03150980,GGB3828_SGB5197,0.00028259977,0.0001513
25S03150980,Blautia_SGB4815,0.00027599978,0.0028431
25S03150980,Ruminococcus_gnavus,0.00027189978,0.0038988
25S03150980,Clostridium_sp_AM49_4BH,0.00023669981,0.0005047
25S03150980,Dysosmobacter_welbionis,0.00023209981,8.61e-05
25S03150980,Streptococcus_salivarius,0.00023199981,0.0085536
25S03150980,Lacrimispora_amygdalina,0.00022559982,0.0001731
25S03150980,Adlercreutzia_equolifaciens,0.00021369983,0.0015296
25S03150980,GGB13493_SGB15238,0.00019849984,7.07e-05
25S03150980,Parabacteroides_sp_TM07_1AC,0.00019419984,4.96e-05
25S03150980,Butyricimonas_virosa,0.00018329985,6.27e-05
25S03150980,GGB1663_SGB2279,0.00017129986,4.5e-05
25S03150980,Veillonella_atypica,0.00016679987,0.0001195
25S03150980,Blautia_glucerasea,0.00015859987,0.0003286
25S03150980,GGB9469_SGB14862,0.0001310999,0.0002334
25S03150980,GGB16040_SGB9347,0.0001273999,3.48e-05
25S03150980,Veillonella_rogosae,0.0001222999,0.0001381
25S03150980,Blautia_massiliensis,0.00011519991,0.0013997
25S03150980,Desulfovibrio_legallii,0.00011209991,7.37e-05
25S03150980,Streptococcus_SGB14888,0.00010659991,0.0001172
25S03150980,Ruminococcus_sp_AF13_28,9.1799927e-05,0.0003124
25S03150980,Bacteroides_nordii,8.789993e-05,2.04e-05
25S03150980,Streptococcus_pasteurianus,8.3599933e-05,0.0022043
25S03150980,Bacteroides_caccae,8.2699934e-05,1.97e-05
25S03150980,GGB3653_SGB4964,8.2699934e-05,0.0001762
25S03150980,Ruthenibacterium_lactatiformans,7.8499937e-05,7.27e-05
25S03150980,Faecalibacterium_SGB15346,7.7499938e-05,6.22e-05
25S03150980,Haemophilus_parainfluenzae,7.7499938e-05,1.75e-05
25S03150980,Alistipes_sp_AF17_16,7.2199942e-05,1.39e-05
25S03150980,Oscillospiraceae_bacterium_Marseille_Q3528,7.1799943e-05,8.2e-06
25S03150980,Streptococcus_oralis,7.1299943e-05,0.0001782
25S03150980,Tyzzerella_nexilis,7.1199943e-05,0.0001924
25S03150980,Streptococcus_sanguinis,7.0799943e-05,0.0003548
25S03150980,Clostridium_leptum,6.8099946e-05,4.18e-05
25S03150980,Roseburia_sp_AF02_12,6.5899947e-05,0.0001276
25S03150980,Clostridium_cuniculi,6.4399948e-05,0.0001355
25S03150980,GGB9719_SGB15272,6.279995e-05,6.77e-05
25S03150980,Olsenella_sp_AF16_14LB,5.9799952e-05,0.000122
25S03150980,Parabacteroides_goldsteinii,5.9599952e-05,1.16e-05
25S03150980,Blautia_caecimuris,5.7699954e-05,0.0005847
25S03150980,GGB9424_SGB14794,5.5799955e-05,0.0001033
25S03150980,Hydrogenoanaerobacterium_saccharovorans,5.4599956e-05,1.13e-05
25S03150980,Lawsonibacter_asaccharolyticus,5.3599957e-05,1.71e-05
25S03150980,Butyricimonas_sp_Marseille_P3923,5.0699959e-05,8.9e-06
25S03150980,Parabacteroides_johnsonii,4.5699963e-05,3.9e-06
25S03150980,Hungatella_hathewayi,4.5299964e-05,2.01e-05
25S03150980,Clostridium_symbiosum,4.3599965e-05,2.62e-05
25S03150980,Klebsiella_quasipneumoniae,4.2399966e-05,4.77e-05
25S03150980,GGB3817_SGB5182,4.0199968e-05,1.68e-05
25S03150980,Lachnospiraceae_bacterium_Marseille_Q4251,3.9899968e-05,0.0001027
25S03150980,GGB9724_SGB15278,3.5699971e-05,8.3e-06
25S03150980,GGB52130_SGB14966,3.3399973e-05,1.46e-05
25S03150980,Faecalimonas_umbilicata,3.1899974e-05,0.0003612
25S03150980,Clostridia_bacterium_UC5_1_1D1,3.0899975e-05,1.88e-05
25S03150980,Dysosmobacter_sp_NSJ_60,3.0899975e-05,8e-07
25S03150980,Eggerthella_lenta,2.9599976e-05,0.0002284
25S03150980,Enterocloster_citroniae,2.7899978e-05,6.2e-06
25S03150980,Enterocloster_lavalensis,2.6199979e-05,6.5e-06
25S03150980,Coprococcus_sp_AF21_14LB,2.549998e-05,0.0002747
25S03150980,Alistipes_ihumii,2.449998e-05,0.0
25S03150980,Cloacibacillus_evryensis,2.439998e-05,9.8e-06
25S03150980,Olsenella_porci,2.4199981e-05,9.95e-05
25S03150980,Weissella_confusa,2.3999981e-05,0.0004342
25S03150980,Klebsiella_pneumoniae,2.1299983e-05,0.0
25S03150980,Clostridium_sp_1001271st1_H5,2.0699983e-05,0.0
25S03150980,Eubacterium_tenue,1.9299985e-05,0.0001344
25S03150980,Rothia_mucilaginosa,1.9299985e-05,4.17e-05
25S03150980,Christensenellaceae_bacterium_NSJ_63,1.9199985e-05,1.57e-05
25S03150980,Klebsiella_oxytoca,1.8499985e-05,8.3e-06
25S03150980,Clostridium_butyricum,1.7599986e-05,1.78e-05
25S03150980,Granulicatella_SGB8255,1.7199986e-05,0.0003031
25S03150980,Faecalitalea_cylindroides,1.6799987e-05,0.0002667
25S03150980,GGB9501_SGB14898,1.5499988e-05,1.4e-06
25S03150980,Escherichia_marmotae,1.4299989e-05,1.19e-05
25S03150980,Mediterraneibacter_glycyrrhizinilyticus,1.3999989e-05,0.0002093
25S03150980,Streptococcus_parasanguinis,1.3399989e-05,0.0010841
25S03150980,Enterocloster_aldenensis,1.3299989e-05,1.2e-06
25S03150980,Streptococcus_australis,1.189999e-05,0.0004204
25S03150980,Candidatus_Nanoperiomorbus_periodonticus,1.1499991e-05,8.5e-06
25S03150980,GGB6470_SGB9153,1.1099991e-05,0.0
25S03150980,GGB79395_SGB105947,1.0599992e-05,7.3e-06
25S03150980,GGB9770_SGB15390,1.0499992e-05,0.0
25S03150980,Gemella_SGB47116,9.8999921e-06,0.0002491
25S03150980,Turicibacter_bilis,9.7999922e-06,1.54e-05
25S03150980,Frisingicoccus_SGB4673,9.2999926e-06,2.77e-05
25S03150980,GGB79973_SGB14341,8.4999932e-06,7.44e-05
25S03150980,Phocaeicola_SGB6473,8.0999935e-06,3.1e-06
25S03150980,Parvimonas_micra,7.8999937e-06,0.0
25S03150980,Veillonella_tobetsuensis,7.2999942e-06,0.0
25S03150980,Romboutsia_ilealis,7.0999943e-06,1.16e-05
25S03150980,Bilophila_SGB15451,6.9999944e-06,3.2e-06
25S03150980,Pseudoflavonifractor_gallinarum,6.7999946e-06,0.0
25S03150980,Streptococcus_infantis,6.7999946e-06,0.0001698
25S03150980,GGB2653_SGB3574,6.199995e-06,4.7e-06
25S03150980,Granulicatella_adiacens,5.9999952e-06,0.0002251
25S03150980,Veillonella_sp_3310,5.7999954e-06,0.0
25S03150980,Candidatus_Nanosynsacchari_sp_TM7_ANC_38_39_G1_1,5.3999957e-06,1.32e-05
25S03150980,Raoultibacter_timonensis,5.0999959e-06,2.39e-05
25S03150980,Erysipelatoclostridium_ramosum,4.999996e-06,2.22e-05
25S03150980,Clostridium_SGB4751,4.8999961e-06,1.6e-06
25S03150980,Gemella_sanguinis,4.8999961e-06,0.0004156
25S03150980,Peptostreptococcus_SGB749,4.6999962e-06,0.0
25S03150980,GGB59744_SGB2275,4.5999963e-06,0.0
25S03150980,Lachnoclostridium_sp_An131,4.4999964e-06,6e-07
25S03150980,Dorea_phocaeensis,4.3999965e-06,0.0001683
25S03150980,Neobittarella_massiliensis,3.9999968e-06,5.1e-06
25S03150980,Eubacterium_brachy,3.4999972e-06,0.0
25S03150980,Candidatus_Allochristensenella_caecavium,3.3999973e-06,1e-07
25S03150980,Streptococcus_cristatus,3.3999973e-06,0.0001493
25S03150980,Veillonella_dispar,3.3999973e-06,4e-06
25S03150980,Anaerostipes_caccae,3.2999974e-06,0.0
25S03150980,Solobacterium_SGB6834,3.2999974e-06,0.0
25S03150980,GGB9453_SGB14845,3.0999975e-06,6e-07
25S03150980,Prevotella_corporis,2.9999976e-06,0.0
25S03150980,Prevotella_copri_clade_C,2.8999977e-06,0.0
25S03150980,Oribacterium_sinus,2.6999978e-06,0.0
25S03150980,Streptococcus_sp_F0442,2.5999979e-06,0.0009387
25S03150980,Ligilactobacillus_SGB15290,2.499998e-06,2.5e-06
25S03150980,Massilioclostridium_coli,2.2999982e-06,1e-06
25S03150980,Anaerotignum_lactatifermentans,2.1999982e-06,0.0
25S03150980,Dielma_fastidiosa,2.1999982e-06,0.0
25S03150980,Eubacterium_SGB4961,2.1999982e-06,1.37e-05
25S03150980,Intestinimonas_butyriciproducens,2.1999982e-06,0.0
25S03150980,Enterocloster_bolteae,1.8999985e-06,0.0
25S03150980,GGB32387_SGB47381,1.8999985e-06,6.72e-05
25S03150980,GGB3579_SGB47659,1.8999985e-06,6.46e-05
25S03150980,Granulicatella_SGB8239,1.6999986e-06,2.47e-05
25S03150980,GGB34476_SGB65958,1.3999989e-06,5.99e-05
25S03150980,Oribacterium_parvum,1.3999989e-06,0.0
25S03150980,Phocaeicola_sartorii,1.3999989e-06,0.0
25S03150980,Roseburia_SGB4939,1.3999989e-06,4.6e-06
25S03150980,Anaerotruncus_rubiinfantis,1.299999e-06,0.0
25S03150980,Lachnoanaerobaculum_sp_ICM7,1.299999e-06,0.0
25S03150980,GGB3510_SGB4687,9.999992e-07,2.07e-05
25S03150980,Streptococcus_pneumoniae,7.9999936e-07,6.6e-06
25S03150980,Romboutsia_sp_CE17,6.9999944e-07,0.0
25S03150980,Candidatus_Pararuminococcus_gallinarum,3.9999968e-07,4e-07
25S03150980,Roseburia_SGB4949,2.9999976e-07,0.0
25S03150980,Streptococcus_vestibularis,0.0,0.0006124
25S03150980,Streptococcus_constellatus,0.0,0.0001785
25S03150980,Gemella_morbillorum,0.0,0.0001633
25S03150980,Gemella_haemolysans,0.0,0.0001142
25S03150980,Abiotrophia_sp_HMSC24B09,0.0,4.87e-05
25S03150980,Faecalicoccus_pleomorphus,0.0,4.7e-05
25S03150980,Streptococcus_anginosus,0.0,4.18e-05
25S03150980,Lachnospiraceae_bacterium_NSJ_29,0.0,4.07e-05
25S03150980,GGB3511_SGB4688,0.0,3.92e-05
25S03150980,Bifidobacterium_adolescentis,0.0,2.74e-05
25S03150980,Actinomyces_oris,0.0,2.7e-05
25S03150980,Clostridium_sp_NSJ_42,0.0,2.04e-05
25S03150980,GGB2980_SGB3962,0.0,2.02e-05
25S03150980,Clostridiaceae_bacterium_DONG20_135,0.0,1.96e-05
25S03150980,Eubacterium_sulci,0.0,1.96e-05
25S03150980,TM7_phylum_sp_oral_taxon_352,0.0,1.82e-05
25S03150980,Mogibacterium_sp_BX12,0.0,1.8e-05
25S03150980,Actinomyces_SGB17163,0.0,1.68e-05
25S03150980,Anaerococcus_obesiensis,0.0,1.67e-05
25S03150980,Lancefieldella_parvula,0.0,1.49e-05
25S03150980,Rothia_aeria,0.0,1.48e-05
25S03150980,Actinomyces_SGB17168,0.0,1.46e-05
25S03150980,Lancefieldella_rimae,0.0,1.44e-05
25S03150980,Streptococcus_gordonii,0.0,1.28e-05
25S03150980,GGB3576_SGB4784,0.0,9.7e-06
25S03150980,Gemella_SGB7284,0.0,9.6e-06
25S03150980,Blautia_producta,0.0,9.4e-06
25S03150980,Abiotrophia_defectiva,0.0,8.5e-06
25S03150980,Mogibacterium_diversum,0.0,6.9e-06
25S03150980,Eubacterium_infirmum,0.0,6.8e-06
25S03150980,Streptococcus_rubneri,0.0,6.6e-06
25S03150980,Weissella_cibaria,0.0,5.7e-06
25S03150980,Actinomyces_sp_ICM47,0.0,5.4e-06
25S03150980,Ruminococcus_torques,0.0,4.6e-06
25S03150980,TM7_phylum_sp_oral_taxon_348,0.0,4.6e-06
25S03150980,Blautia_sp_Marseille_P3087,0.0,4e-06
25S03150980,Prevotella_copri_clade_B,0.0,3.4e-06
25S03150980,Kluyvera_SGB71764,0.0,2.8e-06
25S03150980,Ruminococcus_bromii,0.0,2.3e-06
25S03150980,Streptococcus_intermedius,0.0,1.8e-06
25S03150980,GGB12785_SGB19823,0.0,1e-06
25S03150980,Faecalibacillus_faecis,0.0,9e-07
25S03150996,Ruminococcus_bromii,0.1713404,0.14391011
25S03150996,Bacteroides_uniformis,0.11497953,0.039351576
25S03150996,Phocaeicola_vulgatus,0.098818541,0.036474378
25S03150996,Roseburia_faecis,0.087278948,0.091330745
25S03150996,Candidatus_Cibionibacter_quicibialis,0.070254058,0.029232482
25S03150996,Eubacterium_rectale,0.055150267,0.10316894
25S03150996,Alistipes_putredinis,0.046094072,0.012363393
25S03150996,Lachnospira_eligens,0.043097374,0.031823681
25S03150996,Bacteroides_eggerthii,0.029173382,0.010476594
25S03150996,Clostridium_sp_AF34_10BH,0.021386887,0.0085624949
25S03150996,Bacteroides_xylanisolvens,0.018885989,0.0072314957
25S03150996,Alistipes_finegoldii,0.01621459,0.0046357972
25S03150996,Bacteroides_thetaiotaomicron,0.014836991,0.0053917968
25S03150996,Bacteroides_fragilis,0.012593892,0.0045003973
25S03150996,Faecalibacterium_prausnitzii,0.012555392,0.010016694
25S03150996,Clostridium_sp_AM22_11AC,0.010634094,0.0062446963
25S03150996,Blautia_wexlerae,0.010145894,0.029356682
25S03150996,Phascolarctobacterium_faecium,0.010120094,0.0053219968
25S03150996,Roseburia_hominis,0.0096695942,0.0081063951
25S03150996,GGB9480_SGB14874,0.0095184943,0.0048427971
25S03150996,Bacteroides_cellulosilyticus,0.0078206953,0.0030833981
25S03150996,Clostridiales_bacterium_KLE1615,0.0077877953,0.0098116941
25S03150996,Oscillibacter_sp_ER4,0.0065660961,0.0019489988
25S03150996,Clostridium_fessum,0.0059150965,0.0032035981
25S03150996,Parabacteroides_distasonis,0.0057292966,0.0023523986
25S03150996,Eggerthella_lenta,0.0047800971,0.004933297
25S03150996,Faecalibacterium_SGB15346,0.0046394972,0.0031192981
25S03150996,Gemmiger_formicilis,0.0043262974,0.020292788
25S03150996,Ruminococcus_lactaris,0.0042342975,0.03327908
25S03150996,GGB80011_SGB15265,0.0038112977,0.0015358991
25S03150996,Vescimonas_coprocola,0.0037696977,0.0017954989
25S03150996,Blautia_obeum,0.0036747978,0.018996589
25S03150996,Blautia_massiliensis,0.0036347978,0.03292788
25S03150996,Escherichia_coli,0.0035550979,0.0020900987
25S03150996,Lacrimispora_amygdalina,0.0034814979,0.001676099
25S03150996,Ruminococcus_SGB4421,0.0034169979,0.018242989
25S03150996,Butyricimonas_virosa,0.0030066982,0.0013827992
25S03150996,Anaerotignum_faecicola,0.0028667983,0.0010352994
25S03150996,Clostridium_sp_AF20_17LB,0.0025190985,0.0011751993
25S03150996,Dorea_formicigenerans,0.0025110985,0.010178094
25S03150996,Agathobaculum_butyriciproducens,0.0022630986,0.0043934974
25S03150996,Ruminococcus_torques,0.0022605986,0.037985077
25S03150996,Waltera_intestinalis,0.0021710987,0.00089499946
25S03150996,Clostridiaceae_bacterium_AF18_31LB,0.0021574987,0.0010942993
25S03150996,Clostridium_leptum,0.0021211987,0.0021289987
25S03150996,Fusicatenibacter_saccharivorans,0.0020967987,0.047993571
25S03150996,Faecalibacillus_intestinalis,0.0018439989,0.0098921941
25S03150996,Dysosmobacter_sp_BX15,0.0018135989,0.00073079956
25S03150996,Adlercreutzia_equolifaciens,0.001707899,0.0051191969
25S03150996,GGB9627_SGB15081,0.001692999,0.00074779955
25S03150996,Anaerostipes_hadrus,0.0014153992,0.0014710991
25S03150996,Eubacterium_ramulus,0.0012841992,0.0079763952
25S03150996,Dysosmobacter_welbionis,0.0012137993,0.00036229978
25S03150996,Clostridium_sp_AF27_2AA,0.0010158994,0.00051909969
25S03150996,Anaerobutyricum_hallii,0.0009954994,0.00012199993
25S03150996,Alistipes_indistinctus,0.00097519941,0.00032429981
25S03150996,Collinsella_aerofaciens,0.00090259946,0.0080586952
25S03150996,Blautia_faecis,0.00089189946,0.013210992
25S03150996,GGB9699_SGB15216,0.00084859949,0.00041999975
25S03150996,Clostridiaceae_bacterium,0.0008276995,0.0028949983
25S03150996,Ruthenibacterium_lactatiformans,0.00079059953,0.00081599951
25S03150996,Dorea_longicatena,0.00072859956,0.031868081
25S03150996,Clostridiales_bacterium_Choco116,0.00072559956,0.00029969982
25S03150996,Rheinheimera_SGB14999,0.00062299963,0.00026529984
25S03150996,GGB2982_SGB3964,0.00061629963,0.00092289945
25S03150996,Haemophilus_parainfluenzae,0.00061409963,0.00034369979
25S03150996,GGB9614_SGB15049,0.00057769965,0.00021049987
25S03150996,Roseburia_inulinivorans,0.00054419967,0.00021359987
25S03150996,GGB9619_SGB15067,0.00054259967,0.00019289988
25S03150996,GGB2998_SGB3988,0.0004991997,0.00030539982
25S03150996,Clostridiaceae_unclassified_SGB4747,0.00047079972,0.00021879987
25S03150996,Firmicutes_bacterium_AF16_15,0.00045549973,0.0010944993
25S03150996,Ruminococcus_sp_AF13_28,0.00045419973,0.0019374988
25S03150996,Bacteroides_nordii,0.00043439974,0.00022059987
25S03150996,Collinsella_SGB4121,0.00042419975,0.00072589956
25S03150996,Clostridiales_bacterium,0.00041449975,0.00019449988
25S03150996,Coprococcus_catus,0.00041449975,0.0057450966
25S03150996,Clostridium_SGB4750,0.00040259976,0.00026919984
25S03150996,Clostridium_sp_AT4,0.00040149976,0.00023489986
25S03150996,Veillonella_dispar,0.00038259977,0.00042689974
25S03150996,Raoultibacter_timonensis,0.00037919977,0.00043009974
25S03150996,Flavonifractor_plautii,0.00037349978,0.00017959989
25S03150996,GGB3619_SGB4894,0.00036729978,0.00014619991
25S03150996,Eubacterium_sp_AF34_35BH,0.00036219978,0.006739396
25S03150996,Hydrogeniiclostidium_mannosilyticum,0.00035149979,0.00022809986
25S03150996,Holdemania_filiformis,0.0003365998,0.00017929989
25S03150996,Clostridia_bacterium_UC5_1_1D1,0.00030279982,0.0001710999
25S03150996,Enterocloster_bolteae,0.00029969982,0.00020199988
25S03150996,Sanguibacter_SGB15121,0.00029899982,0.0011362993
25S03150996,Veillonella_parvula,0.00027959983,0.0003295998
25S03150996,Streptococcus_salivarius,0.00027849983,0.010805694
25S03150996,Eubacterium_sp_NSJ_61,0.00027149984,0.00075049955
25S03150996,Lactonifactor_sp_BIOML_A6,0.00025949984,0.00030709982
25S03150996,Oscillospiraceae_bacterium_Marseille_Q3528,0.00023269986,0.00010559994
25S03150996,Veillonella_atypica,0.00022999986,0.00022879986
25S03150996,GGB3828_SGB5197,0.00021229987,0.00018399989
25S03150996,Eubacteriaceae_bacterium_Marseille_Q4139,0.00020439988,0.00013489992
25S03150996,Lachnospiraceae_bacterium,0.00020339988,0.0032298981
25S03150996,Ruminococcus_gnavus,0.00019159989,0.0030321982
25S03150996,Lawsonibacter_asaccharolyticus,0.00018239989,7.2299957e-05
25S03150996,Blautia_producta,0.0001617999,0.0015196991
25S03150996,Dysosmobacter_sp_NSJ_60,0.00015209991,6.3699962e-05
25S03150996,Streptococcus_mitis,0.00014689991,0.00020529988
25S03150996,Hungatella_hathewayi,0.00012799992,5.8599965e-05
25S03150996,Mogibacterium_sp_NSJ_24,0.00012669992,0.00058029965
25S03150996,Clostridium_symbiosum,0.00010619994,7.8199953e-05
25S03150996,Pseudoflavonifractor_gallinarum,0.00010159994,5.1699969e-05
25S03150996,Enterocloster_citroniae,9.6499942e-05,5.9399964e-05
25S03150996,GGB51510_SGB71883,9.3499944e-05,9.7499942e-05
25S03150996,Hydrogenoanaerobacterium_saccharovorans,9.2799944e-05,3.5899978e-05
25S03150996,Neobittarella_massiliensis,8.8299947e-05,0.00010089994
25S03150996,Streptococcus_parasanguinis,8.379995e-05,0.0022898986
25S03150996,Enterocloster_aldenensis,7.8799953e-05,3.6399978e-05
25S03150996,Eisenbergiella_tayi,7.1299957e-05,7.8299953e-05
25S03150996,Sellimonas_intestinalis,6.5199961e-05,0.0012982992
25S03150996,Anaerotruncus_colihominis,5.9299964e-05,6.3499962e-05
25S03150996,Blautia_caecimuris,5.8199965e-05,0.0010165994
25S03150996,Collinsella_SGB14987,5.5299967e-05,6.0999963e-05
25S03150996,Anaeromassilibacillus_sp_An250,5.2499969e-05,2.3199986e-05
25S03150996,Massiliimalia_timonensis,4.4099974e-05,0.00012029993
25S03150996,Veillonella_rogosae,4.2999974e-05,3.369998e-05
25S03150996,Citrobacter_freundii,4.2099975e-05,2.7299984e-05
25S03150996,GGB52130_SGB14966,3.9899976e-05,2.0899987e-05
25S03150996,Candidatus_Nanosynsacchari_sp_TM7_ANC_38_39_G1_1,3.8099977e-05,3.8099977e-05
25S03150996,Faecalicatena_contorta,3.5799979e-05,8.389995e-05
25S03150996,Lachnoclostridium_sp_An131,3.4399979e-05,1.2899992e-05
25S03150996,Streptococcus_oralis,3.1299981e-05,0.00030269982
25S03150996,Actinomyces_sp_ICM47,2.9899982e-05,3.7399978e-05
25S03150996,GGB3444_SGB4594,2.9699982e-05,9.8099941e-05
25S03150996,Clostridium_butyricum,2.7499984e-05,0.00010719994
25S03150996,Phocaeicola_dorei,2.5499985e-05,1.7699989e-05
25S03150996,Haemophilus_parahaemolyticus,2.4299985e-05,6.599996e-06
25S03150996,Negativibacillus_massiliensis,2.3999986e-05,0.00042939974
25S03150996,GGB12785_SGB19823,2.2899986e-05,9.1299945e-05
25S03150996,Cuneatibacter_caecimuris,2.1499987e-05,1.2899992e-05
25S03150996,Clostridium_scindens,2.0399988e-05,0.00015039991
25S03150996,Phocea_massiliensis,1.9699988e-05,4.0799976e-05
25S03150996,Candidatus_Allochristensenella_caecavium,1.8599989e-05,1.0799994e-05
25S03150996,Mogibacterium_sp_BX12,1.7699989e-05,0.00017629989
25S03150996,Citrobacter_sp_RHBSTW_00671,1.699999e-05,7.1999957e-06
25S03150996,Streptococcus_infantis,1.3799992e-05,0.00024069986
25S03150996,Streptococcus_sanguinis,1.1099993e-05,6.8399959e-05
25S03150996,Anaerostipes_caccae,1.0699994e-05,0.0
25S03150996,TM7_phylum_sp_oral_taxon_352,8.8999947e-06,5.2499969e-05
25S03150996,Aggregatibacter_segnis,8.6999948e-06,0.0
25S03150996,Massilioclostridium_coli,8.5999948e-06,3.9499976e-05
25S03150996,Klebsiella_pneumoniae,8.299995e-06,4.3999974e-06
25S03150996,Angelakisella_massiliensis,7.5999954e-06,0.0
25S03150996,Actinomyces_SGB17132,7.1999957e-06,1.5699991e-05
25S03150996,Anaerofustis_stercorihominis,6.9999958e-06,7.1799957e-05
25S03150996,Romboutsia_timonensis,5.3999968e-06,0.0011525993
25S03150996,GGB3818_SGB5183,5.1999969e-06,0.0
25S03150996,Bacteroides_ovatus,5.0999969e-06,5.0999969e-06
25S03150996,Aggregatibacter_aphrophilus,4.8999971e-06,0.0
25S03150996,Granulicatella_SGB8255,4.5999972e-06,0.00012319993
25S03150996,Rothia_mucilaginosa,4.5999972e-06,9.2099945e-05
25S03150996,Erysipelatoclostridium_ramosum,3.399998e-06,4.5199973e-05
25S03150996,TM7_phylum_sp_oral_taxon_348,3.1999981e-06,5.5999966e-06
25S03150996,GGB9619_SGB15066,2.7999983e-06,2.0999987e-06
25S03150996,GGB12785_SGB19827,2.3999986e-06,5.6999966e-06
25S03150996,Actinomyces_SGB17157,1.9999988e-06,2.0599988e-05
25S03150996,Mediterraneibacter_glycyrrhizinilyticus,1.8999989e-06,6.5399961e-05
25S03150996,Prevotella_copri_clade_A,1.3999992e-06,9.7999941e-06
25S03150996,GGB9480_SGB14873,1.1999993e-06,0.0
25S03150996,Oribacterium_sinus,1.0999993e-06,5.9999964e-07
25S03150996,Clostridium_hylemonae,6.9999958e-07,1.0999993e-05
25S03150996,Clostridium_sp_chh4_2,6.9999958e-07,1.7999989e-06
25S03150996,Bacteroides_faecis,5.9999964e-07,0.0
25S03150996,Clostridiales_bacterium_NSJ_32,4.999997e-07,0.0
25S03150996,Clostridium_sp_AF12_28,3.9999976e-07,0.0
25S03150996,Escherichia_marmotae,2.9999982e-07,0.0
25S03150996,Streptococcus_vestibularis,0.0,0.00023119986
25S03150996,Gemella_sanguinis,0.0,0.0001675999
25S03150996,Streptococcus_thermophilus,0.0,0.0001617999
25S03150996,Turicibacter_bilis,0.0,0.00012309993
25S03150996,Granulicatella_adiacens,0.0,0.00010209994
25S03150996,Streptococcus_gordonii,0.0,8.6999948e-05
25S03150996,Actinomyces_graevenitzii,0.0,6.599996e-05
25S03150996,Eubacterium_sulci,0.0,5.5499967e-05
25S03150996,Mogibacterium_diversum,0.0,5.1399969e-05
25S03150996,Clostridium_saudiense,0.0,4.4499973e-05
25S03150996,Streptococcus_australis,0.0,4.0099976e-05
25S03150996,Streptococcus_sp_F0442,0.0,3.6199978e-05
25S03150996,Streptococcus_cristatus,0.0,3.5899978e-05
25S03150996,Lancefieldella_parvula,0.0,3.359998e-05
25S03150996,Gemella_morbillorum,0.0,3.2099981e-05
25S03150996,Streptococcus_constellatus,0.0,2.9299982e-05
25S03150996,Actinomyces_SGB17168,0.0,2.7899983e-05
25S03150996,Intestinibacter_bartlettii,0.0,2.3999986e-05
25S03150996,GGB4456_SGB6141,0.0,2.0999987e-05
25S03150996,Enterococcus_SGB6173,0.0,1.7999989e-05
25S03150996,Gemella_haemolysans,0.0,1.7799989e-05
25S03150996,Weissella_confusa,0.0,1.689999e-05
25S03150996,Weissella_cibaria,0.0,1.4399991e-05
25S03150996,Streptococcus_equinus,0.0,1.3999992e-05
25S03150996,Leuconostoc_citreum,0.0,1.0099994e-05
25S03150996,Actinomyces_sp_ph3,0.0,9.999994e-06
25S03150996,Leuconostoc_lactis,0.0,9.8999941e-06
25S03150996,Faecalicatena_orotica,0.0,9.6999942e-06
25S03150996,Erysipelotrichaceae_bacterium_3_1_53,0.0,8.6999948e-06
25S03150996,Lactococcus_lactis,0.0,7.7999953e-06
25S03150996,Leuconostoc_holzapfelii,0.0,7.5999954e-06
25S03150996,Solobacterium_SGB6833,0.0,6.9999958e-06
25S03150996,Clostridium_perfringens,0.0,6.8999959e-06
25S03150996,GGB3585_SGB4803,0.0,6.7999959e-06
25S03150996,Clostridium_sp_1001270J_160509_D11,0.0,6.2999962e-06
25S03150996,Corynebacterium_durum,0.0,5.3999968e-06
25S03150996,Streptococcus_sp_HF_1907,0.0,4.8999971e-06
25S03150996,Actinomyces_SGB17163,0.0,3.4999979e-06
25S03150996,GGB9719_SGB15272,0.0,3.0999981e-06
25S03150996,Leuconostoc_pseudomesenteroides,0.0,2.6999984e-06
25S03150996,Eubacterium_SGB4961,0.0,2.1999987e-06
25S03150996,Ligilactobacillus_salivarius,0.0,2.1999987e-06
25S03150996,Romboutsia_ilealis,0.0,2.0999987e-06
25S03150996,Catenibacillus_scindens,0.0,1.9999988e-06
25S03150996,Kluyvera_SGB71764,0.0,1.7999989e-06
25S03150996,Dialister_invisus,0.0,1.699999e-06
25S03150996,Phocaeicola_plebeius,0.0,1.599999e-06
25S03150996,Romboutsia_hominis,0.0,1.1999993e-06
25S03150996,Collinsella_SGB59878,0.0,1.0999993e-06
25S03150996,Lactococcus_raffinolactis,0.0,4.999997e-07
25S03150996,Clostridium_disporicum,0.0,3.9999976e-07
25S03150996,Clostridium_SGB4751,0.0,1.9999988e-07
25S03154141,Escherichia_coli,0.1345352,0.042344621
25S03154141,Phocaeicola_vulgatus,0.1026162,0.046727123
25S03154141,Faecalibacterium_prausnitzii,0.0875476,0.024564712
25S03154141,Phocaeicola_plebeius,0.0709547,0.030469315
25S03154141,Megamonas_funiformis,0.0630633,0.065841333
25S03154141,Phocaeicola_coprocola,0.0629774,0.026622313
25S03154141,GGB3746_SGB5089,0.0628051,0.043542422
25S03154141,Eubacterium_rectale,0.0592966,0.14838287
25S03154141,Bacteroides_stercoris,0.0432733,0.017343809
25S03154141,Phocaeicola_massiliensis,0.0308903,0.013357607
25S03154141,Lachnospira_eligens,0.024834,0.022343111
25S03154141,Roseburia_sp_AM23_20,0.0193615,0.013257907
25S03154141,Bacteroides_uniformis,0.0153087,0.006013503
25S03154141,Paraprevotella_clara,0.0099963,0.004056602
25S03154141,Blautia_wexlerae,0.0083487,0.012823006
25S03154141,Roseburia_faecis,0.0081648,0.018227409
25S03154141,Clostridium_sp_AF34_13,0.007682,0.0071097036
25S03154141,Alistipes_putredinis,0.0069514,0.0026110013
25S03154141,Lachnospira_sp_NSJ_43,0.0068834,0.0051171026
25S03154141,Eubacterium_sp_AF22_8LB,0.0064369,0.038871819
25S03154141,Ruminococcus_torques,0.0063098,0.044801322
25S03154141,Faecalibacillus_intestinalis,0.0062289,0.010515305
25S03154141,Desulfovibrio_SGB5076,0.0060835,0.0043208022
25S03154141,Ruminococcus_bicirculans,0.0058464,0.011426406
25S03154141,Faecalibacterium_SGB15346,0.0056293,0.0014181007
25S03154141,Bacteroides_thetaiotaomicron,0.0053336,0.0025568013
25S03154141,Ruminococcus_bovis,0.0053229,0.0036135018
25S03154141,Parasutterella_SGB9260,0.0052771,0.0017361009
25S03154141,Phascolarctobacterium_faecium,0.0050732,0.003901302
25S03154141,Roseburia_inulinivorans,0.0047249,0.001954301
25S03154141,Gemmiger_formicilis,0.004666,0.0054080027
25S03154141,GGB3256_SGB4303,0.0045419,0.0024810012
25S03154141,Clostridium_fessum,0.0045216,0.0053567027
25S03154141,Fusicatenibacter_saccharivorans,0.004439,0.054959327
25S03154141,Blautia_obeum,0.0038421,0.036289418
25S03154141,Butyricicoccus_sp_AM29_23AC,0.0038202,0.0022341011
25S03154141,Candidatus_Cibionibacter_quicibialis,0.0036076,0.0022820011
25S03154141,Clostridium_sp_AM22_11AC,0.0034399,0.0034891017
25S03154141,Coprococcus_eutactus,0.0033316,0.0036666018
25S03154141,Ruminococcus_sp_AF13_28,0.0032689,0.0055280028
25S03154141,Parabacteroides_distasonis,0.0025731,0.0011170006
25S03154141,GGB80011_SGB15265,0.0025228,0.0013302007
25S03154141,Agathobaculum_butyriciproducens,0.0025201,0.002064801
25S03154141,Clostridiaceae_bacterium_AF18_31LB,0.0024165,0.0030114015
25S03154141,Oscillibacter_sp_ER4,0.0023775,0.0011888006
25S03154141,Anaerotignum_faecicola,0.0022361,0.00052810026
25S03154141,Dysosmobacter_sp_BX15,0.0020868,0.00067450034
25S03154141,Dorea_longicatena,0.001975,0.023287512
25S03154141,Clostridiales_bacterium_KLE1615,0.0019572,0.0086310043
25S03154141,Bacteroides_ovatus,0.0019149,0.0008012004
25S03154141,Ruminococcus_callidus,0.0017528,0.0055911028
25S03154141,Bacteroides_xylanisolvens,0.0016701,0.00086060043
25S03154141,Coprococcus_comes,0.0016167,0.0095137048
25S03154141,Faecalicatena_fissicatena,0.0016029,0.018356609
25S03154141,GGB3524_SGB4704,0.001494,0.0015692008
25S03154141,Eubacterium_ventriosum,0.0014545,0.010451205
25S03154141,Anaerostipes_hadrus,0.0014296,0.00036840018
25S03154141,Alistipes_onderdonkii,0.001424,0.00051140026
25S03154141,Clostridium_sp_AF20_17LB,0.001406,0.0011853006
25S03154141,Lachnospiraceae_bacterium_AM48_27BH,0.0013709,0.00072220036
25S03154141,Anaerobutyricum_soehngenii,0.001281,8.6600043e-05
25S03154141,Dorea_sp_AF36_15AT,0.0012256,0.00075630038
25S03154141,Lachnospiraceae_bacterium_Marseille_Q4251,0.0012129,0.00086930043
25S03154141,Clostridium_sp_AM33_3,0.0011143,0.0013840007
25S03154141,Clostridium_sp_AF34_10BH,0.0011119,0.00047000024
25S03154141,Waltera_intestinalis,0.0011032,0.00041000021
25S03154141,Clostridiaceae_bacterium_Marseille_Q4143,0.0010823,0.0011898006
25S03154141,Bilophila_wadsworthia,0.0010602,0.00071160036
25S03154141,Lacrimispora_celerecrescens,0.0010556,0.010787605
25S03154141,Lacrimispora_amygdalina,0.0010248,0.00090720045
25S03154141,Blautia_faecis,0.0009899,0.010199505
25S03154141,Bifidobacterium_longum,0.0009745,0.0089577045
25S03154141,Dorea_formicigenerans,0.0009619,0.0065340033
25S03154141,GGB9614_SGB15049,0.0008364,0.00026200013
25S03154141,Clostridium_SGB4751,0.0007419,0.0010682005
25S03154141,Anaerobutyricum_hallii,0.0007181,2.030001e-05
25S03154141,Blautia_stercoris,0.0007111,0.002069401
25S03154141,GGB9559_SGB14969,0.0007058,0.00094150047
25S03154141,GGB9616_SGB15052,0.0006824,0.00021350011
25S03154141,Blautia_massiliensis,0.0006285,0.010089005
25S03154141,Alistipes_shahii,0.0006006,0.00018430009
25S03154141,Clostridium_sp_AM49_4BH,0.0005844,0.0015197008
25S03154141,Eubacterium_ramulus,0.0005649,0.0031305016
25S03154141,Clostridium_sp_1001270H_150608_G6,0.0005557,0.00069230035
25S03154141,Eggerthella_lenta,0.0005493,0.00052510026
25S03154141,Bacteroides_caccae,0.0005486,0.00026280013
25S03154141,Coprococcus_catus,0.0005264,0.0037209019
25S03154141,Blautia_glucerasea,0.0005171,0.0015276008
25S03154141,Clostridium_sp_AM42_4,0.0004693,0.00043140022
25S03154141,Collinsella_aerofaciens,0.0004615,0.0025782013
25S03154141,GGB3828_SGB5197,0.0004527,0.00046790023
25S03154141,Alistipes_sp_AF17_16,0.0004115,0.00015780008
25S03154141,GGB9759_SGB15370,0.0004084,0.00034650017
25S03154141,Clostridiaceae_bacterium,0.0003764,0.00045840023
25S03154141,Streptococcus_thermophilus,0.0003657,0.0034467017
25S03154141,Vescimonas_coprocola,0.000353,0.00029890015
25S03154141,Eubacterium_SGB6276,0.0003342,0.00027120014
25S03154141,GGB35068_SGB47850,0.0003296,0.0016684008
25S03154141,Clostridium_sp_AF12_28,0.0003253,0.00031190016
25S03154141,Rheinheimera_SGB14999,0.0003184,0.00016840008
25S03154141,Collinsella_SGB4121,0.0003141,0.00066350033
25S03154141,Clostridium_SGB4750,0.0003019,0.0004097002
25S03154141,Streptococcus_salivarius,0.0002851,0.010559605
25S03154141,Clostridiales_bacterium,0.0002798,0.00013370007
25S03154141,Roseburia_sp_AM16_25,0.0002776,0.00062010031
25S03154141,Bifidobacterium_pseudocatenulatum,0.0002642,0.0013759007
25S03154141,GGB79734_SGB15291,0.0002594,0.0008051004
25S03154141,Streptococcus_mitis,0.0002306,0.00028360014
25S03154141,Oscillospiraceae_bacterium_Marseille_Q3528,0.0002302,8.9100045e-05
25S03154141,Haemophilus_parainfluenzae,0.0002189,4.4000022e-05
25S03154141,Alistipes_finegoldii,0.000209,7.3300037e-05
25S03154141,Butyricimonas_paravirosa,0.0001965,9.5300048e-05
25S03154141,Dysosmobacter_welbionis,0.0001711,6.1800031e-05
25S03154141,Eubacterium_sp_AF34_35BH,0.0001614,0.0025184013
25S03154141,Coprobacter_secundus,0.0001563,5.8300029e-05
25S03154141,Clostridium_sp_AF27_2AA,0.0001501,0.00014750007
25S03154141,Alistipes_indistinctus,0.0001422,5.5100028e-05
25S03154141,GGB3815_SGB5180,0.0001414,0.00014830007
25S03154141,Firmicutes_bacterium_AF16_15,0.0001344,0.00022330011
25S03154141,Clostridium_SGB6179,0.0001325,0.00026600013
25S03154141,Bacteroides_cellulosilyticus,0.000129,6.5500033e-05
25S03154141,GGB51441_SGB71759,0.0001282,0.0002068001
25S03154141,Blautia_luti,0.000125,0.00022580011
25S03154141,Blautia_sp_Marseille_P3087,0.0001242,0.0014165007
25S03154141,Butyricimonas_virosa,0.0001191,6.9200035e-05
25S03154141,Allisonella_histaminiformans,0.0001027,0.0002027001
25S03154141,Flavonifractor_plautii,9.76e-05,2.7200014e-05
25S03154141,Bacteroides_nordii,8.87e-05,4.000002e-05
25S03154141,Clostridium_sp_AF32_12BH,7.99e-05,8.7700044e-05
25S03154141,Lachnospiraceae_bacterium,7.97e-05,0.0016494008
25S03154141,Holdemania_sp_1001095H_141210_F2,6.89e-05,5.5000028e-05
25S03154141,Sanguibacter_SGB15121,6.83e-05,0.0002064001
25S03154141,Streptococcus_infantis,6.83e-05,0.00044990022
25S03154141,Bacteroides_intestinalis,6.55e-05,2.3900012e-05
25S03154141,GGB4596_SGB6358,6.42e-05,5.7100029e-05
25S03154141,Intestinimonas_butyriciproducens,6.06e-05,1.0900005e-05
25S03154141,Blautia_SGB4815,5.72e-05,0.00041330021
25S03154141,Clostridium_leptum,5.2e-05,5.7200029e-05
25S03154141,Romboutsia_timonensis,5.13e-05,0.00050650025
25S03154141,Dorea_sp_AF24_7LB,5.03e-05,0.00033960017
25S03154141,Adlercreutzia_equolifaciens,4.41e-05,0.00014530007
25S03154141,Parabacteroides_goldsteinii,4.38e-05,1.1300006e-05
25S03154141,Dysosmobacter_sp_NSJ_60,4.24e-05,2.3400012e-05
25S03154141,Ruminococcus_sp_NSJ_13,4.24e-05,0.00063300032
25S03154141,Gordonibacter_pamelaeae,4.23e-05,6.8300034e-05
25S03154141,Mediterraneibacter_butyricigenes,4.2e-05,7.8400039e-05
25S03154141,Enterocloster_citroniae,4.15e-05,8.7000044e-06
25S03154141,Ruthenibacterium_lactatiformans,3.92e-05,7.2000036e-06
25S03154141,Escherichia_marmotae,3.77e-05,9.2000046e-06
25S03154141,Enterocloster_bolteae,3.67e-05,5.2000026e-06
25S03154141,Rothia_mucilaginosa,2.4e-05,0.00014160007
25S03154141,Roseburia_hominis,2.05e-05,1.1100006e-05
25S03154141,GGB9593_SGB15015,1.95e-05,1.4100007e-05
25S03154141,Intestinibacter_bartlettii,1.93e-05,4.3000022e-05
25S03154141,Granulicatella_SGB8255,1.91e-05,9.6100048e-05
25S03154141,Bittarella_massiliensis,1.87e-05,4.5000023e-06
25S03154141,Clostridium_sp_1001270J_160509_D11,1.5e-05,0.00014980007
25S03154141,Roseburia_sp_AF02_12,1.36e-05,1.950001e-05
25S03154141,Christensenellaceae_bacterium_NSJ_63,1.3e-05,5.6000028e-06
25S03154141,Eubacteriaceae_bacterium,1.28e-05,8.5500043e-05
25S03154141,Alistipes_provencensis,1.2e-05,0.0
25S03154141,Streptococcus_parasanguinis,1.11e-05,0.00069490035
25S03154141,Candidatus_Pseudobutyricicoccus_lothianensis,1.05e-05,1.2600006e-05
25S03154141,Clostridiales_bacterium_NSJ_32,1.03e-05,4.6000023e-06
25S03154141,Streptococcus_rubneri,1.03e-05,0.0010043005
25S03154141,Candidatus_Allochristensenella_caecavium,1.01e-05,6.000003e-06
25S03154141,Cloacibacillus_evryensis,9.6e-06,1.4800007e-05
25S03154141,Solobacterium_SGB6834,9e-06,0.0
25S03154141,Streptococcus_SGB14888,8.9e-06,1.2300006e-05
25S03154141,Phocaeicola_dorei,8.7e-06,8.000004e-07
25S03154141,TM7_phylum_sp_oral_taxon_352,8.1e-06,2.2100011e-05
25S03154141,GGB2848_SGB3813,7.2e-06,0.0
25S03154141,GGB55957_SGB77276,7.1e-06,5.7000029e-06
25S03154141,Hydrogenoanaerobacterium_saccharovorans,6.9e-06,1.2100006e-05
25S03154141,Ruminococcus_gnavus,5.3e-06,0.00016740008
25S03154141,Actinomyces_sp_ICM47,4.5e-06,1.3900007e-05
25S03154141,Clostridium_sp_NSJ_42,4.3e-06,0.00043470022
25S03154141,Turicibacter_sanguinis,4.1e-06,0.00012520006
25S03154141,Enterococcus_SGB6173,3.5e-06,0.00025740013
25S03154141,Massilioclostridium_coli,3.1e-06,3.5300018e-05
25S03154141,Anaerotruncus_colihominis,1.9e-06,7.4000037e-06
25S03154141,Candidatus_Nanosynsacchari_sp_TM7_ANC_38_39_G1_1,1.4e-06,3.3000017e-06
25S03154141,Veillonella_rogosae,1.2e-06,0.0
25S03154141,Peptostreptococcus_SGB749,9e-07,0.0
25S03154141,Granulicatella_adiacens,8e-07,3.5000018e-05
25S03154141,Parasutterella_excrementihominis,6e-07,0.0
25S03154141,Eubacterium_sulci,5e-07,5.2800026e-05
25S03154141,GGB3002_SGB3993,3e-07,1.1100006e-05
25S03154141,Phocaeicola_sartorii,2e-07,0.0
25S03154141,Streptococcus_vestibularis,0.0,0.00033130017
25S03154141,Streptococcus_sp_F0442,0.0,0.00029780015
25S03154141,Gemella_sanguinis,0.0,0.00014350007
25S03154141,Streptococcus_anginosus,0.0,8.6800043e-05
25S03154141,Prevotella_copri_clade_A,0.0,6.7200034e-05
25S03154141,Streptococcus_oralis,0.0,5.7900029e-05
25S03154141,Streptococcus_cristatus,0.0,4.4900022e-05
25S03154141,Streptococcus_constellatus,0.0,3.7400019e-05
25S03154141,Gemella_morbillorum,0.0,3.2100016e-05
25S03154141,Streptococcus_sanguinis,0.0,2.4300012e-05
25S03154141,GGB14025_SGB14906,0.0,2.3400012e-05
25S03154141,Actinomyces_graevenitzii,0.0,2.2800011e-05
25S03154141,Streptococcus_australis,0.0,2.020001e-05
25S03154141,Actinomyces_SGB17163,0.0,1.910001e-05
25S03154141,Actinomyces_SGB17168,0.0,1.7500009e-05
25S03154141,Actinomyces_SGB17157,0.0,1.6600008e-05
25S03154141,Erysipelatoclostridium_ramosum,0.0,1.3700007e-05
25S03154141,Lancefieldella_rimae,0.0,1.2900006e-05
25S03154141,Prevotella_copri_clade_G,0.0,1.0400005e-05
25S03154141,Streptococcus_gordonii,0.0,9.6000048e-06
25S03154141,Gemella_haemolysans,0.0,8.8000044e-06
25S03154141,Lancefieldella_parvula,0.0,7.4000037e-06
25S03154141,Gemella_SGB47116,0.0,5.7000029e-06
25S03154141,Prevotella_SGB1680,0.0,4.9000025e-06
25S03154141,Mogibacterium_sp_BX12,0.0,4.000002e-06
25S03154141,Solobacterium_SGB6833,0.0,3.8000019e-06
25S03154141,Mogibacterium_diversum,0.0,3.4000017e-06
25S03154141,Collinsella_SGB47280,0.0,2.9000015e-06
25S03154141,Kluyvera_SGB71764,0.0,2.7000014e-06
25S03154141,Holdemanella_porci,0.0,1.7000009e-06
25S03154141,Actinomyces_SGB17132,0.0,9.0000045e-07
25S03154141,Actinomyces_sp_ICM58,0.0,4.000002e-07
25S03154141,Intestinibacillus_sp_Marseille_P6563,0.0,4.000002e-07
25S03154141,Neobittarella_massiliensis,0.0,3.0000015e-07
25S03154141,Candidatus_Pararuminococcus_gallinarum,0.0,2.000001e-07
25S03154141,GGB12785_SGB19823,0.0,2.000001e-07
25S03154143,Prevotella_copri_clade_A,0.30016293,0.11376603
25S03154143,Prevotella_copri_clade_C,0.094396609,0.03276888
25S03154143,Eubacterium_rectale,0.079470508,0.12640242
25S03154143,Dialister_hominis,0.078192608,0.021407787
25S03154143,Bifidobacterium_adolescentis,0.053234905,0.19750718
25S03154143,GGB51647_SGB4348,0.040126004,0.03348218
25S03154143,Phocaeicola_vulgatus,0.021474102,0.0081128951
25S03154143,Prevotella_sp_885,0.018339402,0.0051977969
25S03154143,Staphylococcus_SGB6340,0.014542501,0.014647291
25S03154143,Gemmiger_formicilis,0.014169201,0.017705089
25S03154143,Blautia_wexlerae,0.010882701,0.017907589
25S03154143,Parasutterella_excrementihominis,0.010280801,0.0026384984
25S03154143,Roseburia_inulinivorans,0.010032601,0.0076536954
25S03154143,GGB3277_SGB4327,0.0087744009,0.019024689
25S03154143,Lachnospira_eligens,0.0085219009,0.0091656945
25S03154143,Blautia_obeum,0.0082676008,0.020706188
25S03154143,Clostridium_sp_1001270H_150608_G6,0.0080596008,0.0075990954
25S03154143,Butyricimonas_SGB15260,0.0078529008,0.003264698
25S03154143,Faecalibacterium_prausnitzii,0.0077965008,0.0048389971
25S03154143,Lachnospira_pectinoschiza,0.0072289007,0.0045987972
25S03154143,Oscillibacter_sp_ER4,0.0067923007,0.0025514985
25S03154143,Roseburia_faecis,0.0057152006,0.0075183955
25S03154143,Clostridium_fessum,0.0051528005,0.0034339979
25S03154143,Mesosutterella_multiformis,0.0051238005,0.0012213993
25S03154143,Ruminococcus_callidus,0.0049763005,0.012630392
25S03154143,GGB3304_SGB4367,0.0048126005,0.0012547992
25S03154143,GGB9813_SGB15447,0.0047364005,0.0017507989
25S03154143,GGB80011_SGB15265,0.0047225005,0.0020684988
25S03154143,Clostridium_sp_AM22_11AC,0.0044432004,0.0025531985
25S03154143,Ruminococcus_torques,0.0042177004,0.0097052942
25S03154143,Agathobaculum_butyriciproducens,0.0038346004,0.0043615974
25S03154143,Lacrimispora_amygdalina,0.0037970004,0.001749999
25S03154143,Bacteroides_uniformis,0.0036137004,0.0011518993
25S03154143,Clostridiales_bacterium_KLE1615,0.0035456004,0.0056058966
25S03154143,Coprococcus_sp_OM04_5BH,0.0035247004,0.0059246964
25S03154143,Parabacteroides_merdae,0.0034263003,0.0011576993
25S03154143,Candidatus_Cibionibacter_quicibialis,0.0031583003,0.0038684977
25S03154143,Coprococcus_eutactus,0.0030101003,0.0094474943
25S03154143,GGB4644_SGB6428,0.0029423003,0.0047701971
25S03154143,Dorea_longicatena,0.0028094003,0.027093984
25S03154143,GGB9635_SGB15106,0.0028050003,0.0010157994
25S03154143,Bifidobacterium_bifidum,0.0027090003,0.047592771
25S03154143,Dysosmobacter_sp_BX15,0.0027081003,0.00090699946
25S03154143,Waltera_intestinalis,0.0026767003,0.0015332991
25S03154143,Collinsella_aerofaciens,0.0026363003,0.011176293
25S03154143,Clostridium_sp_AF34_10BH,0.0026079003,0.0013691992
25S03154143,Lachnospira_sp_NSJ_43,0.0024919002,0.0018892989
25S03154143,Eubacterium_ramulus,0.0024327002,0.0052973968
25S03154143,GGB4578_SGB6328,0.0023481002,0.0036557978
25S03154143,Ruminococcus_lactaris,0.0023379002,0.0080891951
25S03154143,Bacteroides_caccae,0.0023186002,0.00077189954
25S03154143,Anaerotignum_faecicola,0.0022769002,0.00085059949
25S03154143,Bacteroides_xylanisolvens,0.0022473002,0.00063839962
25S03154143,Clostridiaceae_bacterium,0.0022293002,0.003346298
25S03154143,Faecalibacillus_intestinalis,0.0022099002,0.0025996984
25S03154143,Blautia_faecis,0.0021866002,0.017827789
25S03154143,Dorea_formicigenerans,0.0021013002,0.0079583952
25S03154143,GGB9707_SGB15229,0.0020746002,0.00063739962
25S03154143,Acidaminococcus_massiliensis,0.0020134002,0.0011148993
25S03154143,Ruthenibacterium_lactatiformans,0.0018773002,0.0013137992
25S03154143,Oscillospiraceae_unclassified_SGB15252,0.0018380002,0.00074909955
25S03154143,Vescimonas_coprocola,0.0017793002,0.0041804975
25S03154143,Coprobacillus_cateniformis,0.0016736002,0.0031439981
25S03154143,Parabacteroides_distasonis,0.0016043002,0.00047669971
25S03154143,Ruminococcus_sp_NSJ_13,0.0015772002,0.0090035946
25S03154143,Coprococcus_catus,0.0015497002,0.0046754972
25S03154143,GGB3746_SGB5089,0.0015226002,0.001655899
25S03154143,Eubacterium_ventriosum,0.0014957001,0.003413398
25S03154143,Fusicatenibacter_saccharivorans,0.0014844001,0.0065275961
25S03154143,Ruminococcus_bicirculans,0.0014515001,0.0045771973
25S03154143,Faecalibacterium_SGB15346,0.0014259001,0.00073579956
25S03154143,Desulfovibrio_SGB5077,0.0013993001,0.0015773991
25S03154143,Anaerobutyricum_hallii,0.0013851001,0.00052769968
25S03154143,Lachnospiraceae_bacterium_AM48_27BH,0.0013849001,0.00048549971
25S03154143,Dysosmobacter_welbionis,0.0013845001,0.0005051997
25S03154143,GGB9614_SGB15049,0.0012741001,0.00040599976
25S03154143,Alistipes_shahii,0.0012740001,0.00028039983
25S03154143,Eubacterium_SGB6276,0.0012183001,0.00056679966
25S03154143,Bilophila_wadsworthia,0.0012056001,0.00051989969
25S03154143,GGB79734_SGB15291,0.0011210001,0.0039646976
25S03154143,Clostridium_SGB4750,0.0010671001,0.00060869963
25S03154143,GGB9760_SGB15374,0.0010634001,0.00039619976
25S03154143,Blautia_stercoris,0.0010575001,0.0012057993
25S03154143,Bacteroides_ovatus,0.0010511001,0.0003383998
25S03154143,Odoribacter_splanchnicus,0.0010342001,0.00034629979
25S03154143,Formosa_SGB1638,0.0010054001,0.0006695996
25S03154143,Faecalicatena_fissicatena,0.0009954001,0.0024629985
25S03154143,Roseburia_sp_AM23_20,0.0009652001,0.0017732989
25S03154143,GGB3612_SGB4882,0.00092480009,0.00061259963
25S03154143,Clostridiaceae_bacterium_AF18_31LB,0.00092040009,0.00096719942
25S03154143,GGB9699_SGB15216,0.00086470009,0.00036969978
25S03154143,GGB9708_SGB15233,0.00084770008,0.00031279981
25S03154143,Anaerostipes_hadrus,0.00084590008,0.0014863991
25S03154143,Phascolarctobacterium_faecium,0.00084470008,0.00041499975
25S03154143,Phocaeicola_massiliensis,0.00084230008,0.00025409985
25S03154143,Bacteroides_clarus,0.00079010008,0.00024169985
25S03154143,Escherichia_coli,0.00077500008,0.00041889975
25S03154143,Collinsella_SGB4121,0.00075580008,0.00085639949
25S03154143,Clostridium_sp_AF20_17LB,0.00071630007,0.00028889983
25S03154143,GGB9758_SGB15368,0.00069020007,0.00029929982
25S03154143,Clostridium_SGB4751,0.00068690007,0.00040149976
25S03154143,Clostridium_sp_OM07_10AC,0.00068280007,0.0010127994
25S03154143,Blautia_massiliensis,0.00067330007,0.0038112977
25S03154143,GGB2998_SGB3988,0.00064000006,0.00037499978
25S03154143,Bacteroides_thetaiotaomicron,0.00061310006,0.0001732999
25S03154143,Roseburia_sp_AM16_25,0.00060650006,0.00071189957
25S03154143,Lachnospiraceae_bacterium,0.00053660005,0.0018243989
25S03154143,Clostridiaceae_bacterium_Marseille_Q4149,0.00053170005,0.0005065997
25S03154143,Blautia_faecicola,0.00049790005,0.0014268991
25S03154143,Clostridiales_bacterium,0.00046010005,0.00024979985
25S03154143,Alistipes_communis,0.00043710004,8.7199948e-05
25S03154143,Clostridium_sp_AF27_2AA,0.00042420004,0.0001600999
25S03154143,Clostridium_sp_AM33_3,0.00041670004,0.00022969986
25S03154143,Hydrogenoanaerobacterium_saccharovorans,0.00040310004,0.00018649989
25S03154143,GGB9760_SGB15373,0.00038770004,0.00026369984
25S03154143,Hydrogeniiclostidium_mannosilyticum,0.00033540003,0.00024509985
25S03154143,Anaerobutyricum_soehngenii,0.00032240003,6.8099959e-05
25S03154143,Firmicutes_bacterium_AF16_15,0.00032070003,0.0005016997
25S03154143,Lachnospiraceae_bacterium_Marseille_Q4251,0.00031960003,0.0005063997
25S03154143,Fusobacterium_mortiferum,0.00031140003,0.00011589993
25S03154143,Bifidobacterium_pseudocatenulatum,0.00030700003,0.0052674968
25S03154143,Holdemania_massiliensis,0.00029770003,7.9299952e-05
25S03154143,GGB3363_SGB4447,0.00026870003,0.00014029992
25S03154143,Bifidobacterium_longum,0.00026630003,0.001707399
25S03154143,Bacteroides_cellulosilyticus,0.00026220003,7.6999954e-05
25S03154143,GGB51441_SGB71759,0.00025990003,0.00048229971
25S03154143,Flavonifractor_plautii,0.00025700003,0.0001591999
25S03154143,Alistipes_onderdonkii,0.00024670002,4.4599973e-05
25S03154143,GGB3828_SGB5197,0.00023930002,8.6099948e-05
25S03154143,Clostridiales_Family_XIII_bacterium_BX16,0.00023900002,0.0019342988
25S03154143,GGB9621_SGB15073,0.00023780002,0.00010709994
25S03154143,Rheinheimera_SGB14999,0.00022940002,0.00012799992
25S03154143,Blautia_luti,0.00021970002,0.00049119971
25S03154143,GGB2653_SGB3574,0.00020740002,0.00073319956
25S03154143,Alistipes_indistinctus,0.00019430002,5.8399965e-05
25S03154143,Lawsonibacter_asaccharolyticus,0.00018470002,5.9299964e-05
25S03154143,GGB9747_SGB15355,0.00016600002,3.7399978e-05
25S03154143,Sellimonas_intestinalis,0.00016380002,0.00084619949
25S03154143,Mogibacterium_sp_BX12,0.00016130002,0.0010198994
25S03154143,Clostridium_leptum,0.00015410002,0.00015429991
25S03154143,Collinsella_SGB14861,0.00014920001,0.00014499991
25S03154143,GGB52130_SGB14966,0.00014830001,4.5399973e-05
25S03154143,Eubacteriaceae_bacterium,0.00014220001,0.00034329979
25S03154143,Bacteroides_finegoldii,0.00013640001,4.4699973e-05
25S03154143,Lachnospiraceae_bacterium_OM04_12BH,0.00013370001,5.0899969e-05
25S03154143,Blautia_SGB4815,0.00012930001,0.00049079971
25S03154143,Dysosmobacter_sp_NSJ_60,0.00012660001,5.8199965e-05
25S03154143,Faecalitalea_cylindroides,0.00012640001,0.00090669946
25S03154143,Butyricimonas_paravirosa,0.00011880001,3.0899981e-05
25S03154143,Clostridia_bacterium_UC5_1_1D1,0.00011810001,6.4799961e-05
25S03154143,Ruminococcaceae_bacterium_AM28_23LB,0.00011670001,0.0001593999
25S03154143,GGB2980_SGB3962,0.00011660001,0.00057599965
25S03154143,Clostridium_sp_AM42_4,0.00011230001,6.669996e-05
25S03154143,Roseburia_hominis,0.00011060001,0.00023779986
25S03154143,Sanguibacter_SGB15121,0.00011000001,0.00063179962
25S03154143,Oscillospiraceae_unclassified_SGB15256,0.00010060001,4.0399976e-05
25S03154143,Methanobrevibacter_smithii,0.00010030001,0.00027999983
25S03154143,Bacteroides_intestinalis,0.00010010001,3.0399982e-05
25S03154143,Candidatus_Allochristensenella_caecavium,9.670001e-05,0.00013649992
25S03154143,GGB9713_SGB15249,9.0100009e-05,2.4199985e-05
25S03154143,Streptococcus_australis,8.9500009e-05,0.00061599963
25S03154143,Butyricimonas_virosa,8.6700009e-05,2.2499987e-05
25S03154143,Lachnospiraceae_bacterium_OF09_6,8.6400009e-05,0.00072589956
25S03154143,Alistipes_sp_AF17_16,8.5200009e-05,1.8999989e-05
25S03154143,Romboutsia_timonensis,8.2800008e-05,0.0025873984
25S03154143,GGB9453_SGB14845,8.0400008e-05,3.7099978e-05
25S03154143,Mediterraneibacter_butyricigenes,7.5500008e-05,0.00043349974
25S03154143,Alistipes_putredinis,7.5400008e-05,1.739999e-05
25S03154143,Ruminococcus_sp_AF13_28,7.4600007e-05,0.0001596999
25S03154143,Pseudoflavonifractor_gallinarum,7.4300007e-05,5.7499966e-05
25S03154143,Eubacterium_sp_NSJ_61,7.4100007e-05,8.5599949e-05
25S03154143,Enterocloster_aldenensis,7.0900007e-05,2.3799986e-05
25S03154143,Amedibacterium_intestinale,6.8000007e-05,9.0899945e-05
25S03154143,Dielma_fastidiosa,6.5900007e-05,3.4199979e-05
25S03154143,Bacteroides_salyersiae,6.5500007e-05,1.2799992e-05
25S03154143,Clostridium_sp_AF32_12BH,6.5500007e-05,3.1299981e-05
25S03154143,GGB9619_SGB15067,6.2500006e-05,1.599999e-05
25S03154143,Ruminococcus_gnavus,5.9700006e-05,0.00028049983
25S03154143,GGB9719_SGB15272,5.3900005e-05,8.6999948e-05
25S03154143,Lachnospiraceae_bacterium_NSJ_46,5.3400005e-05,0.00056339966
25S03154143,Streptococcus_rubneri,5.3200005e-05,0.00024859985
25S03154143,Intestinimonas_butyriciproducens,5.1800005e-05,4.2999974e-06
25S03154143,Blautia_glucerasea,5.1600005e-05,0.00022489987
25S03154143,Akkermansia_muciniphila,4.7000005e-05,1.3099992e-05
25S03154143,GGB79973_SGB14341,4.6900005e-05,0.00019859988
25S03154143,GGB3817_SGB5182,4.6000005e-05,2.0399988e-05
25S03154143,Bacteroides_nordii,4.3400004e-05,1.0399994e-05
25S03154143,Christensenella_intestinihominis,3.9200004e-05,3.7099978e-05
25S03154143,Lachnospiraceae_bacterium_BX3,3.8300004e-05,5.2699968e-05
25S03154143,Faecalibacillus_faecis,3.7700004e-05,6.629996e-05
25S03154143,Streptococcus_mitis,3.5300004e-05,0.00012159993
25S03154143,Christensenellaceae_bacterium_NSJ_63,3.2300003e-05,4.8499971e-05
25S03154143,GGB9534_SGB14937,3.2200003e-05,2.6899984e-05
25S03154143,GGB9186_SGB14125,3.0600003e-05,1.8799989e-05
25S03154143,Weissella_confusa,3.0200003e-05,0.00024929985
25S03154143,Neisseria_subflava,3.0000003e-05,8.7999947e-06
25S03154143,Eggerthella_lenta,2.9800003e-05,8.0999951e-05
25S03154143,Haemophilus_parainfluenzae,2.8800003e-05,7.4999955e-06
25S03154143,GGB9724_SGB15278,2.6000003e-05,0.0
25S03154143,Lacrimispora_saccharolytica,2.5500003e-05,1.679999e-05
25S03154143,GGB9237_SGB14179,2.4100002e-05,2.3699986e-05
25S03154143,Alistipes_finegoldii,2.3900002e-05,0.0
25S03154143,Intestinibacillus_sp_Marseille_P6563,2.3600002e-05,1.4099992e-05
25S03154143,Negativibacillus_massiliensis,2.1700002e-05,0.0001607999
25S03154143,Enterocloster_bolteae,2.0800002e-05,4.999997e-07
25S03154143,Clostridium_butyricum,2.0200002e-05,5.3099968e-05
25S03154143,Enterocloster_citroniae,1.9400002e-05,2.2999986e-06
25S03154143,Clostridiaceae_unclassified_SGB4747,1.9000002e-05,2.6999984e-06
25S03154143,Bacteroides_eggerthii,1.8800002e-05,6.599996e-06
25S03154143,Massiliimalia_massiliensis,1.8200002e-05,3.6199978e-05
25S03154143,GGB2848_SGB3813,1.7900002e-05,1.0399994e-05
25S03154143,Christensenella_minuta,1.7600002e-05,4.1799975e-05
25S03154143,Ruminococcus_sp_AF41_9,1.7400002e-05,2.4199985e-05
25S03154143,Hungatella_hathewayi,1.6900002e-05,1.5099991e-05
25S03154143,Porphyromonas_uenonis,1.6800002e-05,1.1199993e-05
25S03154143,Cloacibacillus_porcorum,1.4900001e-05,2.1299987e-05
25S03154143,Roseburia_sp_AF02_12,1.4700001e-05,1.2999992e-05
25S03154143,Adlercreutzia_equolifaciens,1.4200001e-05,6.5099961e-05
25S03154143,Clostridiales_bacterium_NSJ_32,1.4200001e-05,7.2999956e-06
25S03154143,Clostridium_sp_AT4,1.4000001e-05,1.4999991e-06
25S03154143,Parabacteroides_goldsteinii,1.3900001e-05,0.0
25S03154143,GGB34228_SGB53814,1.3200001e-05,5.9999964e-07
25S03154143,GGB3619_SGB4894,1.2800001e-05,0.0
25S03154143,GGB4684_SGB6478,1.2700001e-05,8.5999948e-06
25S03154143,Anaerotruncus_colihominis,1.2100001e-05,0.0
25S03154143,GGB9646_SGB15123,1.2100001e-05,0.0
25S03154143,Anaerococcus_SGB15407,1.1900001e-05,1.1299993e-05
25S03154143,TM7_phylum_sp_oral_taxon_348,1.1600001e-05,2.5899984e-05
25S03154143,Candidatus_Nanosynsacchari_sp_TM7_ANC_38_39_G1_1,1.1500001e-05,1.5199991e-05
25S03154143,Bittarella_massiliensis,1.1400001e-05,8.399995e-06
25S03154143,Neobittarella_massiliensis,1.1200001e-05,1.1799993e-05
25S03154143,Pseudoflavonifractor_capillosus,1.1100001e-05,4.999997e-07
25S03154143,GGB3491_SGB4665,1.1000001e-05,3.4699979e-05
25S03154143,Phocea_massiliensis,9.2000009e-06,2.3299986e-05
25S03154143,Desulfovibrio_fairfieldensis,8.4000008e-06,3.399998e-06
25S03154143,GGB9561_SGB14972,8.3000008e-06,6.9999958e-05
25S03154143,Gordonibacter_sp_28C,8.1000008e-06,1.679999e-05
25S03154143,Christensenella_hongkongensis,7.8000008e-06,6.0999963e-06
25S03154143,Veillonella_rogosae,7.5000008e-06,0.0
25S03154143,Enterocloster_clostridioformis,7.3000007e-06,1.4999991e-06
25S03154143,Pyramidobacter_piscolens,7.2000007e-06,0.0
25S03154143,TM7_phylum_sp_oral_taxon_352,6.2000006e-06,1.749999e-05
25S03154143,Actinomyces_sp_ICM47,5.9000006e-06,6.699996e-06
25S03154143,GGB9296_SGB14253,5.7000006e-06,1.1599993e-05
25S03154143,Candidatus_Schneewindia_gallinarum,5.6000006e-06,4.0999975e-06
25S03154143,Angelakisella_massiliensis,5.4000005e-06,1.1999993e-06
25S03154143,Candidatus_Pararuminococcus_gallinarum,5.2000005e-06,1.9099989e-05
25S03154143,Enterococcus_cecorum,4.7000005e-06,3.6999978e-06
25S03154143,Raoultibacter_timonensis,4.5000005e-06,2.1199987e-05
25S03154143,Rothia_mucilaginosa,4.1000004e-06,8.4399949e-05
25S03154143,Eggerthella_guodeyinii,4.0000004e-06,0.0
25S03154143,Clostridium_sp_Marseille_P3244,3.8000004e-06,5.2999968e-06
25S03154143,Granulicatella_SGB8255,3.5000004e-06,1.9099989e-05
25S03154143,Anaerofustis_stercorihominis,2.7000003e-06,1.699999e-05
25S03154143,Candidatus_Pseudoruminococcus_merdavium,2.7000003e-06,3.1899981e-05
25S03154143,Coprobacillus_sp_AF33_1AC,2.6000003e-06,3.5999978e-05
25S03154143,Eisenbergiella_massiliensis,2.6000003e-06,0.0
25S03154143,Lachnospiraceae_bacterium_NSJ_29,2.6000003e-06,5.1099969e-05
25S03154143,Lachnoclostridium_sp_An131,2.5000003e-06,5.6999966e-06
25S03154143,Phocaeicola_plebeius,2.5000003e-06,4.6999972e-06
25S03154143,Veillonella_parvula,2.5000003e-06,0.0
25S03154143,Blautia_caecimuris,2.4000002e-06,0.0
25S03154143,GGB9559_SGB14969,2.4000002e-06,9.2999944e-06
25S03154143,Streptococcus_infantis,1.9000002e-06,1.8599989e-05
25S03154143,Prevotella_buccalis,1.8000002e-06,7.6999954e-06
25S03154143,GGB74403_SGB53807,1.7000002e-06,0.0
25S03154143,Clostridium_sp_AF12_28,1.6000002e-06,0.0
25S03154143,Candidatus_Alloruminococcus_vanvlietii,1.5000002e-06,0.0
25S03154143,Streptococcus_oralis,1.5000002e-06,1.8499989e-05
25S03154143,Prevotella_copri_clade_G,8.0000008e-07,2.7999983e-06
25S03154143,Bifidobacterium_animalis,7.0000007e-07,0.00010259994
25S03154143,Mediterraneibacter_glycyrrhizinilyticus,4.0000004e-07,1.2799992e-05
25S03154143,Parasutterella_SGB9260,4.0000004e-07,0.0
25S03154143,Streptococcus_thermophilus,0.0,0.00019109989
25S03154143,Gemella_morbillorum,0.0,4.2999974e-05
25S03154143,Anaerococcus_obesiensis,0.0,2.5499985e-05
25S03154143,Streptococcus_vestibularis,0.0,2.2999986e-05
25S03154143,Streptococcus_salivarius,0.0,1.3899992e-05
25S03154143,Streptococcus_anginosus,0.0,1.3599992e-05
25S03154143,Actinomyces_sp_ICM58,0.0,1.1099993e-05
25S03154143,Streptococcus_constellatus,0.0,1.1099993e-05
25S03154143,Eubacterium_sulci,0.0,1.0299994e-05
25S03154143,Bacteroides_SGB14754,0.0,8.0999951e-06
25S03154143,Eubacterium_maltosivorans,0.0,7.7999953e-06
25S03154143,Intestinibacter_bartlettii,0.0,6.7999959e-06
25S03154143,GGB3653_SGB4964,0.0,6.699996e-06
25S03154143,Actinomyces_SGB17168,0.0,5.7999965e-06
25S03154143,Leuconostoc_lactis,0.0,5.6999966e-06
25S03154143,Corynebacterium_durum,0.0,5.5999966e-06
25S03154143,Enterococcus_faecalis,0.0,5.3999968e-06
25S03154143,Streptococcus_cristatus,0.0,5.2999968e-06
25S03154143,Lacrimispora_celerecrescens,0.0,5.1999969e-06
25S03154143,Ruminococcus_bromii,0.0,5.1999969e-06
25S03154143,Streptococcus_equinus,0.0,3.8999977e-06
25S03154143,Streptococcus_sanguinis,0.0,3.5999978e-06
25S03154143,Gemella_haemolysans,0.0,3.4999979e-06
25S03154143,Actinomyces_SGB17132,0.0,2.7999983e-06
25S03154143,Solobacterium_SGB6834,0.0,2.6999984e-06
25S03154143,Peptoniphilus_lacrimalis,0.0,2.5999984e-06
25S03154143,Abiotrophia_sp_HMSC24B09,0.0,2.1999987e-06
25S03154143,Bifidobacterium_catenulatum,0.0,2.1999987e-06
25S03154143,Blautia_sp_Marseille_P3087,0.0,1.9999988e-06
25S03154143,Lancefieldella_rimae,0.0,1.8999989e-06
25S03154143,Ligilactobacillus_SGB15290,0.0,1.8999989e-06
25S03154143,Granulicatella_adiacens,0.0,1.1999993e-06
25S03154143,TM7_phylum_sp_oral_taxon_349,0.0,1.1999993e-06
25S03154143,Christensenella_timonensis,0.0,1.0999993e-06
25S03154143,Lactococcus_lactis,0.0,1.0999993e-06
25S03154143,GGB3453_SGB4607,0.0,9.999994e-07
25S03154143,Streptococcus_SGB14888,0.0,9.999994e-07
25S03154143,Turicibacter_bilis,0.0,9.999994e-07
25S03154143,GGB9434_SGB14812,0.0,4.999997e-07
25S03154143,Collinsella_SGB53890,0.0,3.9999976e-07
25S03154143,GGB47956_SGB65946,0.0,3.9999976e-07
