genome,secondary_cluster,threshold,cluster_method,comparison_algorithm,primary_cluster
flye_4143_SemiBin_260.fa,1_1,0.050000000000000044,average,fastANI,1
flye_nextpolish_4143_SemiBin_249.fa,1_1,0.050000000000000044,average,fastANI,1
hybridspades_4143_SemiBin_36.fa,1_1,0.050000000000000044,average,fastANI,1
metamdbg_4143_SemiBin_25.fa,1_1,0.050000000000000044,average,fastANI,1
metamdbg_nextpolish_4143_SemiBin_43.fa,1_1,0.050000000000000044,average,fastANI,1
myloasm_4143_SemiBin_66.fa,1_1,0.050000000000000044,average,fastANI,1
myloasm_nextpolish_4143_SemiBin_67.fa,1_1,0.050000000000000044,average,fastANI,1
opera_ms_4143_SemiBin_4.fa,1_1,0.050000000000000044,average,fastANI,1
flye_8373_SemiBin_385.fa,2_1,0.050000000000000044,average,fastANI,2
flye_nextpolish_8373_SemiBin_404.fa,2_1,0.050000000000000044,average,fastANI,2
hybridspades_8373_SemiBin_35.fa,2_1,0.050000000000000044,average,fastANI,2
metamdbg_8373_SemiBin_95.fa,2_1,0.050000000000000044,average,fastANI,2
metamdbg_nextpolish_8373_SemiBin_22.fa,2_1,0.050000000000000044,average,fastANI,2
myloasm_8373_SemiBin_134.fa,2_1,0.050000000000000044,average,fastANI,2
myloasm_nextpolish_8373_SemiBin_139.fa,2_1,0.050000000000000044,average,fastANI,2
opera_ms_8373_SemiBin_8.fa,2_1,0.050000000000000044,average,fastANI,2
hybridspades_8373_SemiBin_113.fa,3_1,0.050000000000000044,average,fastANI,3
myloasm_nextpolish_4143_SemiBin_6.fa,3_1,0.050000000000000044,average,fastANI,3
myloasm_nextpolish_8373_SemiBin_208.fa,3_1,0.050000000000000044,average,fastANI,3
opera_ms_8373_SemiBin_126.fa,3_1,0.050000000000000044,average,fastANI,3
flye_8915_SemiBin_146.fa,4_1,0.050000000000000044,average,fastANI,4
flye_nextpolish_8915_SemiBin_60.fa,4_1,0.050000000000000044,average,fastANI,4
hybridspades_8915_SemiBin_93.fa,4_1,0.050000000000000044,average,fastANI,4
metamdbg_8915_SemiBin_396.fa,4_1,0.050000000000000044,average,fastANI,4
metamdbg_nextpolish_8915_SemiBin_408.fa,4_1,0.050000000000000044,average,fastANI,4
myloasm_8915_SemiBin_149.fa,4_1,0.050000000000000044,average,fastANI,4
myloasm_nextpolish_8915_SemiBin_170.fa,4_1,0.050000000000000044,average,fastANI,4
opera_ms_8915_SemiBin_9.fa,4_1,0.050000000000000044,average,fastANI,4
flye_8373_SemiBin_137.fa,5_1,0.050000000000000044,average,fastANI,5
flye_nextpolish_8373_SemiBin_136.fa,5_1,0.050000000000000044,average,fastANI,5
hybridspades_8373_SemiBin_141.fa,5_1,0.050000000000000044,average,fastANI,5
metamdbg_8373_SemiBin_36.fa,5_1,0.050000000000000044,average,fastANI,5
metamdbg_nextpolish_8373_SemiBin_4.fa,5_1,0.050000000000000044,average,fastANI,5
myloasm_8373_SemiBin_96.fa,5_1,0.050000000000000044,average,fastANI,5
myloasm_nextpolish_8373_SemiBin_92.fa,5_1,0.050000000000000044,average,fastANI,5
opera_ms_8373_SemiBin_91.fa,5_1,0.050000000000000044,average,fastANI,5
flye_nextpolish_8373_SemiBin_146.fa,6_1,0.050000000000000044,average,fastANI,6
myloasm_8373_SemiBin_49.fa,6_1,0.050000000000000044,average,fastANI,6
myloasm_nextpolish_8373_SemiBin_2.fa,6_1,0.050000000000000044,average,fastANI,6
metamdbg_nextpolish_8915_SemiBin_38.fa,7_0,0.050000000000000044,average,fastANI,7
flye_8366_SemiBin_45.fa,8_1,0.050000000000000044,average,fastANI,8
flye_nextpolish_8366_SemiBin_12.fa,8_1,0.050000000000000044,average,fastANI,8
hybridspades_8366_SemiBin_80.fa,8_1,0.050000000000000044,average,fastANI,8
hybridspades_8373_SemiBin_44.fa,8_1,0.050000000000000044,average,fastANI,8
metamdbg_8366_SemiBin_263.fa,8_1,0.050000000000000044,average,fastANI,8
metamdbg_8373_SemiBin_241.fa,8_1,0.050000000000000044,average,fastANI,8
metamdbg_nextpolish_8366_SemiBin_270.fa,8_1,0.050000000000000044,average,fastANI,8
metamdbg_nextpolish_8373_SemiBin_268.fa,8_1,0.050000000000000044,average,fastANI,8
myloasm_8366_SemiBin_139.fa,8_1,0.050000000000000044,average,fastANI,8
myloasm_8373_SemiBin_119.fa,8_1,0.050000000000000044,average,fastANI,8
myloasm_nextpolish_8373_SemiBin_116.fa,8_1,0.050000000000000044,average,fastANI,8
opera_ms_8366_SemiBin_17.fa,8_1,0.050000000000000044,average,fastANI,8
opera_ms_8373_SemiBin_33.fa,8_1,0.050000000000000044,average,fastANI,8
flye_8366_SemiBin_70.fa,9_1,0.050000000000000044,average,fastANI,9
flye_8915_SemiBin_8.fa,9_1,0.050000000000000044,average,fastANI,9
flye_nextpolish_8366_SemiBin_13.fa,9_1,0.050000000000000044,average,fastANI,9
flye_nextpolish_8915_SemiBin_57.fa,9_1,0.050000000000000044,average,fastANI,9
hybridspades_8366_SemiBin_213.fa,9_1,0.050000000000000044,average,fastANI,9
metamdbg_8366_SemiBin_75.fa,9_1,0.050000000000000044,average,fastANI,9
metamdbg_8915_SemiBin_66.fa,9_1,0.050000000000000044,average,fastANI,9
metamdbg_nextpolish_8366_SemiBin_100.fa,9_1,0.050000000000000044,average,fastANI,9
metamdbg_nextpolish_8915_SemiBin_126.fa,9_1,0.050000000000000044,average,fastANI,9
myloasm_8366_SemiBin_156.fa,9_1,0.050000000000000044,average,fastANI,9
myloasm_8915_SemiBin_131.fa,9_1,0.050000000000000044,average,fastANI,9
myloasm_nextpolish_8366_SemiBin_157.fa,9_1,0.050000000000000044,average,fastANI,9
myloasm_nextpolish_8915_SemiBin_147.fa,9_1,0.050000000000000044,average,fastANI,9
flye_8915_SemiBin_94.fa,10_1,0.050000000000000044,average,fastANI,10
flye_nextpolish_8915_SemiBin_33.fa,10_1,0.050000000000000044,average,fastANI,10
hybridspades_8915_SemiBin_112.fa,10_1,0.050000000000000044,average,fastANI,10
metamdbg_8915_SemiBin_77.fa,10_1,0.050000000000000044,average,fastANI,10
metamdbg_nextpolish_8915_SemiBin_61.fa,10_1,0.050000000000000044,average,fastANI,10
myloasm_8915_SemiBin_101.fa,10_1,0.050000000000000044,average,fastANI,10
myloasm_nextpolish_8373_SemiBin_79.fa,10_1,0.050000000000000044,average,fastANI,10
myloasm_nextpolish_8915_SemiBin_97.fa,10_1,0.050000000000000044,average,fastANI,10
opera_ms_8915_SemiBin_96.fa,10_1,0.050000000000000044,average,fastANI,10
flye_8915_SemiBin_161.fa,11_1,0.050000000000000044,average,fastANI,11
flye_nextpolish_8915_SemiBin_11.fa,11_1,0.050000000000000044,average,fastANI,11
hybridspades_8915_SemiBin_70.fa,11_1,0.050000000000000044,average,fastANI,11
metamdbg_8915_SemiBin_9.fa,11_1,0.050000000000000044,average,fastANI,11
metamdbg_nextpolish_8915_SemiBin_107.fa,11_1,0.050000000000000044,average,fastANI,11
myloasm_8915_SemiBin_24.fa,11_1,0.050000000000000044,average,fastANI,11
myloasm_nextpolish_8915_SemiBin_50.fa,11_1,0.050000000000000044,average,fastANI,11
opera_ms_8915_SemiBin_79.fa,11_1,0.050000000000000044,average,fastANI,11
flye_8366_SemiBin_51.fa,12_1,0.050000000000000044,average,fastANI,12
flye_nextpolish_8366_SemiBin_2.fa,12_1,0.050000000000000044,average,fastANI,12
hybridspades_8366_SemiBin_162.fa,12_1,0.050000000000000044,average,fastANI,12
metamdbg_8366_SemiBin_19.fa,12_1,0.050000000000000044,average,fastANI,12
metamdbg_nextpolish_8366_SemiBin_8.fa,12_1,0.050000000000000044,average,fastANI,12
opera_ms_8366_SemiBin_97.fa,12_1,0.050000000000000044,average,fastANI,12
myloasm_nextpolish_8373_SemiBin_137.fa,13_0,0.050000000000000044,average,fastANI,13
flye_4143_SemiBin_25.fa,14_1,0.050000000000000044,average,fastANI,14
flye_8366_SemiBin_323.fa,14_1,0.050000000000000044,average,fastANI,14
flye_8915_SemiBin_321.fa,14_1,0.050000000000000044,average,fastANI,14
flye_nextpolish_4143_SemiBin_25.fa,14_1,0.050000000000000044,average,fastANI,14
flye_nextpolish_8366_SemiBin_347.fa,14_1,0.050000000000000044,average,fastANI,14
flye_nextpolish_8373_SemiBin_93.fa,14_1,0.050000000000000044,average,fastANI,14
flye_nextpolish_8915_SemiBin_332.fa,14_1,0.050000000000000044,average,fastANI,14
hybridspades_4143_SemiBin_73.fa,14_1,0.050000000000000044,average,fastANI,14
hybridspades_8366_SemiBin_45.fa,14_1,0.050000000000000044,average,fastANI,14
hybridspades_8915_SemiBin_59.fa,14_1,0.050000000000000044,average,fastANI,14
metamdbg_4143_SemiBin_112.fa,14_1,0.050000000000000044,average,fastANI,14
metamdbg_8366_SemiBin_126.fa,14_1,0.050000000000000044,average,fastANI,14
metamdbg_8915_SemiBin_296.fa,14_1,0.050000000000000044,average,fastANI,14
metamdbg_nextpolish_4143_SemiBin_137.fa,14_1,0.050000000000000044,average,fastANI,14
metamdbg_nextpolish_8366_SemiBin_122.fa,14_1,0.050000000000000044,average,fastANI,14
metamdbg_nextpolish_8915_SemiBin_308.fa,14_1,0.050000000000000044,average,fastANI,14
myloasm_4143_SemiBin_34.fa,14_1,0.050000000000000044,average,fastANI,14
myloasm_8366_SemiBin_36.fa,14_1,0.050000000000000044,average,fastANI,14
myloasm_8373_SemiBin_75.fa,14_1,0.050000000000000044,average,fastANI,14
myloasm_nextpolish_4143_SemiBin_7.fa,14_1,0.050000000000000044,average,fastANI,14
myloasm_nextpolish_8366_SemiBin_73.fa,14_1,0.050000000000000044,average,fastANI,14
myloasm_nextpolish_8373_SemiBin_29.fa,14_1,0.050000000000000044,average,fastANI,14
opera_ms_4143_SemiBin_39.fa,14_1,0.050000000000000044,average,fastANI,14
opera_ms_8366_SemiBin_23.fa,14_1,0.050000000000000044,average,fastANI,14
opera_ms_8915_SemiBin_16.fa,14_1,0.050000000000000044,average,fastANI,14
flye_0942_SemiBin_138.fa,15_1,0.050000000000000044,average,fastANI,15
flye_4143_SemiBin_24.fa,15_1,0.050000000000000044,average,fastANI,15
flye_8366_SemiBin_300.fa,15_1,0.050000000000000044,average,fastANI,15
flye_8373_SemiBin_61.fa,15_1,0.050000000000000044,average,fastANI,15
flye_8915_SemiBin_207.fa,15_1,0.050000000000000044,average,fastANI,15
flye_nextpolish_0942_SemiBin_139.fa,15_1,0.050000000000000044,average,fastANI,15
flye_nextpolish_4143_SemiBin_21.fa,15_1,0.050000000000000044,average,fastANI,15
flye_nextpolish_8366_SemiBin_281.fa,15_1,0.050000000000000044,average,fastANI,15
flye_nextpolish_8915_SemiBin_204.fa,15_1,0.050000000000000044,average,fastANI,15
hybridspades_0942_SemiBin_31.fa,15_1,0.050000000000000044,average,fastANI,15
hybridspades_4143_SemiBin_195.fa,15_1,0.050000000000000044,average,fastANI,15
hybridspades_8366_SemiBin_34.fa,15_1,0.050000000000000044,average,fastANI,15
hybridspades_8373_SemiBin_177.fa,15_1,0.050000000000000044,average,fastANI,15
hybridspades_8915_SemiBin_136.fa,15_1,0.050000000000000044,average,fastANI,15
metamdbg_0942_SemiBin_25.fa,15_1,0.050000000000000044,average,fastANI,15
metamdbg_8366_SemiBin_123.fa,15_1,0.050000000000000044,average,fastANI,15
metamdbg_8915_SemiBin_1.fa,15_1,0.050000000000000044,average,fastANI,15
metamdbg_nextpolish_0942_SemiBin_34.fa,15_1,0.050000000000000044,average,fastANI,15
metamdbg_nextpolish_8366_SemiBin_142.fa,15_1,0.050000000000000044,average,fastANI,15
metamdbg_nextpolish_8373_SemiBin_6.fa,15_1,0.050000000000000044,average,fastANI,15
metamdbg_nextpolish_8915_SemiBin_158.fa,15_1,0.050000000000000044,average,fastANI,15
myloasm_0942_SemiBin_11.fa,15_1,0.050000000000000044,average,fastANI,15
myloasm_4143_SemiBin_27.fa,15_1,0.050000000000000044,average,fastANI,15
myloasm_8366_SemiBin_91.fa,15_1,0.050000000000000044,average,fastANI,15
myloasm_8373_SemiBin_10.fa,15_1,0.050000000000000044,average,fastANI,15
myloasm_nextpolish_0942_SemiBin_6.fa,15_1,0.050000000000000044,average,fastANI,15
myloasm_nextpolish_4143_SemiBin_45.fa,15_1,0.050000000000000044,average,fastANI,15
myloasm_nextpolish_8366_SemiBin_96.fa,15_1,0.050000000000000044,average,fastANI,15
myloasm_nextpolish_8373_SemiBin_11.fa,15_1,0.050000000000000044,average,fastANI,15
opera_ms_0942_SemiBin_19.fa,15_1,0.050000000000000044,average,fastANI,15
opera_ms_4143_SemiBin_202.fa,15_1,0.050000000000000044,average,fastANI,15
opera_ms_8366_SemiBin_2.fa,15_1,0.050000000000000044,average,fastANI,15
opera_ms_8373_SemiBin_149.fa,15_1,0.050000000000000044,average,fastANI,15
opera_ms_8915_SemiBin_91.fa,15_1,0.050000000000000044,average,fastANI,15
myloasm_nextpolish_0942_SemiBin_90.fa,16_0,0.050000000000000044,average,fastANI,16
flye_8915_SemiBin_346.fa,17_1,0.050000000000000044,average,fastANI,17
flye_nextpolish_8915_SemiBin_342.fa,17_1,0.050000000000000044,average,fastANI,17
hybridspades_8915_SemiBin_15.fa,17_1,0.050000000000000044,average,fastANI,17
metamdbg_8915_SemiBin_369.fa,17_1,0.050000000000000044,average,fastANI,17
metamdbg_nextpolish_8915_SemiBin_373.fa,17_1,0.050000000000000044,average,fastANI,17
opera_ms_8915_SemiBin_37.fa,17_1,0.050000000000000044,average,fastANI,17
flye_4143_SemiBin_95.fa,18_1,0.050000000000000044,average,fastANI,18
flye_nextpolish_4143_SemiBin_177.fa,18_1,0.050000000000000044,average,fastANI,18
metamdbg_4143_SemiBin_117.fa,18_1,0.050000000000000044,average,fastANI,18
metamdbg_nextpolish_4143_SemiBin_133.fa,18_1,0.050000000000000044,average,fastANI,18
opera_ms_4143_SemiBin_55.fa,18_1,0.050000000000000044,average,fastANI,18
flye_0942_SemiBin_99.fa,19_1,0.050000000000000044,average,fastANI,19
flye_8915_SemiBin_28.fa,19_1,0.050000000000000044,average,fastANI,19
flye_nextpolish_0942_SemiBin_109.fa,19_1,0.050000000000000044,average,fastANI,19
flye_nextpolish_8366_SemiBin_8.fa,19_1,0.050000000000000044,average,fastANI,19
flye_nextpolish_8915_SemiBin_4.fa,19_1,0.050000000000000044,average,fastANI,19
hybridspades_0942_SemiBin_44.fa,19_1,0.050000000000000044,average,fastANI,19
hybridspades_4143_SemiBin_19.fa,19_1,0.050000000000000044,average,fastANI,19
metamdbg_0942_SemiBin_209.fa,19_1,0.050000000000000044,average,fastANI,19
metamdbg_4143_SemiBin_184.fa,19_1,0.050000000000000044,average,fastANI,19
metamdbg_nextpolish_0942_SemiBin_213.fa,19_1,0.050000000000000044,average,fastANI,19
metamdbg_nextpolish_4143_SemiBin_142.fa,19_1,0.050000000000000044,average,fastANI,19
myloasm_0942_SemiBin_46.fa,19_1,0.050000000000000044,average,fastANI,19
myloasm_4143_SemiBin_36.fa,19_1,0.050000000000000044,average,fastANI,19
myloasm_nextpolish_0942_SemiBin_48.fa,19_1,0.050000000000000044,average,fastANI,19
myloasm_nextpolish_4143_SemiBin_57.fa,19_1,0.050000000000000044,average,fastANI,19
opera_ms_0942_SemiBin_1.fa,19_1,0.050000000000000044,average,fastANI,19
flye_8366_SemiBin_57.fa,20_1,0.050000000000000044,average,fastANI,20
flye_8915_SemiBin_301.fa,20_1,0.050000000000000044,average,fastANI,20
flye_nextpolish_8366_SemiBin_131.fa,20_1,0.050000000000000044,average,fastANI,20
flye_nextpolish_8915_SemiBin_158.fa,20_1,0.050000000000000044,average,fastANI,20
hybridspades_8366_SemiBin_10.fa,20_1,0.050000000000000044,average,fastANI,20
metamdbg_8366_SemiBin_165.fa,20_1,0.050000000000000044,average,fastANI,20
metamdbg_8915_SemiBin_180.fa,20_1,0.050000000000000044,average,fastANI,20
metamdbg_nextpolish_8366_SemiBin_182.fa,20_1,0.050000000000000044,average,fastANI,20
metamdbg_nextpolish_8915_SemiBin_231.fa,20_1,0.050000000000000044,average,fastANI,20
myloasm_8366_SemiBin_179.fa,20_1,0.050000000000000044,average,fastANI,20
myloasm_nextpolish_8366_SemiBin_186.fa,20_1,0.050000000000000044,average,fastANI,20
opera_ms_8366_SemiBin_1.fa,20_1,0.050000000000000044,average,fastANI,20
opera_ms_8915_SemiBin_0.fa,20_1,0.050000000000000044,average,fastANI,20
flye_8373_SemiBin_109.fa,21_1,0.050000000000000044,average,fastANI,21
flye_nextpolish_8373_SemiBin_82.fa,21_1,0.050000000000000044,average,fastANI,21
hybridspades_8373_SemiBin_61.fa,21_1,0.050000000000000044,average,fastANI,21
metamdbg_8373_SemiBin_2.fa,21_1,0.050000000000000044,average,fastANI,21
metamdbg_nextpolish_8373_SemiBin_5.fa,21_1,0.050000000000000044,average,fastANI,21
myloasm_8373_SemiBin_138.fa,21_1,0.050000000000000044,average,fastANI,21
myloasm_nextpolish_8373_SemiBin_147.fa,21_1,0.050000000000000044,average,fastANI,21
opera_ms_8373_SemiBin_60.fa,21_1,0.050000000000000044,average,fastANI,21
metamdbg_4143_SemiBin_135.fa,22_1,0.050000000000000044,average,fastANI,22
metamdbg_nextpolish_4143_SemiBin_45.fa,22_1,0.050000000000000044,average,fastANI,22
myloasm_4143_SemiBin_79.fa,22_1,0.050000000000000044,average,fastANI,22
flye_4143_SemiBin_244.fa,22_2,0.050000000000000044,average,fastANI,22
flye_nextpolish_4143_SemiBin_237.fa,22_2,0.050000000000000044,average,fastANI,22
hybridspades_4143_SemiBin_11.fa,22_2,0.050000000000000044,average,fastANI,22
opera_ms_4143_SemiBin_6.fa,22_2,0.050000000000000044,average,fastANI,22
flye_8366_SemiBin_310.fa,23_1,0.050000000000000044,average,fastANI,23
flye_nextpolish_8366_SemiBin_315.fa,23_1,0.050000000000000044,average,fastANI,23
hybridspades_8366_SemiBin_5.fa,23_1,0.050000000000000044,average,fastANI,23
metamdbg_8366_SemiBin_53.fa,23_1,0.050000000000000044,average,fastANI,23
metamdbg_nextpolish_8366_SemiBin_13.fa,23_1,0.050000000000000044,average,fastANI,23
myloasm_8366_SemiBin_372.fa,23_1,0.050000000000000044,average,fastANI,23
myloasm_nextpolish_8366_SemiBin_387.fa,23_1,0.050000000000000044,average,fastANI,23
opera_ms_8366_SemiBin_59.fa,23_1,0.050000000000000044,average,fastANI,23
flye_nextpolish_8915_SemiBin_340.fa,23_2,0.050000000000000044,average,fastANI,23
hybridspades_8915_SemiBin_7.fa,23_2,0.050000000000000044,average,fastANI,23
metamdbg_8915_SemiBin_248.fa,23_2,0.050000000000000044,average,fastANI,23
metamdbg_nextpolish_8915_SemiBin_288.fa,23_2,0.050000000000000044,average,fastANI,23
opera_ms_8915_SemiBin_35.fa,23_2,0.050000000000000044,average,fastANI,23
flye_8373_SemiBin_262.fa,24_1,0.050000000000000044,average,fastANI,24
flye_nextpolish_8373_SemiBin_273.fa,24_1,0.050000000000000044,average,fastANI,24
hybridspades_8373_SemiBin_37.fa,24_1,0.050000000000000044,average,fastANI,24
metamdbg_8373_SemiBin_405.fa,24_1,0.050000000000000044,average,fastANI,24
metamdbg_nextpolish_8373_SemiBin_430.fa,24_1,0.050000000000000044,average,fastANI,24
myloasm_8373_SemiBin_133.fa,24_1,0.050000000000000044,average,fastANI,24
myloasm_nextpolish_8373_SemiBin_133.fa,24_1,0.050000000000000044,average,fastANI,24
opera_ms_8373_SemiBin_46.fa,24_1,0.050000000000000044,average,fastANI,24
flye_8915_SemiBin_357.fa,25_1,0.050000000000000044,average,fastANI,25
flye_nextpolish_8915_SemiBin_338.fa,25_1,0.050000000000000044,average,fastANI,25
hybridspades_8915_SemiBin_47.fa,25_1,0.050000000000000044,average,fastANI,25
metamdbg_8915_SemiBin_109.fa,25_1,0.050000000000000044,average,fastANI,25
metamdbg_nextpolish_8915_SemiBin_56.fa,25_1,0.050000000000000044,average,fastANI,25
opera_ms_8915_SemiBin_15.fa,25_1,0.050000000000000044,average,fastANI,25
hybridspades_8915_SemiBin_8.fa,25_2,0.050000000000000044,average,fastANI,25
flye_8915_SemiBin_252.fa,26_1,0.050000000000000044,average,fastANI,26
flye_nextpolish_8373_SemiBin_145.fa,26_1,0.050000000000000044,average,fastANI,26
flye_nextpolish_8915_SemiBin_215.fa,26_1,0.050000000000000044,average,fastANI,26
hybridspades_8366_SemiBin_4.fa,26_1,0.050000000000000044,average,fastANI,26
hybridspades_8915_SemiBin_41.fa,26_1,0.050000000000000044,average,fastANI,26
metamdbg_8366_SemiBin_373.fa,26_1,0.050000000000000044,average,fastANI,26
metamdbg_8915_SemiBin_362.fa,26_1,0.050000000000000044,average,fastANI,26
metamdbg_nextpolish_8366_SemiBin_372.fa,26_1,0.050000000000000044,average,fastANI,26
metamdbg_nextpolish_8915_SemiBin_369.fa,26_1,0.050000000000000044,average,fastANI,26
myloasm_8366_SemiBin_377.fa,26_1,0.050000000000000044,average,fastANI,26
myloasm_nextpolish_8366_SemiBin_381.fa,26_1,0.050000000000000044,average,fastANI,26
myloasm_nextpolish_8373_SemiBin_23.fa,26_1,0.050000000000000044,average,fastANI,26
opera_ms_8366_SemiBin_18.fa,26_1,0.050000000000000044,average,fastANI,26
opera_ms_8915_SemiBin_50.fa,26_1,0.050000000000000044,average,fastANI,26
flye_nextpolish_8366_SemiBin_45.fa,27_1,0.050000000000000044,average,fastANI,27
hybridspades_8366_SemiBin_72.fa,27_1,0.050000000000000044,average,fastANI,27
metamdbg_8366_SemiBin_16.fa,27_1,0.050000000000000044,average,fastANI,27
myloasm_nextpolish_8366_SemiBin_50.fa,27_1,0.050000000000000044,average,fastANI,27
hybridspades_8373_SemiBin_1.fa,28_1,0.050000000000000044,average,fastANI,28
metamdbg_8373_SemiBin_255.fa,28_1,0.050000000000000044,average,fastANI,28
metamdbg_nextpolish_8373_SemiBin_269.fa,28_1,0.050000000000000044,average,fastANI,28
myloasm_8373_SemiBin_50.fa,28_1,0.050000000000000044,average,fastANI,28
myloasm_nextpolish_8373_SemiBin_35.fa,28_1,0.050000000000000044,average,fastANI,28
opera_ms_8373_SemiBin_7.fa,28_1,0.050000000000000044,average,fastANI,28
myloasm_nextpolish_8366_SemiBin_51.fa,29_0,0.050000000000000044,average,fastANI,29
hybridspades_0942_SemiBin_1.fa,30_1,0.050000000000000044,average,fastANI,30
metamdbg_0942_SemiBin_196.fa,30_1,0.050000000000000044,average,fastANI,30
metamdbg_8366_SemiBin_98.fa,30_1,0.050000000000000044,average,fastANI,30
metamdbg_nextpolish_0942_SemiBin_202.fa,30_1,0.050000000000000044,average,fastANI,30
metamdbg_nextpolish_8366_SemiBin_28.fa,30_1,0.050000000000000044,average,fastANI,30
myloasm_8366_SemiBin_10.fa,30_1,0.050000000000000044,average,fastANI,30
myloasm_nextpolish_8366_SemiBin_41.fa,30_1,0.050000000000000044,average,fastANI,30
opera_ms_0942_SemiBin_6.fa,30_1,0.050000000000000044,average,fastANI,30
hybridspades_8915_SemiBin_120.fa,31_1,0.050000000000000044,average,fastANI,31
metamdbg_nextpolish_8915_SemiBin_13.fa,31_1,0.050000000000000044,average,fastANI,31
flye_nextpolish_8373_SemiBin_16.fa,31_2,0.050000000000000044,average,fastANI,31
metamdbg_8915_SemiBin_21.fa,32_1,0.050000000000000044,average,fastANI,32
metamdbg_nextpolish_8915_SemiBin_10.fa,32_1,0.050000000000000044,average,fastANI,32
myloasm_8915_SemiBin_39.fa,32_1,0.050000000000000044,average,fastANI,32
myloasm_nextpolish_8915_SemiBin_29.fa,32_1,0.050000000000000044,average,fastANI,32
flye_nextpolish_8915_SemiBin_69.fa,33_1,0.050000000000000044,average,fastANI,33
hybridspades_8915_SemiBin_68.fa,33_1,0.050000000000000044,average,fastANI,33
metamdbg_8915_SemiBin_22.fa,33_1,0.050000000000000044,average,fastANI,33
metamdbg_nextpolish_8915_SemiBin_11.fa,33_1,0.050000000000000044,average,fastANI,33
myloasm_8915_SemiBin_38.fa,33_1,0.050000000000000044,average,fastANI,33
myloasm_nextpolish_8915_SemiBin_28.fa,33_1,0.050000000000000044,average,fastANI,33
opera_ms_8915_SemiBin_4.fa,33_1,0.050000000000000044,average,fastANI,33
flye_4143_SemiBin_0.fa,34_1,0.050000000000000044,average,fastANI,34
flye_8366_SemiBin_297.fa,34_1,0.050000000000000044,average,fastANI,34
flye_8373_SemiBin_105.fa,34_1,0.050000000000000044,average,fastANI,34
flye_8915_SemiBin_157.fa,34_1,0.050000000000000044,average,fastANI,34
flye_nextpolish_4143_SemiBin_104.fa,34_1,0.050000000000000044,average,fastANI,34
flye_nextpolish_8366_SemiBin_277.fa,34_1,0.050000000000000044,average,fastANI,34
flye_nextpolish_8373_SemiBin_38.fa,34_1,0.050000000000000044,average,fastANI,34
flye_nextpolish_8915_SemiBin_9.fa,34_1,0.050000000000000044,average,fastANI,34
hybridspades_4143_SemiBin_148.fa,34_1,0.050000000000000044,average,fastANI,34
hybridspades_8373_SemiBin_149.fa,34_1,0.050000000000000044,average,fastANI,34
hybridspades_8915_SemiBin_138.fa,34_1,0.050000000000000044,average,fastANI,34
metamdbg_4143_SemiBin_6.fa,34_1,0.050000000000000044,average,fastANI,34
metamdbg_8366_SemiBin_130.fa,34_1,0.050000000000000044,average,fastANI,34
metamdbg_8373_SemiBin_32.fa,34_1,0.050000000000000044,average,fastANI,34
metamdbg_8915_SemiBin_17.fa,34_1,0.050000000000000044,average,fastANI,34
metamdbg_nextpolish_0942_SemiBin_6.fa,34_1,0.050000000000000044,average,fastANI,34
metamdbg_nextpolish_4143_SemiBin_56.fa,34_1,0.050000000000000044,average,fastANI,34
metamdbg_nextpolish_8366_SemiBin_45.fa,34_1,0.050000000000000044,average,fastANI,34
metamdbg_nextpolish_8373_SemiBin_49.fa,34_1,0.050000000000000044,average,fastANI,34
metamdbg_nextpolish_8915_SemiBin_40.fa,34_1,0.050000000000000044,average,fastANI,34
myloasm_0942_SemiBin_62.fa,34_1,0.050000000000000044,average,fastANI,34
myloasm_4143_SemiBin_71.fa,34_1,0.050000000000000044,average,fastANI,34
myloasm_8366_SemiBin_71.fa,34_1,0.050000000000000044,average,fastANI,34
myloasm_nextpolish_0942_SemiBin_61.fa,34_1,0.050000000000000044,average,fastANI,34
myloasm_nextpolish_4143_SemiBin_74.fa,34_1,0.050000000000000044,average,fastANI,34
myloasm_nextpolish_8366_SemiBin_74.fa,34_1,0.050000000000000044,average,fastANI,34
opera_ms_4143_SemiBin_71.fa,34_1,0.050000000000000044,average,fastANI,34
opera_ms_8366_SemiBin_9.fa,34_1,0.050000000000000044,average,fastANI,34
opera_ms_8373_SemiBin_103.fa,34_1,0.050000000000000044,average,fastANI,34
opera_ms_8915_SemiBin_65.fa,34_1,0.050000000000000044,average,fastANI,34
flye_8915_SemiBin_129.fa,35_1,0.050000000000000044,average,fastANI,35
flye_nextpolish_8915_SemiBin_355.fa,35_1,0.050000000000000044,average,fastANI,35
hybridspades_8915_SemiBin_61.fa,35_1,0.050000000000000044,average,fastANI,35
metamdbg_8915_SemiBin_20.fa,35_1,0.050000000000000044,average,fastANI,35
metamdbg_nextpolish_8915_SemiBin_9.fa,35_1,0.050000000000000044,average,fastANI,35
myloasm_nextpolish_8373_SemiBin_1.fa,35_1,0.050000000000000044,average,fastANI,35
opera_ms_8915_SemiBin_3.fa,35_1,0.050000000000000044,average,fastANI,35
flye_0942_SemiBin_132.fa,36_1,0.050000000000000044,average,fastANI,36
flye_8366_SemiBin_311.fa,36_1,0.050000000000000044,average,fastANI,36
flye_nextpolish_0942_SemiBin_124.fa,36_1,0.050000000000000044,average,fastANI,36
flye_nextpolish_8366_SemiBin_351.fa,36_1,0.050000000000000044,average,fastANI,36
flye_nextpolish_8373_SemiBin_166.fa,36_1,0.050000000000000044,average,fastANI,36
hybridspades_0942_SemiBin_23.fa,36_1,0.050000000000000044,average,fastANI,36
hybridspades_8366_SemiBin_44.fa,36_1,0.050000000000000044,average,fastANI,36
hybridspades_8373_SemiBin_14.fa,36_1,0.050000000000000044,average,fastANI,36
metamdbg_0942_SemiBin_187.fa,36_1,0.050000000000000044,average,fastANI,36
metamdbg_8366_SemiBin_159.fa,36_1,0.050000000000000044,average,fastANI,36
metamdbg_nextpolish_0942_SemiBin_187.fa,36_1,0.050000000000000044,average,fastANI,36
metamdbg_nextpolish_8366_SemiBin_193.fa,36_1,0.050000000000000044,average,fastANI,36
opera_ms_0942_SemiBin_11.fa,36_1,0.050000000000000044,average,fastANI,36
opera_ms_8366_SemiBin_11.fa,36_1,0.050000000000000044,average,fastANI,36
flye_0942_SemiBin_140.fa,37_1,0.050000000000000044,average,fastANI,37
flye_nextpolish_0942_SemiBin_145.fa,37_1,0.050000000000000044,average,fastANI,37
metamdbg_0942_SemiBin_123.fa,37_1,0.050000000000000044,average,fastANI,37
metamdbg_nextpolish_0942_SemiBin_119.fa,37_1,0.050000000000000044,average,fastANI,37
myloasm_0942_SemiBin_53.fa,37_1,0.050000000000000044,average,fastANI,37
myloasm_nextpolish_0942_SemiBin_54.fa,37_1,0.050000000000000044,average,fastANI,37
opera_ms_0942_SemiBin_12.fa,37_1,0.050000000000000044,average,fastANI,37
flye_0942_SemiBin_129.fa,38_1,0.050000000000000044,average,fastANI,38
flye_4143_SemiBin_12.fa,38_1,0.050000000000000044,average,fastANI,38
flye_8366_SemiBin_11.fa,38_1,0.050000000000000044,average,fastANI,38
flye_8373_SemiBin_114.fa,38_1,0.050000000000000044,average,fastANI,38
flye_8915_SemiBin_236.fa,38_1,0.050000000000000044,average,fastANI,38
flye_nextpolish_0942_SemiBin_98.fa,38_1,0.050000000000000044,average,fastANI,38
flye_nextpolish_4143_SemiBin_186.fa,38_1,0.050000000000000044,average,fastANI,38
flye_nextpolish_8366_SemiBin_39.fa,38_1,0.050000000000000044,average,fastANI,38
flye_nextpolish_8373_SemiBin_67.fa,38_1,0.050000000000000044,average,fastANI,38
flye_nextpolish_8915_SemiBin_218.fa,38_1,0.050000000000000044,average,fastANI,38
hybridspades_4143_SemiBin_62.fa,38_1,0.050000000000000044,average,fastANI,38
hybridspades_8366_SemiBin_49.fa,38_1,0.050000000000000044,average,fastANI,38
hybridspades_8915_SemiBin_28.fa,38_1,0.050000000000000044,average,fastANI,38
metamdbg_0942_SemiBin_149.fa,38_1,0.050000000000000044,average,fastANI,38
metamdbg_4143_SemiBin_328.fa,38_1,0.050000000000000044,average,fastANI,38
metamdbg_8373_SemiBin_109.fa,38_1,0.050000000000000044,average,fastANI,38
metamdbg_8915_SemiBin_311.fa,38_1,0.050000000000000044,average,fastANI,38
metamdbg_nextpolish_0942_SemiBin_158.fa,38_1,0.050000000000000044,average,fastANI,38
metamdbg_nextpolish_4143_SemiBin_326.fa,38_1,0.050000000000000044,average,fastANI,38
metamdbg_nextpolish_8373_SemiBin_128.fa,38_1,0.050000000000000044,average,fastANI,38
metamdbg_nextpolish_8915_SemiBin_312.fa,38_1,0.050000000000000044,average,fastANI,38
myloasm_0942_SemiBin_65.fa,38_1,0.050000000000000044,average,fastANI,38
myloasm_4143_SemiBin_80.fa,38_1,0.050000000000000044,average,fastANI,38
myloasm_8373_SemiBin_6.fa,38_1,0.050000000000000044,average,fastANI,38
myloasm_8915_SemiBin_125.fa,38_1,0.050000000000000044,average,fastANI,38
myloasm_nextpolish_0942_SemiBin_59.fa,38_1,0.050000000000000044,average,fastANI,38
myloasm_nextpolish_4143_SemiBin_87.fa,38_1,0.050000000000000044,average,fastANI,38
myloasm_nextpolish_8373_SemiBin_3.fa,38_1,0.050000000000000044,average,fastANI,38
myloasm_nextpolish_8915_SemiBin_92.fa,38_1,0.050000000000000044,average,fastANI,38
opera_ms_4143_SemiBin_77.fa,38_1,0.050000000000000044,average,fastANI,38
opera_ms_8366_SemiBin_68.fa,38_1,0.050000000000000044,average,fastANI,38
opera_ms_8373_SemiBin_87.fa,38_1,0.050000000000000044,average,fastANI,38
opera_ms_8915_SemiBin_62.fa,38_1,0.050000000000000044,average,fastANI,38
myloasm_8373_SemiBin_7.fa,39_1,0.050000000000000044,average,fastANI,39
myloasm_nextpolish_8373_SemiBin_4.fa,39_1,0.050000000000000044,average,fastANI,39
flye_8915_SemiBin_221.fa,39_2,0.050000000000000044,average,fastANI,39
flye_nextpolish_8373_SemiBin_168.fa,39_2,0.050000000000000044,average,fastANI,39
hybridspades_8373_SemiBin_42.fa,39_2,0.050000000000000044,average,fastANI,39
hybridspades_8915_SemiBin_31.fa,39_2,0.050000000000000044,average,fastANI,39
opera_ms_8373_SemiBin_16.fa,39_2,0.050000000000000044,average,fastANI,39
flye_4143_SemiBin_411.fa,40_1,0.050000000000000044,average,fastANI,40
flye_nextpolish_4143_SemiBin_413.fa,40_1,0.050000000000000044,average,fastANI,40
hybridspades_4143_SemiBin_2.fa,40_1,0.050000000000000044,average,fastANI,40
metamdbg_4143_SemiBin_367.fa,40_1,0.050000000000000044,average,fastANI,40
metamdbg_nextpolish_4143_SemiBin_400.fa,40_1,0.050000000000000044,average,fastANI,40
myloasm_4143_SemiBin_522.fa,40_1,0.050000000000000044,average,fastANI,40
myloasm_nextpolish_4143_SemiBin_509.fa,40_1,0.050000000000000044,average,fastANI,40
opera_ms_4143_SemiBin_53.fa,40_1,0.050000000000000044,average,fastANI,40
flye_8373_SemiBin_364.fa,40_2,0.050000000000000044,average,fastANI,40
flye_nextpolish_8373_SemiBin_386.fa,40_2,0.050000000000000044,average,fastANI,40
hybridspades_8373_SemiBin_3.fa,40_2,0.050000000000000044,average,fastANI,40
metamdbg_8373_SemiBin_522.fa,40_2,0.050000000000000044,average,fastANI,40
metamdbg_nextpolish_8373_SemiBin_554.fa,40_2,0.050000000000000044,average,fastANI,40
myloasm_8373_SemiBin_483.fa,40_2,0.050000000000000044,average,fastANI,40
myloasm_nextpolish_8373_SemiBin_497.fa,40_2,0.050000000000000044,average,fastANI,40
opera_ms_8373_SemiBin_45.fa,40_2,0.050000000000000044,average,fastANI,40
flye_0942_SemiBin_222.fa,40_3,0.050000000000000044,average,fastANI,40
flye_nextpolish_0942_SemiBin_240.fa,40_3,0.050000000000000044,average,fastANI,40
hybridspades_0942_SemiBin_0.fa,40_3,0.050000000000000044,average,fastANI,40
metamdbg_0942_SemiBin_270.fa,40_3,0.050000000000000044,average,fastANI,40
metamdbg_nextpolish_0942_SemiBin_282.fa,40_3,0.050000000000000044,average,fastANI,40
myloasm_0942_SemiBin_312.fa,40_3,0.050000000000000044,average,fastANI,40
myloasm_nextpolish_0942_SemiBin_295.fa,40_3,0.050000000000000044,average,fastANI,40
opera_ms_0942_SemiBin_41.fa,40_3,0.050000000000000044,average,fastANI,40
flye_8366_SemiBin_217.fa,40_4,0.050000000000000044,average,fastANI,40
flye_8915_SemiBin_411.fa,40_4,0.050000000000000044,average,fastANI,40
flye_nextpolish_8366_SemiBin_219.fa,40_4,0.050000000000000044,average,fastANI,40
flye_nextpolish_8915_SemiBin_415.fa,40_4,0.050000000000000044,average,fastANI,40
hybridspades_8366_SemiBin_0.fa,40_4,0.050000000000000044,average,fastANI,40
hybridspades_8915_SemiBin_0.fa,40_4,0.050000000000000044,average,fastANI,40
metamdbg_8366_SemiBin_180.fa,40_4,0.050000000000000044,average,fastANI,40
metamdbg_8915_SemiBin_450.fa,40_4,0.050000000000000044,average,fastANI,40
metamdbg_nextpolish_8366_SemiBin_192.fa,40_4,0.050000000000000044,average,fastANI,40
metamdbg_nextpolish_8915_SemiBin_466.fa,40_4,0.050000000000000044,average,fastANI,40
myloasm_8366_SemiBin_381.fa,40_4,0.050000000000000044,average,fastANI,40
myloasm_8915_SemiBin_585.fa,40_4,0.050000000000000044,average,fastANI,40
myloasm_nextpolish_8366_SemiBin_399.fa,40_4,0.050000000000000044,average,fastANI,40
myloasm_nextpolish_8915_SemiBin_582.fa,40_4,0.050000000000000044,average,fastANI,40
opera_ms_8366_SemiBin_79.fa,40_4,0.050000000000000044,average,fastANI,40
opera_ms_8915_SemiBin_57.fa,40_4,0.050000000000000044,average,fastANI,40
flye_8373_SemiBin_192.fa,41_1,0.050000000000000044,average,fastANI,41
flye_nextpolish_8373_SemiBin_170.fa,41_1,0.050000000000000044,average,fastANI,41
hybridspades_8373_SemiBin_110.fa,41_1,0.050000000000000044,average,fastANI,41
metamdbg_nextpolish_8373_SemiBin_177.fa,41_1,0.050000000000000044,average,fastANI,41
myloasm_8373_SemiBin_64.fa,41_1,0.050000000000000044,average,fastANI,41
myloasm_nextpolish_8373_SemiBin_77.fa,41_1,0.050000000000000044,average,fastANI,41
opera_ms_8373_SemiBin_116.fa,41_1,0.050000000000000044,average,fastANI,41
flye_4143_SemiBin_379.fa,42_1,0.050000000000000044,average,fastANI,42
flye_8373_SemiBin_135.fa,42_1,0.050000000000000044,average,fastANI,42
flye_nextpolish_4143_SemiBin_392.fa,42_1,0.050000000000000044,average,fastANI,42
flye_nextpolish_8373_SemiBin_30.fa,42_1,0.050000000000000044,average,fastANI,42
hybridspades_4143_SemiBin_0.fa,42_1,0.050000000000000044,average,fastANI,42
hybridspades_8373_SemiBin_94.fa,42_1,0.050000000000000044,average,fastANI,42
metamdbg_8373_SemiBin_99.fa,42_1,0.050000000000000044,average,fastANI,42
metamdbg_nextpolish_8373_SemiBin_81.fa,42_1,0.050000000000000044,average,fastANI,42
myloasm_8373_SemiBin_165.fa,42_1,0.050000000000000044,average,fastANI,42
myloasm_nextpolish_8373_SemiBin_178.fa,42_1,0.050000000000000044,average,fastANI,42
opera_ms_8373_SemiBin_10.fa,42_1,0.050000000000000044,average,fastANI,42
flye_0942_SemiBin_216.fa,43_1,0.050000000000000044,average,fastANI,43
flye_4143_SemiBin_116.fa,43_1,0.050000000000000044,average,fastANI,43
flye_8366_SemiBin_197.fa,43_1,0.050000000000000044,average,fastANI,43
flye_8373_SemiBin_153.fa,43_1,0.050000000000000044,average,fastANI,43
flye_nextpolish_0942_SemiBin_217.fa,43_1,0.050000000000000044,average,fastANI,43
flye_nextpolish_4143_SemiBin_78.fa,43_1,0.050000000000000044,average,fastANI,43
flye_nextpolish_8366_SemiBin_226.fa,43_1,0.050000000000000044,average,fastANI,43
flye_nextpolish_8373_SemiBin_154.fa,43_1,0.050000000000000044,average,fastANI,43
hybridspades_0942_SemiBin_5.fa,43_1,0.050000000000000044,average,fastANI,43
hybridspades_4143_SemiBin_50.fa,43_1,0.050000000000000044,average,fastANI,43
hybridspades_8366_SemiBin_20.fa,43_1,0.050000000000000044,average,fastANI,43
hybridspades_8373_SemiBin_4.fa,43_1,0.050000000000000044,average,fastANI,43
metamdbg_0942_SemiBin_95.fa,43_1,0.050000000000000044,average,fastANI,43
metamdbg_4143_SemiBin_291.fa,43_1,0.050000000000000044,average,fastANI,43
metamdbg_8366_SemiBin_45.fa,43_1,0.050000000000000044,average,fastANI,43
metamdbg_8373_SemiBin_568.fa,43_1,0.050000000000000044,average,fastANI,43
metamdbg_nextpolish_0942_SemiBin_41.fa,43_1,0.050000000000000044,average,fastANI,43
metamdbg_nextpolish_4143_SemiBin_233.fa,43_1,0.050000000000000044,average,fastANI,43
metamdbg_nextpolish_8366_SemiBin_128.fa,43_1,0.050000000000000044,average,fastANI,43
metamdbg_nextpolish_8373_SemiBin_590.fa,43_1,0.050000000000000044,average,fastANI,43
myloasm_0942_SemiBin_77.fa,43_1,0.050000000000000044,average,fastANI,43
myloasm_4143_SemiBin_146.fa,43_1,0.050000000000000044,average,fastANI,43
myloasm_8373_SemiBin_491.fa,43_1,0.050000000000000044,average,fastANI,43
myloasm_nextpolish_0942_SemiBin_84.fa,43_1,0.050000000000000044,average,fastANI,43
myloasm_nextpolish_4143_SemiBin_152.fa,43_1,0.050000000000000044,average,fastANI,43
myloasm_nextpolish_8373_SemiBin_506.fa,43_1,0.050000000000000044,average,fastANI,43
opera_ms_0942_SemiBin_43.fa,43_1,0.050000000000000044,average,fastANI,43
opera_ms_8373_SemiBin_81.fa,43_1,0.050000000000000044,average,fastANI,43
flye_4143_SemiBin_266.fa,44_1,0.050000000000000044,average,fastANI,44
flye_nextpolish_4143_SemiBin_255.fa,44_1,0.050000000000000044,average,fastANI,44
flye_nextpolish_8373_SemiBin_208.fa,44_1,0.050000000000000044,average,fastANI,44
metamdbg_4143_SemiBin_400.fa,44_1,0.050000000000000044,average,fastANI,44
metamdbg_nextpolish_4143_SemiBin_171.fa,44_1,0.050000000000000044,average,fastANI,44
myloasm_4143_SemiBin_521.fa,44_1,0.050000000000000044,average,fastANI,44
myloasm_8373_SemiBin_192.fa,44_1,0.050000000000000044,average,fastANI,44
myloasm_nextpolish_4143_SemiBin_503.fa,44_1,0.050000000000000044,average,fastANI,44
myloasm_nextpolish_8373_SemiBin_196.fa,44_1,0.050000000000000044,average,fastANI,44
opera_ms_4143_SemiBin_46.fa,44_1,0.050000000000000044,average,fastANI,44
flye_8366_SemiBin_52.fa,45_1,0.050000000000000044,average,fastANI,45
flye_8373_SemiBin_152.fa,45_1,0.050000000000000044,average,fastANI,45
flye_nextpolish_8366_SemiBin_119.fa,45_1,0.050000000000000044,average,fastANI,45
flye_nextpolish_8373_SemiBin_153.fa,45_1,0.050000000000000044,average,fastANI,45
hybridspades_4143_SemiBin_38.fa,45_1,0.050000000000000044,average,fastANI,45
hybridspades_8366_SemiBin_79.fa,45_1,0.050000000000000044,average,fastANI,45
hybridspades_8373_SemiBin_26.fa,45_1,0.050000000000000044,average,fastANI,45
metamdbg_4143_SemiBin_105.fa,45_1,0.050000000000000044,average,fastANI,45
metamdbg_8373_SemiBin_185.fa,45_1,0.050000000000000044,average,fastANI,45
metamdbg_nextpolish_4143_SemiBin_170.fa,45_1,0.050000000000000044,average,fastANI,45
metamdbg_nextpolish_8373_SemiBin_231.fa,45_1,0.050000000000000044,average,fastANI,45
myloasm_8373_SemiBin_499.fa,45_1,0.050000000000000044,average,fastANI,45
myloasm_nextpolish_8366_SemiBin_94.fa,45_1,0.050000000000000044,average,fastANI,45
myloasm_nextpolish_8366_SemiBin_95.fa,45_1,0.050000000000000044,average,fastANI,45
myloasm_nextpolish_8373_SemiBin_505.fa,45_1,0.050000000000000044,average,fastANI,45
opera_ms_4143_SemiBin_87.fa,45_1,0.050000000000000044,average,fastANI,45
opera_ms_8373_SemiBin_32.fa,45_1,0.050000000000000044,average,fastANI,45
flye_8373_SemiBin_165.fa,46_1,0.050000000000000044,average,fastANI,46
flye_8915_SemiBin_90.fa,46_1,0.050000000000000044,average,fastANI,46
flye_nextpolish_8373_SemiBin_158.fa,46_1,0.050000000000000044,average,fastANI,46
flye_nextpolish_8915_SemiBin_127.fa,46_1,0.050000000000000044,average,fastANI,46
hybridspades_8373_SemiBin_67.fa,46_1,0.050000000000000044,average,fastANI,46
hybridspades_8915_SemiBin_115.fa,46_1,0.050000000000000044,average,fastANI,46
metamdbg_8373_SemiBin_110.fa,46_1,0.050000000000000044,average,fastANI,46
metamdbg_8915_SemiBin_124.fa,46_1,0.050000000000000044,average,fastANI,46
metamdbg_nextpolish_8373_SemiBin_117.fa,46_1,0.050000000000000044,average,fastANI,46
metamdbg_nextpolish_8915_SemiBin_79.fa,46_1,0.050000000000000044,average,fastANI,46
myloasm_8373_SemiBin_196.fa,46_1,0.050000000000000044,average,fastANI,46
myloasm_8915_SemiBin_211.fa,46_1,0.050000000000000044,average,fastANI,46
myloasm_nextpolish_8373_SemiBin_210.fa,46_1,0.050000000000000044,average,fastANI,46
myloasm_nextpolish_8915_SemiBin_205.fa,46_1,0.050000000000000044,average,fastANI,46
opera_ms_8373_SemiBin_93.fa,46_1,0.050000000000000044,average,fastANI,46
opera_ms_8915_SemiBin_124.fa,46_1,0.050000000000000044,average,fastANI,46
flye_8915_SemiBin_177.fa,47_1,0.050000000000000044,average,fastANI,47
flye_nextpolish_8915_SemiBin_154.fa,47_1,0.050000000000000044,average,fastANI,47
hybridspades_8915_SemiBin_153.fa,47_1,0.050000000000000044,average,fastANI,47
myloasm_8915_SemiBin_230.fa,47_1,0.050000000000000044,average,fastANI,47
myloasm_nextpolish_8915_SemiBin_239.fa,47_1,0.050000000000000044,average,fastANI,47
opera_ms_8915_SemiBin_138.fa,47_1,0.050000000000000044,average,fastANI,47
hybridspades_8373_SemiBin_136.fa,48_1,0.050000000000000044,average,fastANI,48
myloasm_nextpolish_8373_SemiBin_187.fa,48_1,0.050000000000000044,average,fastANI,48
opera_ms_8373_SemiBin_178.fa,48_1,0.050000000000000044,average,fastANI,48
hybridspades_4143_SemiBin_9.fa,49_1,0.050000000000000044,average,fastANI,49
metamdbg_4143_SemiBin_99.fa,49_1,0.050000000000000044,average,fastANI,49
metamdbg_nextpolish_4143_SemiBin_31.fa,49_1,0.050000000000000044,average,fastANI,49
myloasm_4143_SemiBin_119.fa,49_1,0.050000000000000044,average,fastANI,49
opera_ms_4143_SemiBin_19.fa,49_1,0.050000000000000044,average,fastANI,49
hybridspades_8373_SemiBin_158.fa,50_1,0.050000000000000044,average,fastANI,50
myloasm_nextpolish_8373_SemiBin_156.fa,50_1,0.050000000000000044,average,fastANI,50
opera_ms_8373_SemiBin_196.fa,50_1,0.050000000000000044,average,fastANI,50
flye_8366_SemiBin_65.fa,51_1,0.050000000000000044,average,fastANI,51
flye_nextpolish_8366_SemiBin_83.fa,51_1,0.050000000000000044,average,fastANI,51
flye_nextpolish_8915_SemiBin_214.fa,51_1,0.050000000000000044,average,fastANI,51
hybridspades_8366_SemiBin_62.fa,51_1,0.050000000000000044,average,fastANI,51
hybridspades_8373_SemiBin_98.fa,51_1,0.050000000000000044,average,fastANI,51
metamdbg_8366_SemiBin_154.fa,51_1,0.050000000000000044,average,fastANI,51
metamdbg_nextpolish_8366_SemiBin_163.fa,51_1,0.050000000000000044,average,fastANI,51
metamdbg_nextpolish_8373_SemiBin_3.fa,51_1,0.050000000000000044,average,fastANI,51
myloasm_8366_SemiBin_147.fa,51_1,0.050000000000000044,average,fastANI,51
myloasm_8373_SemiBin_154.fa,51_1,0.050000000000000044,average,fastANI,51
myloasm_8915_SemiBin_15.fa,51_1,0.050000000000000044,average,fastANI,51
myloasm_nextpolish_8366_SemiBin_164.fa,51_1,0.050000000000000044,average,fastANI,51
myloasm_nextpolish_8373_SemiBin_173.fa,51_1,0.050000000000000044,average,fastANI,51
myloasm_nextpolish_8915_SemiBin_99.fa,51_1,0.050000000000000044,average,fastANI,51
opera_ms_8366_SemiBin_44.fa,51_1,0.050000000000000044,average,fastANI,51
opera_ms_8373_SemiBin_96.fa,51_1,0.050000000000000044,average,fastANI,51
flye_4143_SemiBin_13.fa,52_1,0.050000000000000044,average,fastANI,52
flye_8373_SemiBin_78.fa,52_1,0.050000000000000044,average,fastANI,52
flye_nextpolish_4143_SemiBin_90.fa,52_1,0.050000000000000044,average,fastANI,52
flye_nextpolish_8373_SemiBin_62.fa,52_1,0.050000000000000044,average,fastANI,52
hybridspades_4143_SemiBin_32.fa,52_1,0.050000000000000044,average,fastANI,52
hybridspades_8373_SemiBin_106.fa,52_1,0.050000000000000044,average,fastANI,52
metamdbg_4143_SemiBin_24.fa,52_1,0.050000000000000044,average,fastANI,52
metamdbg_8373_SemiBin_73.fa,52_1,0.050000000000000044,average,fastANI,52
metamdbg_nextpolish_4143_SemiBin_54.fa,52_1,0.050000000000000044,average,fastANI,52
metamdbg_nextpolish_8373_SemiBin_98.fa,52_1,0.050000000000000044,average,fastANI,52
myloasm_4143_SemiBin_106.fa,52_1,0.050000000000000044,average,fastANI,52
myloasm_8373_SemiBin_132.fa,52_1,0.050000000000000044,average,fastANI,52
myloasm_nextpolish_4143_SemiBin_117.fa,52_1,0.050000000000000044,average,fastANI,52
myloasm_nextpolish_8373_SemiBin_129.fa,52_1,0.050000000000000044,average,fastANI,52
opera_ms_4143_SemiBin_54.fa,52_1,0.050000000000000044,average,fastANI,52
opera_ms_8373_SemiBin_135.fa,52_1,0.050000000000000044,average,fastANI,52
flye_0942_SemiBin_292.fa,53_1,0.050000000000000044,average,fastANI,53
flye_nextpolish_0942_SemiBin_289.fa,53_1,0.050000000000000044,average,fastANI,53
hybridspades_0942_SemiBin_7.fa,53_1,0.050000000000000044,average,fastANI,53
metamdbg_0942_SemiBin_262.fa,53_1,0.050000000000000044,average,fastANI,53
metamdbg_nextpolish_0942_SemiBin_273.fa,53_1,0.050000000000000044,average,fastANI,53
myloasm_0942_SemiBin_317.fa,53_1,0.050000000000000044,average,fastANI,53
myloasm_nextpolish_0942_SemiBin_319.fa,53_1,0.050000000000000044,average,fastANI,53
opera_ms_0942_SemiBin_18.fa,53_1,0.050000000000000044,average,fastANI,53
flye_0942_SemiBin_291.fa,54_1,0.050000000000000044,average,fastANI,54
flye_nextpolish_0942_SemiBin_287.fa,54_1,0.050000000000000044,average,fastANI,54
hybridspades_0942_SemiBin_15.fa,54_1,0.050000000000000044,average,fastANI,54
metamdbg_0942_SemiBin_135.fa,54_1,0.050000000000000044,average,fastANI,54
metamdbg_nextpolish_0942_SemiBin_142.fa,54_1,0.050000000000000044,average,fastANI,54
myloasm_0942_SemiBin_311.fa,54_1,0.050000000000000044,average,fastANI,54
myloasm_nextpolish_0942_SemiBin_294.fa,54_1,0.050000000000000044,average,fastANI,54
opera_ms_0942_SemiBin_37.fa,54_1,0.050000000000000044,average,fastANI,54
flye_4143_SemiBin_228.fa,55_1,0.050000000000000044,average,fastANI,55
flye_nextpolish_4143_SemiBin_191.fa,55_1,0.050000000000000044,average,fastANI,55
hybridspades_4143_SemiBin_57.fa,55_1,0.050000000000000044,average,fastANI,55
metamdbg_4143_SemiBin_180.fa,55_1,0.050000000000000044,average,fastANI,55
metamdbg_8915_SemiBin_94.fa,55_1,0.050000000000000044,average,fastANI,55
metamdbg_nextpolish_4143_SemiBin_71.fa,55_1,0.050000000000000044,average,fastANI,55
metamdbg_nextpolish_8915_SemiBin_19.fa,55_1,0.050000000000000044,average,fastANI,55
myloasm_4143_SemiBin_70.fa,55_1,0.050000000000000044,average,fastANI,55
myloasm_8915_SemiBin_194.fa,55_1,0.050000000000000044,average,fastANI,55
myloasm_nextpolish_4143_SemiBin_65.fa,55_1,0.050000000000000044,average,fastANI,55
myloasm_nextpolish_8915_SemiBin_190.fa,55_1,0.050000000000000044,average,fastANI,55
opera_ms_4143_SemiBin_56.fa,55_1,0.050000000000000044,average,fastANI,55
opera_ms_8915_SemiBin_150.fa,55_1,0.050000000000000044,average,fastANI,55
flye_8366_SemiBin_429.fa,55_2,0.050000000000000044,average,fastANI,55
flye_8373_SemiBin_143.fa,55_2,0.050000000000000044,average,fastANI,55
flye_8915_SemiBin_126.fa,55_2,0.050000000000000044,average,fastANI,55
flye_nextpolish_8366_SemiBin_421.fa,55_2,0.050000000000000044,average,fastANI,55
flye_nextpolish_8373_SemiBin_173.fa,55_2,0.050000000000000044,average,fastANI,55
flye_nextpolish_8915_SemiBin_100.fa,55_2,0.050000000000000044,average,fastANI,55
hybridspades_8366_SemiBin_16.fa,55_2,0.050000000000000044,average,fastANI,55
hybridspades_8373_SemiBin_58.fa,55_2,0.050000000000000044,average,fastANI,55
hybridspades_8915_SemiBin_150.fa,55_2,0.050000000000000044,average,fastANI,55
metamdbg_8366_SemiBin_302.fa,55_2,0.050000000000000044,average,fastANI,55
metamdbg_8373_SemiBin_47.fa,55_2,0.050000000000000044,average,fastANI,55
metamdbg_8915_SemiBin_340.fa,55_2,0.050000000000000044,average,fastANI,55
metamdbg_nextpolish_8366_SemiBin_303.fa,55_2,0.050000000000000044,average,fastANI,55
metamdbg_nextpolish_8373_SemiBin_1.fa,55_2,0.050000000000000044,average,fastANI,55
metamdbg_nextpolish_8915_SemiBin_329.fa,55_2,0.050000000000000044,average,fastANI,55
myloasm_8366_SemiBin_384.fa,55_2,0.050000000000000044,average,fastANI,55
myloasm_8373_SemiBin_31.fa,55_2,0.050000000000000044,average,fastANI,55
myloasm_8915_SemiBin_193.fa,55_2,0.050000000000000044,average,fastANI,55
myloasm_nextpolish_8366_SemiBin_397.fa,55_2,0.050000000000000044,average,fastANI,55
myloasm_nextpolish_8373_SemiBin_43.fa,55_2,0.050000000000000044,average,fastANI,55
myloasm_nextpolish_8915_SemiBin_189.fa,55_2,0.050000000000000044,average,fastANI,55
opera_ms_8366_SemiBin_40.fa,55_2,0.050000000000000044,average,fastANI,55
opera_ms_8373_SemiBin_57.fa,55_2,0.050000000000000044,average,fastANI,55
opera_ms_8915_SemiBin_41.fa,55_2,0.050000000000000044,average,fastANI,55
hybridspades_0942_SemiBin_127.fa,55_3,0.050000000000000044,average,fastANI,55
flye_8915_SemiBin_40.fa,56_1,0.050000000000000044,average,fastANI,56
flye_nextpolish_8915_SemiBin_30.fa,56_1,0.050000000000000044,average,fastANI,56
metamdbg_nextpolish_8915_SemiBin_93.fa,56_1,0.050000000000000044,average,fastANI,56
myloasm_8915_SemiBin_75.fa,56_1,0.050000000000000044,average,fastANI,56
myloasm_nextpolish_8915_SemiBin_36.fa,56_1,0.050000000000000044,average,fastANI,56
flye_4143_SemiBin_60.fa,57_1,0.050000000000000044,average,fastANI,57
flye_8366_SemiBin_66.fa,57_1,0.050000000000000044,average,fastANI,57
flye_8373_SemiBin_0.fa,57_1,0.050000000000000044,average,fastANI,57
flye_8915_SemiBin_39.fa,57_1,0.050000000000000044,average,fastANI,57
flye_nextpolish_4143_SemiBin_79.fa,57_1,0.050000000000000044,average,fastANI,57
flye_nextpolish_8366_SemiBin_84.fa,57_1,0.050000000000000044,average,fastANI,57
flye_nextpolish_8373_SemiBin_80.fa,57_1,0.050000000000000044,average,fastANI,57
flye_nextpolish_8915_SemiBin_29.fa,57_1,0.050000000000000044,average,fastANI,57
hybridspades_4143_SemiBin_169.fa,57_1,0.050000000000000044,average,fastANI,57
hybridspades_8366_SemiBin_18.fa,57_1,0.050000000000000044,average,fastANI,57
hybridspades_8373_SemiBin_140.fa,57_1,0.050000000000000044,average,fastANI,57
hybridspades_8915_SemiBin_75.fa,57_1,0.050000000000000044,average,fastANI,57
metamdbg_8366_SemiBin_234.fa,57_1,0.050000000000000044,average,fastANI,57
metamdbg_8373_SemiBin_86.fa,57_1,0.050000000000000044,average,fastANI,57
metamdbg_8915_SemiBin_50.fa,57_1,0.050000000000000044,average,fastANI,57
metamdbg_nextpolish_8366_SemiBin_242.fa,57_1,0.050000000000000044,average,fastANI,57
metamdbg_nextpolish_8373_SemiBin_0.fa,57_1,0.050000000000000044,average,fastANI,57
metamdbg_nextpolish_8915_SemiBin_0.fa,57_1,0.050000000000000044,average,fastANI,57
myloasm_4143_SemiBin_95.fa,57_1,0.050000000000000044,average,fastANI,57
myloasm_8366_SemiBin_155.fa,57_1,0.050000000000000044,average,fastANI,57
myloasm_8373_SemiBin_28.fa,57_1,0.050000000000000044,average,fastANI,57
myloasm_8915_SemiBin_74.fa,57_1,0.050000000000000044,average,fastANI,57
myloasm_nextpolish_4143_SemiBin_94.fa,57_1,0.050000000000000044,average,fastANI,57
myloasm_nextpolish_8366_SemiBin_165.fa,57_1,0.050000000000000044,average,fastANI,57
myloasm_nextpolish_8373_SemiBin_44.fa,57_1,0.050000000000000044,average,fastANI,57
myloasm_nextpolish_8915_SemiBin_35.fa,57_1,0.050000000000000044,average,fastANI,57
opera_ms_4143_SemiBin_141.fa,57_1,0.050000000000000044,average,fastANI,57
opera_ms_8366_SemiBin_51.fa,57_1,0.050000000000000044,average,fastANI,57
opera_ms_8373_SemiBin_12.fa,57_1,0.050000000000000044,average,fastANI,57
opera_ms_8915_SemiBin_17.fa,57_1,0.050000000000000044,average,fastANI,57
flye_8373_SemiBin_1.fa,58_1,0.050000000000000044,average,fastANI,58
flye_nextpolish_8373_SemiBin_79.fa,58_1,0.050000000000000044,average,fastANI,58
hybridspades_8373_SemiBin_65.fa,58_1,0.050000000000000044,average,fastANI,58
metamdbg_8373_SemiBin_54.fa,58_1,0.050000000000000044,average,fastANI,58
metamdbg_nextpolish_8373_SemiBin_58.fa,58_1,0.050000000000000044,average,fastANI,58
myloasm_8373_SemiBin_29.fa,58_1,0.050000000000000044,average,fastANI,58
myloasm_nextpolish_8373_SemiBin_45.fa,58_1,0.050000000000000044,average,fastANI,58
opera_ms_8373_SemiBin_11.fa,58_1,0.050000000000000044,average,fastANI,58
hybridspades_8373_SemiBin_210.fa,59_1,0.050000000000000044,average,fastANI,59
hybridspades_8915_SemiBin_116.fa,59_1,0.050000000000000044,average,fastANI,59
metamdbg_nextpolish_8915_SemiBin_222.fa,59_1,0.050000000000000044,average,fastANI,59
myloasm_8915_SemiBin_29.fa,59_1,0.050000000000000044,average,fastANI,59
myloasm_nextpolish_8373_SemiBin_168.fa,59_1,0.050000000000000044,average,fastANI,59
opera_ms_8915_SemiBin_69.fa,59_1,0.050000000000000044,average,fastANI,59
flye_nextpolish_8373_SemiBin_27.fa,60_1,0.050000000000000044,average,fastANI,60
metamdbg_8373_SemiBin_62.fa,60_1,0.050000000000000044,average,fastANI,60
metamdbg_nextpolish_8373_SemiBin_36.fa,60_1,0.050000000000000044,average,fastANI,60
myloasm_8373_SemiBin_2.fa,60_1,0.050000000000000044,average,fastANI,60
myloasm_nextpolish_8373_SemiBin_32.fa,60_1,0.050000000000000044,average,fastANI,60
opera_ms_8373_SemiBin_65.fa,60_1,0.050000000000000044,average,fastANI,60
hybridspades_8366_SemiBin_225.fa,61_1,0.050000000000000044,average,fastANI,61
metamdbg_8366_SemiBin_85.fa,61_1,0.050000000000000044,average,fastANI,61
opera_ms_8366_SemiBin_168.fa,61_1,0.050000000000000044,average,fastANI,61
hybridspades_8373_SemiBin_179.fa,61_2,0.050000000000000044,average,fastANI,61
metamdbg_8373_SemiBin_63.fa,61_2,0.050000000000000044,average,fastANI,61
flye_0942_SemiBin_87.fa,62_1,0.050000000000000044,average,fastANI,62
hybridspades_0942_SemiBin_144.fa,62_1,0.050000000000000044,average,fastANI,62
myloasm_nextpolish_0942_SemiBin_52.fa,62_1,0.050000000000000044,average,fastANI,62
flye_0942_SemiBin_108.fa,63_1,0.050000000000000044,average,fastANI,63
flye_nextpolish_0942_SemiBin_95.fa,63_1,0.050000000000000044,average,fastANI,63
hybridspades_0942_SemiBin_157.fa,63_2,0.050000000000000044,average,fastANI,63
flye_4143_SemiBin_115.fa,64_1,0.050000000000000044,average,fastANI,64
flye_nextpolish_4143_SemiBin_87.fa,64_1,0.050000000000000044,average,fastANI,64
hybridspades_4143_SemiBin_99.fa,64_1,0.050000000000000044,average,fastANI,64
metamdbg_4143_SemiBin_92.fa,64_1,0.050000000000000044,average,fastANI,64
metamdbg_nextpolish_4143_SemiBin_15.fa,64_1,0.050000000000000044,average,fastANI,64
myloasm_4143_SemiBin_69.fa,64_1,0.050000000000000044,average,fastANI,64
myloasm_nextpolish_4143_SemiBin_66.fa,64_1,0.050000000000000044,average,fastANI,64
opera_ms_4143_SemiBin_118.fa,64_1,0.050000000000000044,average,fastANI,64
flye_8373_SemiBin_45.fa,65_1,0.050000000000000044,average,fastANI,65
flye_nextpolish_8373_SemiBin_78.fa,65_1,0.050000000000000044,average,fastANI,65
hybridspades_0942_SemiBin_65.fa,65_1,0.050000000000000044,average,fastANI,65
hybridspades_8373_SemiBin_54.fa,65_1,0.050000000000000044,average,fastANI,65
metamdbg_8373_SemiBin_5.fa,65_1,0.050000000000000044,average,fastANI,65
metamdbg_nextpolish_8373_SemiBin_55.fa,65_1,0.050000000000000044,average,fastANI,65
myloasm_8373_SemiBin_27.fa,65_1,0.050000000000000044,average,fastANI,65
myloasm_nextpolish_8373_SemiBin_26.fa,65_1,0.050000000000000044,average,fastANI,65
opera_ms_8373_SemiBin_49.fa,65_1,0.050000000000000044,average,fastANI,65
flye_8915_SemiBin_180.fa,66_1,0.050000000000000044,average,fastANI,66
flye_nextpolish_8915_SemiBin_136.fa,66_1,0.050000000000000044,average,fastANI,66
hybridspades_8915_SemiBin_20.fa,66_1,0.050000000000000044,average,fastANI,66
metamdbg_8915_SemiBin_93.fa,66_1,0.050000000000000044,average,fastANI,66
metamdbg_nextpolish_8915_SemiBin_22.fa,66_1,0.050000000000000044,average,fastANI,66
myloasm_8915_SemiBin_188.fa,66_1,0.050000000000000044,average,fastANI,66
myloasm_nextpolish_8915_SemiBin_195.fa,66_1,0.050000000000000044,average,fastANI,66
opera_ms_8915_SemiBin_77.fa,66_1,0.050000000000000044,average,fastANI,66
flye_4143_SemiBin_201.fa,67_1,0.050000000000000044,average,fastANI,67
flye_nextpolish_4143_SemiBin_232.fa,67_1,0.050000000000000044,average,fastANI,67
hybridspades_4143_SemiBin_16.fa,67_1,0.050000000000000044,average,fastANI,67
metamdbg_4143_SemiBin_384.fa,67_1,0.050000000000000044,average,fastANI,67
metamdbg_nextpolish_4143_SemiBin_381.fa,67_1,0.050000000000000044,average,fastANI,67
myloasm_4143_SemiBin_530.fa,67_1,0.050000000000000044,average,fastANI,67
myloasm_nextpolish_4143_SemiBin_516.fa,67_1,0.050000000000000044,average,fastANI,67
metamdbg_8373_SemiBin_486.fa,68_1,0.050000000000000044,average,fastANI,68
metamdbg_nextpolish_8373_SemiBin_521.fa,68_1,0.050000000000000044,average,fastANI,68
myloasm_8373_SemiBin_106.fa,68_1,0.050000000000000044,average,fastANI,68
myloasm_nextpolish_8373_SemiBin_118.fa,68_1,0.050000000000000044,average,fastANI,68
flye_0942_SemiBin_237.fa,68_2,0.050000000000000044,average,fastANI,68
flye_4143_SemiBin_200.fa,68_2,0.050000000000000044,average,fastANI,68
flye_8366_SemiBin_204.fa,68_2,0.050000000000000044,average,fastANI,68
flye_8373_SemiBin_134.fa,68_2,0.050000000000000044,average,fastANI,68
flye_8915_SemiBin_296.fa,68_2,0.050000000000000044,average,fastANI,68
flye_nextpolish_0942_SemiBin_248.fa,68_2,0.050000000000000044,average,fastANI,68
flye_nextpolish_4143_SemiBin_231.fa,68_2,0.050000000000000044,average,fastANI,68
flye_nextpolish_8366_SemiBin_200.fa,68_2,0.050000000000000044,average,fastANI,68
flye_nextpolish_8373_SemiBin_135.fa,68_2,0.050000000000000044,average,fastANI,68
flye_nextpolish_8915_SemiBin_257.fa,68_2,0.050000000000000044,average,fastANI,68
hybridspades_0942_SemiBin_3.fa,68_2,0.050000000000000044,average,fastANI,68
hybridspades_4143_SemiBin_24.fa,68_2,0.050000000000000044,average,fastANI,68
hybridspades_8366_SemiBin_60.fa,68_2,0.050000000000000044,average,fastANI,68
hybridspades_8373_SemiBin_6.fa,68_2,0.050000000000000044,average,fastANI,68
hybridspades_8915_SemiBin_33.fa,68_2,0.050000000000000044,average,fastANI,68
metamdbg_0942_SemiBin_172.fa,68_2,0.050000000000000044,average,fastANI,68
metamdbg_4143_SemiBin_272.fa,68_2,0.050000000000000044,average,fastANI,68
metamdbg_8366_SemiBin_184.fa,68_2,0.050000000000000044,average,fastANI,68
metamdbg_8373_SemiBin_382.fa,68_2,0.050000000000000044,average,fastANI,68
metamdbg_8915_SemiBin_147.fa,68_2,0.050000000000000044,average,fastANI,68
metamdbg_nextpolish_0942_SemiBin_177.fa,68_2,0.050000000000000044,average,fastANI,68
metamdbg_nextpolish_4143_SemiBin_279.fa,68_2,0.050000000000000044,average,fastANI,68
metamdbg_nextpolish_8366_SemiBin_158.fa,68_2,0.050000000000000044,average,fastANI,68
metamdbg_nextpolish_8373_SemiBin_376.fa,68_2,0.050000000000000044,average,fastANI,68
metamdbg_nextpolish_8915_SemiBin_227.fa,68_2,0.050000000000000044,average,fastANI,68
myloasm_0942_SemiBin_303.fa,68_2,0.050000000000000044,average,fastANI,68
myloasm_4143_SemiBin_90.fa,68_2,0.050000000000000044,average,fastANI,68
myloasm_8366_SemiBin_359.fa,68_2,0.050000000000000044,average,fastANI,68
myloasm_8373_SemiBin_58.fa,68_2,0.050000000000000044,average,fastANI,68
myloasm_nextpolish_0942_SemiBin_296.fa,68_2,0.050000000000000044,average,fastANI,68
myloasm_nextpolish_4143_SemiBin_112.fa,68_2,0.050000000000000044,average,fastANI,68
myloasm_nextpolish_8366_SemiBin_359.fa,68_2,0.050000000000000044,average,fastANI,68
myloasm_nextpolish_8373_SemiBin_83.fa,68_2,0.050000000000000044,average,fastANI,68
opera_ms_0942_SemiBin_16.fa,68_2,0.050000000000000044,average,fastANI,68
opera_ms_8366_SemiBin_4.fa,68_2,0.050000000000000044,average,fastANI,68
opera_ms_8373_SemiBin_47.fa,68_2,0.050000000000000044,average,fastANI,68
opera_ms_8915_SemiBin_18.fa,68_2,0.050000000000000044,average,fastANI,68
myloasm_nextpolish_0942_SemiBin_82.fa,69_0,0.050000000000000044,average,fastANI,69
flye_8373_SemiBin_144.fa,70_1,0.050000000000000044,average,fastANI,70
flye_nextpolish_8373_SemiBin_203.fa,70_1,0.050000000000000044,average,fastANI,70
hybridspades_4143_SemiBin_81.fa,70_1,0.050000000000000044,average,fastANI,70
hybridspades_8373_SemiBin_8.fa,70_1,0.050000000000000044,average,fastANI,70
metamdbg_8373_SemiBin_361.fa,70_1,0.050000000000000044,average,fastANI,70
metamdbg_nextpolish_8373_SemiBin_401.fa,70_1,0.050000000000000044,average,fastANI,70
myloasm_8373_SemiBin_487.fa,70_1,0.050000000000000044,average,fastANI,70
myloasm_nextpolish_8373_SemiBin_485.fa,70_1,0.050000000000000044,average,fastANI,70
opera_ms_8373_SemiBin_26.fa,70_1,0.050000000000000044,average,fastANI,70
flye_8915_SemiBin_280.fa,71_1,0.050000000000000044,average,fastANI,71
flye_nextpolish_8915_SemiBin_255.fa,71_1,0.050000000000000044,average,fastANI,71
hybridspades_8915_SemiBin_74.fa,71_1,0.050000000000000044,average,fastANI,71
metamdbg_8915_SemiBin_315.fa,71_1,0.050000000000000044,average,fastANI,71
metamdbg_nextpolish_8915_SemiBin_314.fa,71_1,0.050000000000000044,average,fastANI,71
myloasm_8915_SemiBin_226.fa,71_1,0.050000000000000044,average,fastANI,71
myloasm_nextpolish_8915_SemiBin_227.fa,71_1,0.050000000000000044,average,fastANI,71
opera_ms_8915_SemiBin_51.fa,71_1,0.050000000000000044,average,fastANI,71
flye_8915_SemiBin_304.fa,72_1,0.050000000000000044,average,fastANI,72
flye_nextpolish_8915_SemiBin_261.fa,72_1,0.050000000000000044,average,fastANI,72
hybridspades_8915_SemiBin_4.fa,72_1,0.050000000000000044,average,fastANI,72
metamdbg_8915_SemiBin_67.fa,72_1,0.050000000000000044,average,fastANI,72
metamdbg_nextpolish_8915_SemiBin_168.fa,72_1,0.050000000000000044,average,fastANI,72
myloasm_8915_SemiBin_225.fa,72_1,0.050000000000000044,average,fastANI,72
myloasm_nextpolish_8915_SemiBin_228.fa,72_1,0.050000000000000044,average,fastANI,72
opera_ms_8915_SemiBin_27.fa,72_1,0.050000000000000044,average,fastANI,72
flye_8915_SemiBin_47.fa,73_1,0.050000000000000044,average,fastANI,73
flye_nextpolish_8915_SemiBin_86.fa,73_1,0.050000000000000044,average,fastANI,73
hybridspades_8915_SemiBin_161.fa,73_1,0.050000000000000044,average,fastANI,73
metamdbg_nextpolish_8915_SemiBin_75.fa,73_1,0.050000000000000044,average,fastANI,73
myloasm_nextpolish_8915_SemiBin_57.fa,73_1,0.050000000000000044,average,fastANI,73
opera_ms_8915_SemiBin_44.fa,73_1,0.050000000000000044,average,fastANI,73
flye_8366_SemiBin_567.fa,74_1,0.050000000000000044,average,fastANI,74
flye_nextpolish_8366_SemiBin_552.fa,74_1,0.050000000000000044,average,fastANI,74
hybridspades_8366_SemiBin_3.fa,74_1,0.050000000000000044,average,fastANI,74
metamdbg_8366_SemiBin_443.fa,74_1,0.050000000000000044,average,fastANI,74
metamdbg_nextpolish_8366_SemiBin_450.fa,74_1,0.050000000000000044,average,fastANI,74
myloasm_8366_SemiBin_394.fa,74_1,0.050000000000000044,average,fastANI,74
myloasm_nextpolish_8366_SemiBin_402.fa,74_1,0.050000000000000044,average,fastANI,74
flye_8915_SemiBin_303.fa,75_1,0.050000000000000044,average,fastANI,75
flye_nextpolish_8915_SemiBin_260.fa,75_1,0.050000000000000044,average,fastANI,75
hybridspades_8915_SemiBin_3.fa,75_1,0.050000000000000044,average,fastANI,75
metamdbg_8915_SemiBin_586.fa,75_1,0.050000000000000044,average,fastANI,75
metamdbg_nextpolish_8915_SemiBin_580.fa,75_1,0.050000000000000044,average,fastANI,75
myloasm_8915_SemiBin_587.fa,75_1,0.050000000000000044,average,fastANI,75
myloasm_nextpolish_8915_SemiBin_586.fa,75_1,0.050000000000000044,average,fastANI,75
opera_ms_8915_SemiBin_38.fa,75_1,0.050000000000000044,average,fastANI,75
flye_4143_SemiBin_165.fa,76_1,0.050000000000000044,average,fastANI,76
flye_nextpolish_4143_SemiBin_189.fa,76_1,0.050000000000000044,average,fastANI,76
hybridspades_4143_SemiBin_68.fa,76_1,0.050000000000000044,average,fastANI,76
metamdbg_4143_SemiBin_29.fa,76_1,0.050000000000000044,average,fastANI,76
metamdbg_nextpolish_4143_SemiBin_29.fa,76_1,0.050000000000000044,average,fastANI,76
myloasm_4143_SemiBin_74.fa,76_1,0.050000000000000044,average,fastANI,76
myloasm_nextpolish_4143_SemiBin_73.fa,76_1,0.050000000000000044,average,fastANI,76
opera_ms_4143_SemiBin_37.fa,76_1,0.050000000000000044,average,fastANI,76
flye_4143_SemiBin_213.fa,77_1,0.050000000000000044,average,fastANI,77
flye_8915_SemiBin_115.fa,77_1,0.050000000000000044,average,fastANI,77
flye_nextpolish_4143_SemiBin_228.fa,77_1,0.050000000000000044,average,fastANI,77
flye_nextpolish_8915_SemiBin_93.fa,77_1,0.050000000000000044,average,fastANI,77
hybridspades_4143_SemiBin_6.fa,77_1,0.050000000000000044,average,fastANI,77
hybridspades_8915_SemiBin_52.fa,77_1,0.050000000000000044,average,fastANI,77
metamdbg_4143_SemiBin_540.fa,77_1,0.050000000000000044,average,fastANI,77
metamdbg_8915_SemiBin_202.fa,77_1,0.050000000000000044,average,fastANI,77
metamdbg_nextpolish_4143_SemiBin_559.fa,77_1,0.050000000000000044,average,fastANI,77
metamdbg_nextpolish_8915_SemiBin_49.fa,77_1,0.050000000000000044,average,fastANI,77
myloasm_4143_SemiBin_265.fa,77_1,0.050000000000000044,average,fastANI,77
myloasm_8915_SemiBin_198.fa,77_1,0.050000000000000044,average,fastANI,77
myloasm_nextpolish_4143_SemiBin_263.fa,77_1,0.050000000000000044,average,fastANI,77
myloasm_nextpolish_8915_SemiBin_217.fa,77_1,0.050000000000000044,average,fastANI,77
opera_ms_4143_SemiBin_8.fa,77_1,0.050000000000000044,average,fastANI,77
opera_ms_8915_SemiBin_105.fa,77_1,0.050000000000000044,average,fastANI,77
hybridspades_8373_SemiBin_145.fa,78_1,0.050000000000000044,average,fastANI,78
myloasm_nextpolish_8373_SemiBin_75.fa,78_1,0.050000000000000044,average,fastANI,78
opera_ms_8373_SemiBin_151.fa,78_1,0.050000000000000044,average,fastANI,78
flye_4143_SemiBin_163.fa,79_1,0.050000000000000044,average,fastANI,79
flye_8366_SemiBin_223.fa,79_1,0.050000000000000044,average,fastANI,79
flye_8373_SemiBin_580.fa,79_1,0.050000000000000044,average,fastANI,79
flye_nextpolish_4143_SemiBin_138.fa,79_1,0.050000000000000044,average,fastANI,79
flye_nextpolish_8366_SemiBin_233.fa,79_1,0.050000000000000044,average,fastANI,79
flye_nextpolish_8373_SemiBin_596.fa,79_1,0.050000000000000044,average,fastANI,79
hybridspades_4143_SemiBin_5.fa,79_1,0.050000000000000044,average,fastANI,79
hybridspades_8366_SemiBin_11.fa,79_1,0.050000000000000044,average,fastANI,79
hybridspades_8373_SemiBin_2.fa,79_1,0.050000000000000044,average,fastANI,79
metamdbg_4143_SemiBin_506.fa,79_1,0.050000000000000044,average,fastANI,79
metamdbg_8366_SemiBin_321.fa,79_1,0.050000000000000044,average,fastANI,79
metamdbg_8373_SemiBin_249.fa,79_1,0.050000000000000044,average,fastANI,79
metamdbg_nextpolish_4143_SemiBin_507.fa,79_1,0.050000000000000044,average,fastANI,79
metamdbg_nextpolish_8366_SemiBin_320.fa,79_1,0.050000000000000044,average,fastANI,79
metamdbg_nextpolish_8373_SemiBin_260.fa,79_1,0.050000000000000044,average,fastANI,79
myloasm_4143_SemiBin_526.fa,79_1,0.050000000000000044,average,fastANI,79
myloasm_8366_SemiBin_383.fa,79_1,0.050000000000000044,average,fastANI,79
myloasm_8373_SemiBin_485.fa,79_1,0.050000000000000044,average,fastANI,79
myloasm_nextpolish_4143_SemiBin_511.fa,79_1,0.050000000000000044,average,fastANI,79
myloasm_nextpolish_8366_SemiBin_396.fa,79_1,0.050000000000000044,average,fastANI,79
myloasm_nextpolish_8373_SemiBin_486.fa,79_1,0.050000000000000044,average,fastANI,79
opera_ms_4143_SemiBin_27.fa,79_1,0.050000000000000044,average,fastANI,79
opera_ms_8366_SemiBin_19.fa,79_1,0.050000000000000044,average,fastANI,79
opera_ms_8373_SemiBin_44.fa,79_1,0.050000000000000044,average,fastANI,79
flye_4143_SemiBin_86.fa,80_1,0.050000000000000044,average,fastANI,80
flye_nextpolish_4143_SemiBin_117.fa,80_1,0.050000000000000044,average,fastANI,80
hybridspades_4143_SemiBin_220.fa,80_1,0.050000000000000044,average,fastANI,80
metamdbg_8366_SemiBin_50.fa,80_1,0.050000000000000044,average,fastANI,80
myloasm_4143_SemiBin_162.fa,80_1,0.050000000000000044,average,fastANI,80
myloasm_nextpolish_4143_SemiBin_162.fa,80_1,0.050000000000000044,average,fastANI,80
flye_8373_SemiBin_140.fa,81_1,0.050000000000000044,average,fastANI,81
flye_nextpolish_8373_SemiBin_13.fa,81_1,0.050000000000000044,average,fastANI,81
flye_nextpolish_8915_SemiBin_64.fa,81_1,0.050000000000000044,average,fastANI,81
hybridspades_8373_SemiBin_170.fa,81_1,0.050000000000000044,average,fastANI,81
hybridspades_8915_SemiBin_249.fa,81_1,0.050000000000000044,average,fastANI,81
metamdbg_8373_SemiBin_22.fa,81_1,0.050000000000000044,average,fastANI,81
metamdbg_8915_SemiBin_19.fa,81_1,0.050000000000000044,average,fastANI,81
metamdbg_nextpolish_8373_SemiBin_59.fa,81_1,0.050000000000000044,average,fastANI,81
metamdbg_nextpolish_8915_SemiBin_128.fa,81_1,0.050000000000000044,average,fastANI,81
myloasm_8373_SemiBin_150.fa,81_1,0.050000000000000044,average,fastANI,81
myloasm_8915_SemiBin_187.fa,81_1,0.050000000000000044,average,fastANI,81
myloasm_nextpolish_8373_SemiBin_154.fa,81_1,0.050000000000000044,average,fastANI,81
myloasm_nextpolish_8915_SemiBin_186.fa,81_1,0.050000000000000044,average,fastANI,81
opera_ms_8373_SemiBin_79.fa,81_1,0.050000000000000044,average,fastANI,81
hybridspades_4143_SemiBin_134.fa,81_2,0.050000000000000044,average,fastANI,81
hybridspades_8366_SemiBin_177.fa,81_2,0.050000000000000044,average,fastANI,81
metamdbg_4143_SemiBin_4.fa,81_2,0.050000000000000044,average,fastANI,81
metamdbg_8366_SemiBin_87.fa,81_2,0.050000000000000044,average,fastANI,81
metamdbg_nextpolish_4143_SemiBin_57.fa,81_2,0.050000000000000044,average,fastANI,81
metamdbg_nextpolish_8366_SemiBin_109.fa,81_2,0.050000000000000044,average,fastANI,81
myloasm_4143_SemiBin_56.fa,81_2,0.050000000000000044,average,fastANI,81
myloasm_nextpolish_4143_SemiBin_33.fa,81_2,0.050000000000000044,average,fastANI,81
opera_ms_4143_SemiBin_104.fa,81_2,0.050000000000000044,average,fastANI,81
opera_ms_8366_SemiBin_52.fa,81_2,0.050000000000000044,average,fastANI,81
myloasm_nextpolish_4143_SemiBin_226.fa,82_0,0.050000000000000044,average,fastANI,82
hybridspades_8373_SemiBin_124.fa,83_1,0.050000000000000044,average,fastANI,83
myloasm_nextpolish_8373_SemiBin_169.fa,83_1,0.050000000000000044,average,fastANI,83
opera_ms_8373_SemiBin_153.fa,83_1,0.050000000000000044,average,fastANI,83
hybridspades_8366_SemiBin_27.fa,84_1,0.050000000000000044,average,fastANI,84
metamdbg_8366_SemiBin_256.fa,84_1,0.050000000000000044,average,fastANI,84
metamdbg_nextpolish_8366_SemiBin_252.fa,84_1,0.050000000000000044,average,fastANI,84
myloasm_8366_SemiBin_131.fa,84_1,0.050000000000000044,average,fastANI,84
myloasm_nextpolish_8366_SemiBin_129.fa,84_1,0.050000000000000044,average,fastANI,84
opera_ms_8366_SemiBin_57.fa,84_1,0.050000000000000044,average,fastANI,84
flye_4143_SemiBin_135.fa,85_1,0.050000000000000044,average,fastANI,85
flye_nextpolish_4143_SemiBin_95.fa,85_1,0.050000000000000044,average,fastANI,85
flye_nextpolish_8915_SemiBin_36.fa,85_1,0.050000000000000044,average,fastANI,85
hybridspades_4143_SemiBin_78.fa,85_1,0.050000000000000044,average,fastANI,85
metamdbg_4143_SemiBin_45.fa,85_1,0.050000000000000044,average,fastANI,85
metamdbg_nextpolish_4143_SemiBin_63.fa,85_1,0.050000000000000044,average,fastANI,85
myloasm_4143_SemiBin_100.fa,85_1,0.050000000000000044,average,fastANI,85
myloasm_nextpolish_4143_SemiBin_93.fa,85_1,0.050000000000000044,average,fastANI,85
opera_ms_4143_SemiBin_106.fa,85_1,0.050000000000000044,average,fastANI,85
myloasm_nextpolish_8373_SemiBin_103.fa,86_0,0.050000000000000044,average,fastANI,86
myloasm_nextpolish_8915_SemiBin_153.fa,87_0,0.050000000000000044,average,fastANI,87
flye_8366_SemiBin_109.fa,88_1,0.050000000000000044,average,fastANI,88
flye_8373_SemiBin_69.fa,88_1,0.050000000000000044,average,fastANI,88
flye_nextpolish_8366_SemiBin_35.fa,88_1,0.050000000000000044,average,fastANI,88
flye_nextpolish_8373_SemiBin_8.fa,88_1,0.050000000000000044,average,fastANI,88
hybridspades_4143_SemiBin_26.fa,88_1,0.050000000000000044,average,fastANI,88
hybridspades_8373_SemiBin_130.fa,88_1,0.050000000000000044,average,fastANI,88
metamdbg_4143_SemiBin_40.fa,88_1,0.050000000000000044,average,fastANI,88
metamdbg_8366_SemiBin_74.fa,88_1,0.050000000000000044,average,fastANI,88
metamdbg_8373_SemiBin_64.fa,88_1,0.050000000000000044,average,fastANI,88
metamdbg_nextpolish_4143_SemiBin_155.fa,88_1,0.050000000000000044,average,fastANI,88
metamdbg_nextpolish_8366_SemiBin_79.fa,88_1,0.050000000000000044,average,fastANI,88
metamdbg_nextpolish_8373_SemiBin_13.fa,88_1,0.050000000000000044,average,fastANI,88
metamdbg_nextpolish_8915_SemiBin_142.fa,88_1,0.050000000000000044,average,fastANI,88
myloasm_8366_SemiBin_115.fa,88_1,0.050000000000000044,average,fastANI,88
myloasm_8373_SemiBin_5.fa,88_1,0.050000000000000044,average,fastANI,88
myloasm_nextpolish_8366_SemiBin_109.fa,88_1,0.050000000000000044,average,fastANI,88
myloasm_nextpolish_8373_SemiBin_51.fa,88_1,0.050000000000000044,average,fastANI,88
opera_ms_4143_SemiBin_65.fa,88_1,0.050000000000000044,average,fastANI,88
opera_ms_8373_SemiBin_95.fa,88_1,0.050000000000000044,average,fastANI,88
flye_nextpolish_8915_SemiBin_54.fa,89_1,0.050000000000000044,average,fastANI,89
hybridspades_8915_SemiBin_243.fa,89_1,0.050000000000000044,average,fastANI,89
metamdbg_nextpolish_8915_SemiBin_119.fa,89_1,0.050000000000000044,average,fastANI,89
myloasm_nextpolish_8915_SemiBin_154.fa,89_1,0.050000000000000044,average,fastANI,89
myloasm_nextpolish_4143_SemiBin_119.fa,89_2,0.050000000000000044,average,fastANI,89
flye_8915_SemiBin_246.fa,90_1,0.050000000000000044,average,fastANI,90
flye_nextpolish_8915_SemiBin_265.fa,90_1,0.050000000000000044,average,fastANI,90
hybridspades_8373_SemiBin_20.fa,90_1,0.050000000000000044,average,fastANI,90
hybridspades_8915_SemiBin_53.fa,90_1,0.050000000000000044,average,fastANI,90
metamdbg_8915_SemiBin_224.fa,90_1,0.050000000000000044,average,fastANI,90
metamdbg_nextpolish_8915_SemiBin_236.fa,90_1,0.050000000000000044,average,fastANI,90
opera_ms_8915_SemiBin_54.fa,90_1,0.050000000000000044,average,fastANI,90
flye_8366_SemiBin_246.fa,91_1,0.050000000000000044,average,fastANI,91
flye_nextpolish_8366_SemiBin_254.fa,91_1,0.050000000000000044,average,fastANI,91
hybridspades_8366_SemiBin_68.fa,91_1,0.050000000000000044,average,fastANI,91
metamdbg_8366_SemiBin_155.fa,91_1,0.050000000000000044,average,fastANI,91
metamdbg_nextpolish_8366_SemiBin_162.fa,91_1,0.050000000000000044,average,fastANI,91
myloasm_8366_SemiBin_82.fa,91_1,0.050000000000000044,average,fastANI,91
myloasm_nextpolish_8366_SemiBin_91.fa,91_1,0.050000000000000044,average,fastANI,91
opera_ms_8366_SemiBin_42.fa,91_1,0.050000000000000044,average,fastANI,91
flye_nextpolish_4143_SemiBin_14.fa,92_1,0.050000000000000044,average,fastANI,92
hybridspades_4143_SemiBin_130.fa,92_1,0.050000000000000044,average,fastANI,92
myloasm_4143_SemiBin_101.fa,92_1,0.050000000000000044,average,fastANI,92
myloasm_nextpolish_4143_SemiBin_99.fa,92_1,0.050000000000000044,average,fastANI,92
opera_ms_4143_SemiBin_139.fa,92_1,0.050000000000000044,average,fastANI,92
flye_8373_SemiBin_267.fa,93_1,0.050000000000000044,average,fastANI,93
flye_nextpolish_8373_SemiBin_270.fa,93_1,0.050000000000000044,average,fastANI,93
hybridspades_8373_SemiBin_77.fa,93_1,0.050000000000000044,average,fastANI,93
metamdbg_nextpolish_8373_SemiBin_52.fa,93_1,0.050000000000000044,average,fastANI,93
opera_ms_8373_SemiBin_9.fa,93_1,0.050000000000000044,average,fastANI,93
flye_8366_SemiBin_260.fa,94_1,0.050000000000000044,average,fastANI,94
flye_nextpolish_8366_SemiBin_256.fa,94_1,0.050000000000000044,average,fastANI,94
hybridspades_8366_SemiBin_100.fa,94_1,0.050000000000000044,average,fastANI,94
metamdbg_8366_SemiBin_44.fa,94_1,0.050000000000000044,average,fastANI,94
metamdbg_nextpolish_8366_SemiBin_99.fa,94_1,0.050000000000000044,average,fastANI,94
metamdbg_nextpolish_8915_SemiBin_146.fa,94_1,0.050000000000000044,average,fastANI,94
myloasm_8366_SemiBin_84.fa,94_1,0.050000000000000044,average,fastANI,94
myloasm_nextpolish_8366_SemiBin_103.fa,94_1,0.050000000000000044,average,fastANI,94
opera_ms_8366_SemiBin_60.fa,94_1,0.050000000000000044,average,fastANI,94
hybridspades_4143_SemiBin_135.fa,95_1,0.050000000000000044,average,fastANI,95
metamdbg_nextpolish_4143_SemiBin_82.fa,95_1,0.050000000000000044,average,fastANI,95
opera_ms_4143_SemiBin_74.fa,95_1,0.050000000000000044,average,fastANI,95
opera_ms_8373_SemiBin_99.fa,95_1,0.050000000000000044,average,fastANI,95
flye_4143_SemiBin_172.fa,95_2,0.050000000000000044,average,fastANI,95
flye_8366_SemiBin_172.fa,95_2,0.050000000000000044,average,fastANI,95
flye_8915_SemiBin_163.fa,95_2,0.050000000000000044,average,fastANI,95
flye_nextpolish_4143_SemiBin_130.fa,95_2,0.050000000000000044,average,fastANI,95
flye_nextpolish_8366_SemiBin_207.fa,95_2,0.050000000000000044,average,fastANI,95
flye_nextpolish_8915_SemiBin_176.fa,95_2,0.050000000000000044,average,fastANI,95
hybridspades_4143_SemiBin_71.fa,95_2,0.050000000000000044,average,fastANI,95
hybridspades_8366_SemiBin_85.fa,95_2,0.050000000000000044,average,fastANI,95
hybridspades_8915_SemiBin_218.fa,95_2,0.050000000000000044,average,fastANI,95
metamdbg_8366_SemiBin_58.fa,95_2,0.050000000000000044,average,fastANI,95
metamdbg_8915_SemiBin_88.fa,95_2,0.050000000000000044,average,fastANI,95
metamdbg_nextpolish_8366_SemiBin_2.fa,95_2,0.050000000000000044,average,fastANI,95
metamdbg_nextpolish_8915_SemiBin_143.fa,95_2,0.050000000000000044,average,fastANI,95
myloasm_8915_SemiBin_136.fa,95_2,0.050000000000000044,average,fastANI,95
myloasm_nextpolish_8915_SemiBin_126.fa,95_2,0.050000000000000044,average,fastANI,95
opera_ms_4143_SemiBin_22.fa,95_2,0.050000000000000044,average,fastANI,95
opera_ms_8366_SemiBin_106.fa,95_2,0.050000000000000044,average,fastANI,95
opera_ms_8915_SemiBin_169.fa,95_2,0.050000000000000044,average,fastANI,95
flye_4143_SemiBin_33.fa,96_1,0.050000000000000044,average,fastANI,96
hybridspades_4143_SemiBin_166.fa,96_1,0.050000000000000044,average,fastANI,96
myloasm_4143_SemiBin_9.fa,96_1,0.050000000000000044,average,fastANI,96
myloasm_nextpolish_4143_SemiBin_19.fa,96_1,0.050000000000000044,average,fastANI,96
opera_ms_4143_SemiBin_170.fa,96_1,0.050000000000000044,average,fastANI,96
flye_8366_SemiBin_113.fa,97_1,0.050000000000000044,average,fastANI,97
flye_8373_SemiBin_151.fa,97_1,0.050000000000000044,average,fastANI,97
flye_nextpolish_8366_SemiBin_125.fa,97_1,0.050000000000000044,average,fastANI,97
flye_nextpolish_8373_SemiBin_151.fa,97_1,0.050000000000000044,average,fastANI,97
hybridspades_8366_SemiBin_196.fa,97_1,0.050000000000000044,average,fastANI,97
hybridspades_8373_SemiBin_90.fa,97_1,0.050000000000000044,average,fastANI,97
metamdbg_8373_SemiBin_16.fa,97_1,0.050000000000000044,average,fastANI,97
metamdbg_nextpolish_8366_SemiBin_6.fa,97_1,0.050000000000000044,average,fastANI,97
metamdbg_nextpolish_8373_SemiBin_26.fa,97_1,0.050000000000000044,average,fastANI,97
myloasm_8373_SemiBin_93.fa,97_1,0.050000000000000044,average,fastANI,97
myloasm_nextpolish_8366_SemiBin_28.fa,97_1,0.050000000000000044,average,fastANI,97
myloasm_nextpolish_8373_SemiBin_111.fa,97_1,0.050000000000000044,average,fastANI,97
opera_ms_8373_SemiBin_82.fa,97_1,0.050000000000000044,average,fastANI,97
flye_8366_SemiBin_176.fa,98_1,0.050000000000000044,average,fastANI,98
hybridspades_8366_SemiBin_127.fa,98_1,0.050000000000000044,average,fastANI,98
hybridspades_8373_SemiBin_229.fa,98_1,0.050000000000000044,average,fastANI,98
metamdbg_8366_SemiBin_27.fa,98_1,0.050000000000000044,average,fastANI,98
metamdbg_nextpolish_8366_SemiBin_78.fa,98_1,0.050000000000000044,average,fastANI,98
opera_ms_8366_SemiBin_54.fa,98_1,0.050000000000000044,average,fastANI,98
flye_8366_SemiBin_75.fa,99_1,0.050000000000000044,average,fastANI,99
flye_nextpolish_8366_SemiBin_70.fa,99_1,0.050000000000000044,average,fastANI,99
flye_nextpolish_8915_SemiBin_23.fa,99_1,0.050000000000000044,average,fastANI,99
myloasm_8366_SemiBin_148.fa,99_1,0.050000000000000044,average,fastANI,99
myloasm_nextpolish_8366_SemiBin_163.fa,99_1,0.050000000000000044,average,fastANI,99
myloasm_nextpolish_8915_SemiBin_87.fa,99_1,0.050000000000000044,average,fastANI,99
metamdbg_8915_SemiBin_68.fa,100_1,0.050000000000000044,average,fastANI,100
metamdbg_nextpolish_8915_SemiBin_62.fa,100_1,0.050000000000000044,average,fastANI,100
myloasm_8915_SemiBin_208.fa,100_1,0.050000000000000044,average,fastANI,100
myloasm_nextpolish_8373_SemiBin_194.fa,100_1,0.050000000000000044,average,fastANI,100
myloasm_nextpolish_8915_SemiBin_211.fa,100_1,0.050000000000000044,average,fastANI,100
flye_8366_SemiBin_92.fa,101_1,0.050000000000000044,average,fastANI,101
flye_nextpolish_8366_SemiBin_135.fa,101_1,0.050000000000000044,average,fastANI,101
hybridspades_8366_SemiBin_107.fa,101_1,0.050000000000000044,average,fastANI,101
metamdbg_8366_SemiBin_160.fa,101_1,0.050000000000000044,average,fastANI,101
metamdbg_nextpolish_8366_SemiBin_168.fa,101_1,0.050000000000000044,average,fastANI,101
myloasm_8366_SemiBin_124.fa,101_1,0.050000000000000044,average,fastANI,101
flye_8373_SemiBin_100.fa,102_1,0.050000000000000044,average,fastANI,102
flye_nextpolish_8373_SemiBin_102.fa,102_1,0.050000000000000044,average,fastANI,102
metamdbg_nextpolish_8373_SemiBin_74.fa,102_1,0.050000000000000044,average,fastANI,102
flye_4143_SemiBin_233.fa,102_2,0.050000000000000044,average,fastANI,102
flye_nextpolish_4143_SemiBin_230.fa,102_2,0.050000000000000044,average,fastANI,102
hybridspades_4143_SemiBin_33.fa,102_2,0.050000000000000044,average,fastANI,102
hybridspades_8373_SemiBin_40.fa,102_2,0.050000000000000044,average,fastANI,102
metamdbg_4143_SemiBin_148.fa,102_2,0.050000000000000044,average,fastANI,102
metamdbg_8373_SemiBin_166.fa,102_2,0.050000000000000044,average,fastANI,102
metamdbg_nextpolish_4143_SemiBin_122.fa,102_2,0.050000000000000044,average,fastANI,102
metamdbg_nextpolish_8373_SemiBin_165.fa,102_2,0.050000000000000044,average,fastANI,102
myloasm_4143_SemiBin_163.fa,102_2,0.050000000000000044,average,fastANI,102
myloasm_nextpolish_4143_SemiBin_172.fa,102_2,0.050000000000000044,average,fastANI,102
opera_ms_4143_SemiBin_82.fa,102_2,0.050000000000000044,average,fastANI,102
opera_ms_8373_SemiBin_61.fa,102_2,0.050000000000000044,average,fastANI,102
flye_8366_SemiBin_41.fa,102_3,0.050000000000000044,average,fastANI,102
flye_nextpolish_8366_SemiBin_136.fa,102_3,0.050000000000000044,average,fastANI,102
hybridspades_8366_SemiBin_35.fa,102_3,0.050000000000000044,average,fastANI,102
hybridspades_8915_SemiBin_255.fa,102_3,0.050000000000000044,average,fastANI,102
metamdbg_8366_SemiBin_436.fa,102_3,0.050000000000000044,average,fastANI,102
metamdbg_8915_SemiBin_217.fa,102_3,0.050000000000000044,average,fastANI,102
metamdbg_nextpolish_8366_SemiBin_426.fa,102_3,0.050000000000000044,average,fastANI,102
metamdbg_nextpolish_8915_SemiBin_127.fa,102_3,0.050000000000000044,average,fastANI,102
myloasm_8366_SemiBin_99.fa,102_3,0.050000000000000044,average,fastANI,102
myloasm_nextpolish_8366_SemiBin_117.fa,102_3,0.050000000000000044,average,fastANI,102
opera_ms_8366_SemiBin_83.fa,102_3,0.050000000000000044,average,fastANI,102
opera_ms_8915_SemiBin_106.fa,102_3,0.050000000000000044,average,fastANI,102
flye_4143_SemiBin_141.fa,103_1,0.050000000000000044,average,fastANI,103
flye_8915_SemiBin_45.fa,103_1,0.050000000000000044,average,fastANI,103
flye_nextpolish_4143_SemiBin_137.fa,103_1,0.050000000000000044,average,fastANI,103
flye_nextpolish_8915_SemiBin_99.fa,103_1,0.050000000000000044,average,fastANI,103
hybridspades_4143_SemiBin_120.fa,103_1,0.050000000000000044,average,fastANI,103
hybridspades_8915_SemiBin_175.fa,103_1,0.050000000000000044,average,fastANI,103
metamdbg_4143_SemiBin_16.fa,103_1,0.050000000000000044,average,fastANI,103
metamdbg_8915_SemiBin_72.fa,103_1,0.050000000000000044,average,fastANI,103
metamdbg_nextpolish_4143_SemiBin_101.fa,103_1,0.050000000000000044,average,fastANI,103
metamdbg_nextpolish_8915_SemiBin_131.fa,103_1,0.050000000000000044,average,fastANI,103
myloasm_4143_SemiBin_76.fa,103_1,0.050000000000000044,average,fastANI,103
myloasm_8915_SemiBin_14.fa,103_1,0.050000000000000044,average,fastANI,103
myloasm_nextpolish_4143_SemiBin_81.fa,103_1,0.050000000000000044,average,fastANI,103
myloasm_nextpolish_8915_SemiBin_44.fa,103_1,0.050000000000000044,average,fastANI,103
opera_ms_4143_SemiBin_164.fa,103_1,0.050000000000000044,average,fastANI,103
opera_ms_8915_SemiBin_152.fa,103_1,0.050000000000000044,average,fastANI,103
flye_8915_SemiBin_591.fa,104_1,0.050000000000000044,average,fastANI,104
flye_nextpolish_8915_SemiBin_590.fa,104_1,0.050000000000000044,average,fastANI,104
hybridspades_8915_SemiBin_32.fa,104_1,0.050000000000000044,average,fastANI,104
metamdbg_8915_SemiBin_263.fa,104_1,0.050000000000000044,average,fastANI,104
metamdbg_nextpolish_8915_SemiBin_277.fa,104_1,0.050000000000000044,average,fastANI,104
myloasm_8915_SemiBin_258.fa,104_1,0.050000000000000044,average,fastANI,104
myloasm_nextpolish_8915_SemiBin_261.fa,104_1,0.050000000000000044,average,fastANI,104
opera_ms_8915_SemiBin_1.fa,104_1,0.050000000000000044,average,fastANI,104
flye_8915_SemiBin_227.fa,105_1,0.050000000000000044,average,fastANI,105
flye_nextpolish_8915_SemiBin_219.fa,105_1,0.050000000000000044,average,fastANI,105
hybridspades_8915_SemiBin_35.fa,105_1,0.050000000000000044,average,fastANI,105
metamdbg_8915_SemiBin_312.fa,105_1,0.050000000000000044,average,fastANI,105
metamdbg_nextpolish_8915_SemiBin_326.fa,105_1,0.050000000000000044,average,fastANI,105
myloasm_8915_SemiBin_583.fa,105_1,0.050000000000000044,average,fastANI,105
myloasm_nextpolish_8915_SemiBin_583.fa,105_1,0.050000000000000044,average,fastANI,105
flye_4143_SemiBin_403.fa,105_2,0.050000000000000044,average,fastANI,105
flye_nextpolish_4143_SemiBin_444.fa,105_2,0.050000000000000044,average,fastANI,105
hybridspades_4143_SemiBin_25.fa,105_2,0.050000000000000044,average,fastANI,105
metamdbg_4143_SemiBin_142.fa,105_2,0.050000000000000044,average,fastANI,105
metamdbg_nextpolish_4143_SemiBin_163.fa,105_2,0.050000000000000044,average,fastANI,105
myloasm_4143_SemiBin_168.fa,105_2,0.050000000000000044,average,fastANI,105
myloasm_nextpolish_4143_SemiBin_163.fa,105_2,0.050000000000000044,average,fastANI,105
opera_ms_4143_SemiBin_1.fa,105_2,0.050000000000000044,average,fastANI,105
flye_8366_SemiBin_566.fa,106_1,0.050000000000000044,average,fastANI,106
flye_nextpolish_8366_SemiBin_522.fa,106_1,0.050000000000000044,average,fastANI,106
flye_nextpolish_8915_SemiBin_363.fa,106_1,0.050000000000000044,average,fastANI,106
hybridspades_8366_SemiBin_2.fa,106_1,0.050000000000000044,average,fastANI,106
hybridspades_8915_SemiBin_65.fa,106_1,0.050000000000000044,average,fastANI,106
metamdbg_8366_SemiBin_127.fa,106_1,0.050000000000000044,average,fastANI,106
metamdbg_nextpolish_8366_SemiBin_141.fa,106_1,0.050000000000000044,average,fastANI,106
metamdbg_nextpolish_8915_SemiBin_191.fa,106_1,0.050000000000000044,average,fastANI,106
myloasm_8366_SemiBin_387.fa,106_1,0.050000000000000044,average,fastANI,106
myloasm_8915_SemiBin_104.fa,106_1,0.050000000000000044,average,fastANI,106
myloasm_nextpolish_8366_SemiBin_395.fa,106_1,0.050000000000000044,average,fastANI,106
myloasm_nextpolish_8915_SemiBin_133.fa,106_1,0.050000000000000044,average,fastANI,106
opera_ms_8366_SemiBin_0.fa,106_1,0.050000000000000044,average,fastANI,106
opera_ms_8915_SemiBin_22.fa,106_1,0.050000000000000044,average,fastANI,106
flye_8915_SemiBin_367.fa,107_1,0.050000000000000044,average,fastANI,107
flye_nextpolish_8915_SemiBin_361.fa,107_1,0.050000000000000044,average,fastANI,107
hybridspades_8915_SemiBin_63.fa,107_1,0.050000000000000044,average,fastANI,107
metamdbg_8915_SemiBin_62.fa,107_1,0.050000000000000044,average,fastANI,107
metamdbg_nextpolish_8915_SemiBin_188.fa,107_1,0.050000000000000044,average,fastANI,107
myloasm_8915_SemiBin_108.fa,107_1,0.050000000000000044,average,fastANI,107
myloasm_nextpolish_8915_SemiBin_136.fa,107_1,0.050000000000000044,average,fastANI,107
opera_ms_8915_SemiBin_21.fa,107_1,0.050000000000000044,average,fastANI,107
flye_nextpolish_8915_SemiBin_360.fa,108_1,0.050000000000000044,average,fastANI,108
hybridspades_8915_SemiBin_67.fa,108_1,0.050000000000000044,average,fastANI,108
metamdbg_8915_SemiBin_64.fa,108_1,0.050000000000000044,average,fastANI,108
metamdbg_nextpolish_8915_SemiBin_187.fa,108_1,0.050000000000000044,average,fastANI,108
myloasm_8915_SemiBin_106.fa,108_1,0.050000000000000044,average,fastANI,108
myloasm_nextpolish_8915_SemiBin_135.fa,108_1,0.050000000000000044,average,fastANI,108
opera_ms_8915_SemiBin_23.fa,108_1,0.050000000000000044,average,fastANI,108
hybridspades_8915_SemiBin_66.fa,109_1,0.050000000000000044,average,fastANI,109
metamdbg_nextpolish_8915_SemiBin_190.fa,109_1,0.050000000000000044,average,fastANI,109
myloasm_8915_SemiBin_105.fa,109_1,0.050000000000000044,average,fastANI,109
flye_4143_SemiBin_117.fa,110_1,0.050000000000000044,average,fastANI,110
flye_nextpolish_4143_SemiBin_58.fa,110_1,0.050000000000000044,average,fastANI,110
hybridspades_4143_SemiBin_18.fa,110_1,0.050000000000000044,average,fastANI,110
metamdbg_4143_SemiBin_197.fa,110_1,0.050000000000000044,average,fastANI,110
metamdbg_nextpolish_4143_SemiBin_243.fa,110_1,0.050000000000000044,average,fastANI,110
myloasm_4143_SemiBin_523.fa,110_1,0.050000000000000044,average,fastANI,110
myloasm_nextpolish_4143_SemiBin_506.fa,110_1,0.050000000000000044,average,fastANI,110
opera_ms_4143_SemiBin_0.fa,110_1,0.050000000000000044,average,fastANI,110
hybridspades_8915_SemiBin_64.fa,111_1,0.050000000000000044,average,fastANI,111
metamdbg_8915_SemiBin_61.fa,111_1,0.050000000000000044,average,fastANI,111
metamdbg_nextpolish_8915_SemiBin_189.fa,111_1,0.050000000000000044,average,fastANI,111
myloasm_8915_SemiBin_107.fa,111_1,0.050000000000000044,average,fastANI,111
flye_0942_SemiBin_95.fa,112_1,0.050000000000000044,average,fastANI,112
flye_nextpolish_0942_SemiBin_100.fa,112_1,0.050000000000000044,average,fastANI,112
hybridspades_0942_SemiBin_53.fa,112_1,0.050000000000000044,average,fastANI,112
metamdbg_0942_SemiBin_93.fa,112_1,0.050000000000000044,average,fastANI,112
metamdbg_nextpolish_0942_SemiBin_42.fa,112_1,0.050000000000000044,average,fastANI,112
myloasm_0942_SemiBin_93.fa,112_1,0.050000000000000044,average,fastANI,112
myloasm_nextpolish_0942_SemiBin_104.fa,112_1,0.050000000000000044,average,fastANI,112
opera_ms_0942_SemiBin_60.fa,112_1,0.050000000000000044,average,fastANI,112
flye_8915_SemiBin_48.fa,113_1,0.050000000000000044,average,fastANI,113
flye_nextpolish_8915_SemiBin_87.fa,113_1,0.050000000000000044,average,fastANI,113
hybridspades_8915_SemiBin_108.fa,113_1,0.050000000000000044,average,fastANI,113
flye_nextpolish_8915_SemiBin_85.fa,114_1,0.050000000000000044,average,fastANI,114
metamdbg_nextpolish_8915_SemiBin_74.fa,114_1,0.050000000000000044,average,fastANI,114
flye_4143_SemiBin_179.fa,115_1,0.050000000000000044,average,fastANI,115
flye_nextpolish_4143_SemiBin_3.fa,115_1,0.050000000000000044,average,fastANI,115
hybridspades_4143_SemiBin_132.fa,115_1,0.050000000000000044,average,fastANI,115
flye_8366_SemiBin_28.fa,115_2,0.050000000000000044,average,fastANI,115
flye_nextpolish_8366_SemiBin_81.fa,115_2,0.050000000000000044,average,fastANI,115
flye_nextpolish_8915_SemiBin_88.fa,115_2,0.050000000000000044,average,fastANI,115
hybridspades_8366_SemiBin_153.fa,115_2,0.050000000000000044,average,fastANI,115
hybridspades_8373_SemiBin_187.fa,115_2,0.050000000000000044,average,fastANI,115
metamdbg_8366_SemiBin_69.fa,115_2,0.050000000000000044,average,fastANI,115
metamdbg_nextpolish_8366_SemiBin_54.fa,115_2,0.050000000000000044,average,fastANI,115
metamdbg_nextpolish_8915_SemiBin_73.fa,115_2,0.050000000000000044,average,fastANI,115
myloasm_4143_SemiBin_22.fa,115_2,0.050000000000000044,average,fastANI,115
myloasm_nextpolish_4143_SemiBin_11.fa,115_2,0.050000000000000044,average,fastANI,115
myloasm_nextpolish_8373_SemiBin_66.fa,115_2,0.050000000000000044,average,fastANI,115
myloasm_nextpolish_8915_SemiBin_56.fa,115_2,0.050000000000000044,average,fastANI,115
opera_ms_8366_SemiBin_101.fa,115_2,0.050000000000000044,average,fastANI,115
opera_ms_8373_SemiBin_150.fa,115_2,0.050000000000000044,average,fastANI,115
opera_ms_8915_SemiBin_42.fa,115_2,0.050000000000000044,average,fastANI,115
flye_4143_SemiBin_94.fa,116_1,0.050000000000000044,average,fastANI,116
flye_nextpolish_4143_SemiBin_68.fa,116_1,0.050000000000000044,average,fastANI,116
hybridspades_4143_SemiBin_118.fa,116_1,0.050000000000000044,average,fastANI,116
metamdbg_4143_SemiBin_7.fa,116_1,0.050000000000000044,average,fastANI,116
metamdbg_nextpolish_4143_SemiBin_74.fa,116_1,0.050000000000000044,average,fastANI,116
myloasm_4143_SemiBin_24.fa,116_1,0.050000000000000044,average,fastANI,116
myloasm_nextpolish_4143_SemiBin_21.fa,116_1,0.050000000000000044,average,fastANI,116
opera_ms_4143_SemiBin_75.fa,116_1,0.050000000000000044,average,fastANI,116
flye_4143_SemiBin_23.fa,117_1,0.050000000000000044,average,fastANI,117
flye_8373_SemiBin_87.fa,117_1,0.050000000000000044,average,fastANI,117
flye_nextpolish_4143_SemiBin_33.fa,117_1,0.050000000000000044,average,fastANI,117
flye_nextpolish_8373_SemiBin_106.fa,117_1,0.050000000000000044,average,fastANI,117
hybridspades_4143_SemiBin_145.fa,117_1,0.050000000000000044,average,fastANI,117
hybridspades_8373_SemiBin_111.fa,117_1,0.050000000000000044,average,fastANI,117
metamdbg_8373_SemiBin_137.fa,117_1,0.050000000000000044,average,fastANI,117
metamdbg_nextpolish_8373_SemiBin_62.fa,117_1,0.050000000000000044,average,fastANI,117
myloasm_4143_SemiBin_113.fa,117_1,0.050000000000000044,average,fastANI,117
myloasm_8373_SemiBin_63.fa,117_1,0.050000000000000044,average,fastANI,117
myloasm_nextpolish_4143_SemiBin_96.fa,117_1,0.050000000000000044,average,fastANI,117
myloasm_nextpolish_8373_SemiBin_69.fa,117_1,0.050000000000000044,average,fastANI,117
opera_ms_4143_SemiBin_128.fa,117_1,0.050000000000000044,average,fastANI,117
opera_ms_8373_SemiBin_155.fa,117_1,0.050000000000000044,average,fastANI,117
myloasm_nextpolish_8366_SemiBin_57.fa,117_2,0.050000000000000044,average,fastANI,117
flye_8915_SemiBin_134.fa,118_1,0.050000000000000044,average,fastANI,118
flye_nextpolish_8915_SemiBin_89.fa,118_1,0.050000000000000044,average,fastANI,118
hybridspades_8915_SemiBin_98.fa,118_1,0.050000000000000044,average,fastANI,118
metamdbg_8915_SemiBin_47.fa,118_1,0.050000000000000044,average,fastANI,118
metamdbg_nextpolish_8915_SemiBin_102.fa,118_1,0.050000000000000044,average,fastANI,118
myloasm_8915_SemiBin_199.fa,118_1,0.050000000000000044,average,fastANI,118
myloasm_nextpolish_8915_SemiBin_209.fa,118_1,0.050000000000000044,average,fastANI,118
opera_ms_8915_SemiBin_120.fa,118_1,0.050000000000000044,average,fastANI,118
hybridspades_4143_SemiBin_77.fa,119_1,0.050000000000000044,average,fastANI,119
metamdbg_4143_SemiBin_41.fa,119_1,0.050000000000000044,average,fastANI,119
metamdbg_nextpolish_4143_SemiBin_98.fa,119_1,0.050000000000000044,average,fastANI,119
myloasm_4143_SemiBin_97.fa,119_1,0.050000000000000044,average,fastANI,119
myloasm_nextpolish_4143_SemiBin_89.fa,119_1,0.050000000000000044,average,fastANI,119
opera_ms_4143_SemiBin_90.fa,119_1,0.050000000000000044,average,fastANI,119
hybridspades_8373_SemiBin_97.fa,120_1,0.050000000000000044,average,fastANI,120
metamdbg_8373_SemiBin_202.fa,120_1,0.050000000000000044,average,fastANI,120
metamdbg_nextpolish_8373_SemiBin_198.fa,120_1,0.050000000000000044,average,fastANI,120
myloasm_nextpolish_8915_SemiBin_14.fa,120_1,0.050000000000000044,average,fastANI,120
opera_ms_8373_SemiBin_34.fa,120_1,0.050000000000000044,average,fastANI,120
hybridspades_8366_SemiBin_146.fa,121_1,0.050000000000000044,average,fastANI,121
hybridspades_8373_SemiBin_207.fa,121_1,0.050000000000000044,average,fastANI,121
metamdbg_nextpolish_8373_SemiBin_79.fa,121_1,0.050000000000000044,average,fastANI,121
myloasm_nextpolish_4143_SemiBin_98.fa,121_1,0.050000000000000044,average,fastANI,121
hybridspades_4143_SemiBin_138.fa,122_1,0.050000000000000044,average,fastANI,122
hybridspades_8366_SemiBin_108.fa,122_1,0.050000000000000044,average,fastANI,122
metamdbg_4143_SemiBin_1.fa,122_1,0.050000000000000044,average,fastANI,122
myloasm_4143_SemiBin_98.fa,122_1,0.050000000000000044,average,fastANI,122
opera_ms_0942_SemiBin_84.fa,122_1,0.050000000000000044,average,fastANI,122
opera_ms_4143_SemiBin_89.fa,122_1,0.050000000000000044,average,fastANI,122
opera_ms_8366_SemiBin_84.fa,122_1,0.050000000000000044,average,fastANI,122
metamdbg_nextpolish_8915_SemiBin_104.fa,123_1,0.050000000000000044,average,fastANI,123
myloasm_8915_SemiBin_215.fa,123_1,0.050000000000000044,average,fastANI,123
myloasm_nextpolish_8915_SemiBin_231.fa,123_1,0.050000000000000044,average,fastANI,123
hybridspades_8915_SemiBin_111.fa,124_1,0.050000000000000044,average,fastANI,124
metamdbg_8915_SemiBin_16.fa,124_1,0.050000000000000044,average,fastANI,124
metamdbg_nextpolish_8915_SemiBin_80.fa,124_1,0.050000000000000044,average,fastANI,124
myloasm_8915_SemiBin_161.fa,124_1,0.050000000000000044,average,fastANI,124
myloasm_nextpolish_8915_SemiBin_141.fa,124_1,0.050000000000000044,average,fastANI,124
opera_ms_8915_SemiBin_100.fa,124_1,0.050000000000000044,average,fastANI,124
flye_8366_SemiBin_67.fa,125_1,0.050000000000000044,average,fastANI,125
flye_8373_SemiBin_90.fa,125_1,0.050000000000000044,average,fastANI,125
flye_nextpolish_8366_SemiBin_30.fa,125_1,0.050000000000000044,average,fastANI,125
flye_nextpolish_8373_SemiBin_41.fa,125_1,0.050000000000000044,average,fastANI,125
hybridspades_0942_SemiBin_73.fa,125_1,0.050000000000000044,average,fastANI,125
hybridspades_8366_SemiBin_152.fa,125_1,0.050000000000000044,average,fastANI,125
hybridspades_8373_SemiBin_173.fa,125_1,0.050000000000000044,average,fastANI,125
metamdbg_8366_SemiBin_52.fa,125_1,0.050000000000000044,average,fastANI,125
metamdbg_8373_SemiBin_94.fa,125_1,0.050000000000000044,average,fastANI,125
metamdbg_nextpolish_8366_SemiBin_53.fa,125_1,0.050000000000000044,average,fastANI,125
metamdbg_nextpolish_8373_SemiBin_90.fa,125_1,0.050000000000000044,average,fastANI,125
myloasm_8373_SemiBin_167.fa,125_1,0.050000000000000044,average,fastANI,125
myloasm_nextpolish_8373_SemiBin_163.fa,125_1,0.050000000000000044,average,fastANI,125
myloasm_nextpolish_8915_SemiBin_67.fa,125_1,0.050000000000000044,average,fastANI,125
opera_ms_0942_SemiBin_75.fa,125_1,0.050000000000000044,average,fastANI,125
opera_ms_8366_SemiBin_116.fa,125_1,0.050000000000000044,average,fastANI,125
opera_ms_8373_SemiBin_88.fa,125_1,0.050000000000000044,average,fastANI,125
flye_4143_SemiBin_169.fa,126_1,0.050000000000000044,average,fastANI,126
flye_8366_SemiBin_106.fa,126_1,0.050000000000000044,average,fastANI,126
flye_8915_SemiBin_265.fa,126_1,0.050000000000000044,average,fastANI,126
flye_nextpolish_4143_SemiBin_181.fa,126_1,0.050000000000000044,average,fastANI,126
flye_nextpolish_8366_SemiBin_104.fa,126_1,0.050000000000000044,average,fastANI,126
flye_nextpolish_8373_SemiBin_49.fa,126_1,0.050000000000000044,average,fastANI,126
flye_nextpolish_8915_SemiBin_381.fa,126_1,0.050000000000000044,average,fastANI,126
hybridspades_4143_SemiBin_59.fa,126_1,0.050000000000000044,average,fastANI,126
hybridspades_8366_SemiBin_61.fa,126_1,0.050000000000000044,average,fastANI,126
hybridspades_8373_SemiBin_74.fa,126_1,0.050000000000000044,average,fastANI,126
hybridspades_8915_SemiBin_86.fa,126_1,0.050000000000000044,average,fastANI,126
metamdbg_4143_SemiBin_215.fa,126_1,0.050000000000000044,average,fastANI,126
metamdbg_8366_SemiBin_171.fa,126_1,0.050000000000000044,average,fastANI,126
metamdbg_8373_SemiBin_176.fa,126_1,0.050000000000000044,average,fastANI,126
metamdbg_8915_SemiBin_265.fa,126_1,0.050000000000000044,average,fastANI,126
metamdbg_nextpolish_4143_SemiBin_186.fa,126_1,0.050000000000000044,average,fastANI,126
metamdbg_nextpolish_8366_SemiBin_194.fa,126_1,0.050000000000000044,average,fastANI,126
metamdbg_nextpolish_8373_SemiBin_186.fa,126_1,0.050000000000000044,average,fastANI,126
metamdbg_nextpolish_8915_SemiBin_256.fa,126_1,0.050000000000000044,average,fastANI,126
myloasm_4143_SemiBin_135.fa,126_1,0.050000000000000044,average,fastANI,126
myloasm_8366_SemiBin_380.fa,126_1,0.050000000000000044,average,fastANI,126
myloasm_8373_SemiBin_46.fa,126_1,0.050000000000000044,average,fastANI,126
myloasm_8915_SemiBin_132.fa,126_1,0.050000000000000044,average,fastANI,126
myloasm_nextpolish_4143_SemiBin_146.fa,126_1,0.050000000000000044,average,fastANI,126
myloasm_nextpolish_8366_SemiBin_398.fa,126_1,0.050000000000000044,average,fastANI,126
myloasm_nextpolish_8373_SemiBin_57.fa,126_1,0.050000000000000044,average,fastANI,126
myloasm_nextpolish_8915_SemiBin_120.fa,126_1,0.050000000000000044,average,fastANI,126
opera_ms_8366_SemiBin_92.fa,126_1,0.050000000000000044,average,fastANI,126
opera_ms_8373_SemiBin_27.fa,126_1,0.050000000000000044,average,fastANI,126
opera_ms_8915_SemiBin_33.fa,126_1,0.050000000000000044,average,fastANI,126
flye_4143_SemiBin_180.fa,127_1,0.050000000000000044,average,fastANI,127
flye_8366_SemiBin_97.fa,127_1,0.050000000000000044,average,fastANI,127
flye_nextpolish_4143_SemiBin_120.fa,127_1,0.050000000000000044,average,fastANI,127
flye_nextpolish_8366_SemiBin_98.fa,127_1,0.050000000000000044,average,fastANI,127
hybridspades_4143_SemiBin_60.fa,127_1,0.050000000000000044,average,fastANI,127
hybridspades_8366_SemiBin_63.fa,127_1,0.050000000000000044,average,fastANI,127
hybridspades_8373_SemiBin_55.fa,127_1,0.050000000000000044,average,fastANI,127
hybridspades_8915_SemiBin_113.fa,127_1,0.050000000000000044,average,fastANI,127
metamdbg_4143_SemiBin_175.fa,127_1,0.050000000000000044,average,fastANI,127
metamdbg_8366_SemiBin_112.fa,127_1,0.050000000000000044,average,fastANI,127
metamdbg_8373_SemiBin_239.fa,127_1,0.050000000000000044,average,fastANI,127
metamdbg_8915_SemiBin_6.fa,127_1,0.050000000000000044,average,fastANI,127
metamdbg_nextpolish_4143_SemiBin_36.fa,127_1,0.050000000000000044,average,fastANI,127
metamdbg_nextpolish_8366_SemiBin_52.fa,127_1,0.050000000000000044,average,fastANI,127
metamdbg_nextpolish_8373_SemiBin_248.fa,127_1,0.050000000000000044,average,fastANI,127
metamdbg_nextpolish_8915_SemiBin_45.fa,127_1,0.050000000000000044,average,fastANI,127
flye_8915_SemiBin_318.fa,128_1,0.050000000000000044,average,fastANI,128
flye_nextpolish_8915_SemiBin_293.fa,128_1,0.050000000000000044,average,fastANI,128
hybridspades_8915_SemiBin_23.fa,128_1,0.050000000000000044,average,fastANI,128
metamdbg_8915_SemiBin_257.fa,128_1,0.050000000000000044,average,fastANI,128
metamdbg_nextpolish_8915_SemiBin_285.fa,128_1,0.050000000000000044,average,fastANI,128
opera_ms_8915_SemiBin_58.fa,128_1,0.050000000000000044,average,fastANI,128
flye_0942_SemiBin_179.fa,129_1,0.050000000000000044,average,fastANI,129
flye_4143_SemiBin_109.fa,129_1,0.050000000000000044,average,fastANI,129
flye_8366_SemiBin_95.fa,129_1,0.050000000000000044,average,fastANI,129
flye_8373_SemiBin_130.fa,129_1,0.050000000000000044,average,fastANI,129
flye_nextpolish_0942_SemiBin_200.fa,129_1,0.050000000000000044,average,fastANI,129
flye_nextpolish_4143_SemiBin_179.fa,129_1,0.050000000000000044,average,fastANI,129
flye_nextpolish_8366_SemiBin_19.fa,129_1,0.050000000000000044,average,fastANI,129
flye_nextpolish_8373_SemiBin_20.fa,129_1,0.050000000000000044,average,fastANI,129
hybridspades_0942_SemiBin_24.fa,129_1,0.050000000000000044,average,fastANI,129
hybridspades_4143_SemiBin_51.fa,129_1,0.050000000000000044,average,fastANI,129
hybridspades_8373_SemiBin_101.fa,129_1,0.050000000000000044,average,fastANI,129
metamdbg_0942_SemiBin_100.fa,129_1,0.050000000000000044,average,fastANI,129
metamdbg_8366_SemiBin_111.fa,129_1,0.050000000000000044,average,fastANI,129
metamdbg_8915_SemiBin_118.fa,129_1,0.050000000000000044,average,fastANI,129
metamdbg_nextpolish_0942_SemiBin_99.fa,129_1,0.050000000000000044,average,fastANI,129
metamdbg_nextpolish_8366_SemiBin_51.fa,129_1,0.050000000000000044,average,fastANI,129
metamdbg_nextpolish_8373_SemiBin_83.fa,129_1,0.050000000000000044,average,fastANI,129
metamdbg_nextpolish_8915_SemiBin_76.fa,129_1,0.050000000000000044,average,fastANI,129
myloasm_0942_SemiBin_296.fa,129_1,0.050000000000000044,average,fastANI,129
myloasm_nextpolish_0942_SemiBin_304.fa,129_1,0.050000000000000044,average,fastANI,129
opera_ms_4143_SemiBin_18.fa,129_1,0.050000000000000044,average,fastANI,129
opera_ms_8366_SemiBin_67.fa,129_1,0.050000000000000044,average,fastANI,129
opera_ms_8373_SemiBin_56.fa,129_1,0.050000000000000044,average,fastANI,129
flye_8915_SemiBin_162.fa,130_1,0.050000000000000044,average,fastANI,130
flye_nextpolish_8915_SemiBin_107.fa,130_1,0.050000000000000044,average,fastANI,130
hybridspades_8915_SemiBin_130.fa,130_1,0.050000000000000044,average,fastANI,130
metamdbg_8915_SemiBin_152.fa,130_1,0.050000000000000044,average,fastANI,130
metamdbg_nextpolish_8915_SemiBin_44.fa,130_1,0.050000000000000044,average,fastANI,130
myloasm_8915_SemiBin_6.fa,130_1,0.050000000000000044,average,fastANI,130
myloasm_nextpolish_8915_SemiBin_22.fa,130_1,0.050000000000000044,average,fastANI,130
opera_ms_8915_SemiBin_147.fa,130_1,0.050000000000000044,average,fastANI,130
flye_nextpolish_0942_SemiBin_91.fa,131_1,0.050000000000000044,average,fastANI,131
myloasm_nextpolish_0942_SemiBin_53.fa,131_1,0.050000000000000044,average,fastANI,131
flye_8373_SemiBin_70.fa,132_1,0.050000000000000044,average,fastANI,132
flye_nextpolish_8373_SemiBin_53.fa,132_1,0.050000000000000044,average,fastANI,132
hybridspades_8373_SemiBin_212.fa,132_1,0.050000000000000044,average,fastANI,132
metamdbg_8373_SemiBin_92.fa,132_1,0.050000000000000044,average,fastANI,132
metamdbg_nextpolish_8373_SemiBin_14.fa,132_1,0.050000000000000044,average,fastANI,132
myloasm_8373_SemiBin_4.fa,132_1,0.050000000000000044,average,fastANI,132
myloasm_nextpolish_8373_SemiBin_9.fa,132_1,0.050000000000000044,average,fastANI,132
opera_ms_8373_SemiBin_146.fa,132_1,0.050000000000000044,average,fastANI,132
flye_8373_SemiBin_345.fa,133_1,0.050000000000000044,average,fastANI,133
flye_nextpolish_8373_SemiBin_357.fa,133_1,0.050000000000000044,average,fastANI,133
hybridspades_8373_SemiBin_11.fa,133_1,0.050000000000000044,average,fastANI,133
metamdbg_8373_SemiBin_403.fa,133_1,0.050000000000000044,average,fastANI,133
metamdbg_nextpolish_8373_SemiBin_402.fa,133_1,0.050000000000000044,average,fastANI,133
myloasm_8373_SemiBin_170.fa,133_1,0.050000000000000044,average,fastANI,133
myloasm_nextpolish_8373_SemiBin_189.fa,133_1,0.050000000000000044,average,fastANI,133
opera_ms_8373_SemiBin_51.fa,133_1,0.050000000000000044,average,fastANI,133
flye_8366_SemiBin_15.fa,134_1,0.050000000000000044,average,fastANI,134
flye_8915_SemiBin_176.fa,134_1,0.050000000000000044,average,fastANI,134
flye_nextpolish_8366_SemiBin_63.fa,134_1,0.050000000000000044,average,fastANI,134
flye_nextpolish_8915_SemiBin_116.fa,134_1,0.050000000000000044,average,fastANI,134
hybridspades_0942_SemiBin_103.fa,134_1,0.050000000000000044,average,fastANI,134
hybridspades_8366_SemiBin_227.fa,134_1,0.050000000000000044,average,fastANI,134
hybridspades_8373_SemiBin_150.fa,134_1,0.050000000000000044,average,fastANI,134
hybridspades_8915_SemiBin_101.fa,134_1,0.050000000000000044,average,fastANI,134
metamdbg_8366_SemiBin_113.fa,134_1,0.050000000000000044,average,fastANI,134
metamdbg_8915_SemiBin_166.fa,134_1,0.050000000000000044,average,fastANI,134
metamdbg_nextpolish_8366_SemiBin_24.fa,134_1,0.050000000000000044,average,fastANI,134
metamdbg_nextpolish_8373_SemiBin_41.fa,134_1,0.050000000000000044,average,fastANI,134
metamdbg_nextpolish_8915_SemiBin_170.fa,134_1,0.050000000000000044,average,fastANI,134
myloasm_8915_SemiBin_70.fa,134_1,0.050000000000000044,average,fastANI,134
myloasm_nextpolish_8915_SemiBin_19.fa,134_1,0.050000000000000044,average,fastANI,134
opera_ms_0942_SemiBin_50.fa,134_1,0.050000000000000044,average,fastANI,134
opera_ms_8366_SemiBin_102.fa,134_1,0.050000000000000044,average,fastANI,134
opera_ms_8373_SemiBin_110.fa,134_1,0.050000000000000044,average,fastANI,134
opera_ms_8915_SemiBin_114.fa,134_1,0.050000000000000044,average,fastANI,134
flye_8366_SemiBin_14.fa,135_1,0.050000000000000044,average,fastANI,135
flye_nextpolish_8366_SemiBin_62.fa,135_1,0.050000000000000044,average,fastANI,135
hybridspades_8366_SemiBin_235.fa,135_1,0.050000000000000044,average,fastANI,135
metamdbg_8366_SemiBin_29.fa,135_1,0.050000000000000044,average,fastANI,135
metamdbg_nextpolish_8366_SemiBin_48.fa,135_1,0.050000000000000044,average,fastANI,135
hybridspades_4143_SemiBin_240.fa,136_1,0.050000000000000044,average,fastANI,136
metamdbg_4143_SemiBin_77.fa,136_1,0.050000000000000044,average,fastANI,136
metamdbg_nextpolish_4143_SemiBin_13.fa,136_1,0.050000000000000044,average,fastANI,136
myloasm_4143_SemiBin_158.fa,136_1,0.050000000000000044,average,fastANI,136
opera_ms_4143_SemiBin_114.fa,136_1,0.050000000000000044,average,fastANI,136
hybridspades_8373_SemiBin_356.fa,136_2,0.050000000000000044,average,fastANI,136
metamdbg_nextpolish_8373_SemiBin_42.fa,136_2,0.050000000000000044,average,fastANI,136
hybridspades_8366_SemiBin_218.fa,137_1,0.050000000000000044,average,fastANI,137
myloasm_nextpolish_8366_SemiBin_86.fa,137_1,0.050000000000000044,average,fastANI,137
myloasm_nextpolish_8366_SemiBin_87.fa,138_0,0.050000000000000044,average,fastANI,138
flye_4143_SemiBin_8.fa,139_1,0.050000000000000044,average,fastANI,139
flye_8373_SemiBin_331.fa,139_1,0.050000000000000044,average,fastANI,139
flye_nextpolish_4143_SemiBin_55.fa,139_1,0.050000000000000044,average,fastANI,139
flye_nextpolish_8373_SemiBin_345.fa,139_1,0.050000000000000044,average,fastANI,139
hybridspades_4143_SemiBin_123.fa,139_1,0.050000000000000044,average,fastANI,139
hybridspades_8373_SemiBin_27.fa,139_1,0.050000000000000044,average,fastANI,139
metamdbg_4143_SemiBin_100.fa,139_1,0.050000000000000044,average,fastANI,139
metamdbg_8373_SemiBin_208.fa,139_1,0.050000000000000044,average,fastANI,139
metamdbg_nextpolish_4143_SemiBin_99.fa,139_1,0.050000000000000044,average,fastANI,139
metamdbg_nextpolish_8373_SemiBin_237.fa,139_1,0.050000000000000044,average,fastANI,139
myloasm_4143_SemiBin_23.fa,139_1,0.050000000000000044,average,fastANI,139
myloasm_8373_SemiBin_48.fa,139_1,0.050000000000000044,average,fastANI,139
myloasm_nextpolish_4143_SemiBin_51.fa,139_1,0.050000000000000044,average,fastANI,139
myloasm_nextpolish_8373_SemiBin_54.fa,139_1,0.050000000000000044,average,fastANI,139
myloasm_nextpolish_8915_SemiBin_207.fa,139_1,0.050000000000000044,average,fastANI,139
opera_ms_4143_SemiBin_127.fa,139_1,0.050000000000000044,average,fastANI,139
opera_ms_8373_SemiBin_4.fa,139_1,0.050000000000000044,average,fastANI,139
flye_8366_SemiBin_38.fa,140_1,0.050000000000000044,average,fastANI,140
flye_8373_SemiBin_73.fa,140_1,0.050000000000000044,average,fastANI,140
flye_nextpolish_8366_SemiBin_50.fa,140_1,0.050000000000000044,average,fastANI,140
flye_nextpolish_8373_SemiBin_139.fa,140_1,0.050000000000000044,average,fastANI,140
hybridspades_8366_SemiBin_122.fa,140_1,0.050000000000000044,average,fastANI,140
hybridspades_8373_SemiBin_19.fa,140_1,0.050000000000000044,average,fastANI,140
metamdbg_8373_SemiBin_233.fa,140_1,0.050000000000000044,average,fastANI,140
metamdbg_nextpolish_8366_SemiBin_9.fa,140_1,0.050000000000000044,average,fastANI,140
metamdbg_nextpolish_8373_SemiBin_258.fa,140_1,0.050000000000000044,average,fastANI,140
myloasm_8373_SemiBin_232.fa,140_1,0.050000000000000044,average,fastANI,140
myloasm_nextpolish_8373_SemiBin_260.fa,140_1,0.050000000000000044,average,fastANI,140
opera_ms_8373_SemiBin_5.fa,140_1,0.050000000000000044,average,fastANI,140
flye_0942_SemiBin_93.fa,141_1,0.050000000000000044,average,fastANI,141
flye_nextpolish_0942_SemiBin_94.fa,141_1,0.050000000000000044,average,fastANI,141
hybridspades_0942_SemiBin_86.fa,141_1,0.050000000000000044,average,fastANI,141
metamdbg_0942_SemiBin_3.fa,141_1,0.050000000000000044,average,fastANI,141
metamdbg_nextpolish_0942_SemiBin_48.fa,141_1,0.050000000000000044,average,fastANI,141
myloasm_nextpolish_0942_SemiBin_18.fa,141_1,0.050000000000000044,average,fastANI,141
opera_ms_0942_SemiBin_55.fa,141_1,0.050000000000000044,average,fastANI,141
flye_8373_SemiBin_43.fa,142_1,0.050000000000000044,average,fastANI,142
flye_nextpolish_8373_SemiBin_111.fa,142_1,0.050000000000000044,average,fastANI,142
hybridspades_8373_SemiBin_75.fa,142_1,0.050000000000000044,average,fastANI,142
metamdbg_nextpolish_8373_SemiBin_15.fa,142_1,0.050000000000000044,average,fastANI,142
myloasm_nextpolish_8373_SemiBin_158.fa,142_1,0.050000000000000044,average,fastANI,142
opera_ms_8373_SemiBin_21.fa,142_1,0.050000000000000044,average,fastANI,142
flye_4143_SemiBin_268.fa,143_1,0.050000000000000044,average,fastANI,143
flye_8366_SemiBin_207.fa,143_1,0.050000000000000044,average,fastANI,143
flye_8915_SemiBin_62.fa,143_1,0.050000000000000044,average,fastANI,143
flye_nextpolish_4143_SemiBin_261.fa,143_1,0.050000000000000044,average,fastANI,143
flye_nextpolish_8366_SemiBin_197.fa,143_1,0.050000000000000044,average,fastANI,143
flye_nextpolish_8915_SemiBin_65.fa,143_1,0.050000000000000044,average,fastANI,143
hybridspades_0942_SemiBin_87.fa,143_1,0.050000000000000044,average,fastANI,143
hybridspades_4143_SemiBin_4.fa,143_1,0.050000000000000044,average,fastANI,143
hybridspades_8366_SemiBin_48.fa,143_1,0.050000000000000044,average,fastANI,143
hybridspades_8915_SemiBin_118.fa,143_1,0.050000000000000044,average,fastANI,143
metamdbg_4143_SemiBin_32.fa,143_1,0.050000000000000044,average,fastANI,143
metamdbg_8366_SemiBin_95.fa,143_1,0.050000000000000044,average,fastANI,143
metamdbg_8915_SemiBin_182.fa,143_1,0.050000000000000044,average,fastANI,143
metamdbg_nextpolish_0942_SemiBin_61.fa,143_1,0.050000000000000044,average,fastANI,143
metamdbg_nextpolish_4143_SemiBin_159.fa,143_1,0.050000000000000044,average,fastANI,143
metamdbg_nextpolish_8366_SemiBin_64.fa,143_1,0.050000000000000044,average,fastANI,143
metamdbg_nextpolish_8915_SemiBin_153.fa,143_1,0.050000000000000044,average,fastANI,143
myloasm_8366_SemiBin_137.fa,143_1,0.050000000000000044,average,fastANI,143
myloasm_8915_SemiBin_150.fa,143_1,0.050000000000000044,average,fastANI,143
myloasm_nextpolish_0942_SemiBin_3.fa,143_1,0.050000000000000044,average,fastANI,143
myloasm_nextpolish_8366_SemiBin_137.fa,143_1,0.050000000000000044,average,fastANI,143
myloasm_nextpolish_8915_SemiBin_169.fa,143_1,0.050000000000000044,average,fastANI,143
opera_ms_4143_SemiBin_10.fa,143_1,0.050000000000000044,average,fastANI,143
opera_ms_8915_SemiBin_136.fa,143_1,0.050000000000000044,average,fastANI,143
flye_8373_SemiBin_44.fa,144_1,0.050000000000000044,average,fastANI,144
flye_8915_SemiBin_92.fa,144_1,0.050000000000000044,average,fastANI,144
flye_nextpolish_8373_SemiBin_112.fa,144_1,0.050000000000000044,average,fastANI,144
flye_nextpolish_8915_SemiBin_10.fa,144_1,0.050000000000000044,average,fastANI,144
hybridspades_8373_SemiBin_59.fa,144_1,0.050000000000000044,average,fastANI,144
hybridspades_8915_SemiBin_40.fa,144_1,0.050000000000000044,average,fastANI,144
metamdbg_8915_SemiBin_253.fa,144_1,0.050000000000000044,average,fastANI,144
metamdbg_nextpolish_8373_SemiBin_16.fa,144_1,0.050000000000000044,average,fastANI,144
metamdbg_nextpolish_8915_SemiBin_253.fa,144_1,0.050000000000000044,average,fastANI,144
myloasm_8915_SemiBin_110.fa,144_1,0.050000000000000044,average,fastANI,144
myloasm_nextpolish_8373_SemiBin_159.fa,144_1,0.050000000000000044,average,fastANI,144
myloasm_nextpolish_8915_SemiBin_129.fa,144_1,0.050000000000000044,average,fastANI,144
opera_ms_8373_SemiBin_22.fa,144_1,0.050000000000000044,average,fastANI,144
opera_ms_8915_SemiBin_39.fa,144_1,0.050000000000000044,average,fastANI,144
flye_8366_SemiBin_206.fa,145_1,0.050000000000000044,average,fastANI,145
flye_8373_SemiBin_162.fa,145_1,0.050000000000000044,average,fastANI,145
flye_nextpolish_8366_SemiBin_196.fa,145_1,0.050000000000000044,average,fastANI,145
flye_nextpolish_8373_SemiBin_202.fa,145_1,0.050000000000000044,average,fastANI,145
hybridspades_8366_SemiBin_47.fa,145_1,0.050000000000000044,average,fastANI,145
metamdbg_8366_SemiBin_94.fa,145_1,0.050000000000000044,average,fastANI,145
metamdbg_8373_SemiBin_287.fa,145_1,0.050000000000000044,average,fastANI,145
metamdbg_nextpolish_8366_SemiBin_63.fa,145_1,0.050000000000000044,average,fastANI,145
metamdbg_nextpolish_8373_SemiBin_286.fa,145_1,0.050000000000000044,average,fastANI,145
myloasm_8366_SemiBin_138.fa,145_1,0.050000000000000044,average,fastANI,145
myloasm_nextpolish_8366_SemiBin_138.fa,145_1,0.050000000000000044,average,fastANI,145
opera_ms_8366_SemiBin_82.fa,145_1,0.050000000000000044,average,fastANI,145
flye_8373_SemiBin_60.fa,146_1,0.050000000000000044,average,fastANI,146
flye_8915_SemiBin_125.fa,146_1,0.050000000000000044,average,fastANI,146
flye_nextpolish_8373_SemiBin_12.fa,146_1,0.050000000000000044,average,fastANI,146
flye_nextpolish_8915_SemiBin_140.fa,146_1,0.050000000000000044,average,fastANI,146
hybridspades_8373_SemiBin_172.fa,146_1,0.050000000000000044,average,fastANI,146
hybridspades_8915_SemiBin_160.fa,146_1,0.050000000000000044,average,fastANI,146
metamdbg_8915_SemiBin_8.fa,146_1,0.050000000000000044,average,fastANI,146
metamdbg_nextpolish_8373_SemiBin_70.fa,146_1,0.050000000000000044,average,fastANI,146
metamdbg_nextpolish_8915_SemiBin_113.fa,146_1,0.050000000000000044,average,fastANI,146
myloasm_8373_SemiBin_83.fa,146_1,0.050000000000000044,average,fastANI,146
myloasm_nextpolish_0942_SemiBin_51.fa,146_1,0.050000000000000044,average,fastANI,146
myloasm_nextpolish_8373_SemiBin_76.fa,146_1,0.050000000000000044,average,fastANI,146
myloasm_nextpolish_8915_SemiBin_81.fa,146_1,0.050000000000000044,average,fastANI,146
opera_ms_8373_SemiBin_139.fa,146_1,0.050000000000000044,average,fastANI,146
opera_ms_8915_SemiBin_158.fa,146_1,0.050000000000000044,average,fastANI,146
flye_8915_SemiBin_279.fa,147_1,0.050000000000000044,average,fastANI,147
flye_nextpolish_8915_SemiBin_267.fa,147_1,0.050000000000000044,average,fastANI,147
hybridspades_8915_SemiBin_165.fa,147_1,0.050000000000000044,average,fastANI,147
metamdbg_8915_SemiBin_122.fa,147_1,0.050000000000000044,average,fastANI,147
metamdbg_nextpolish_8915_SemiBin_132.fa,147_1,0.050000000000000044,average,fastANI,147
opera_ms_8915_SemiBin_119.fa,147_1,0.050000000000000044,average,fastANI,147
flye_0942_SemiBin_14.fa,148_1,0.050000000000000044,average,fastANI,148
flye_4143_SemiBin_222.fa,148_1,0.050000000000000044,average,fastANI,148
flye_nextpolish_0942_SemiBin_45.fa,148_1,0.050000000000000044,average,fastANI,148
flye_nextpolish_4143_SemiBin_194.fa,148_1,0.050000000000000044,average,fastANI,148
hybridspades_0942_SemiBin_32.fa,148_1,0.050000000000000044,average,fastANI,148
hybridspades_4143_SemiBin_87.fa,148_1,0.050000000000000044,average,fastANI,148
hybridspades_8366_SemiBin_166.fa,148_1,0.050000000000000044,average,fastANI,148
metamdbg_4143_SemiBin_17.fa,148_1,0.050000000000000044,average,fastANI,148
metamdbg_nextpolish_4143_SemiBin_34.fa,148_1,0.050000000000000044,average,fastANI,148
myloasm_4143_SemiBin_41.fa,148_1,0.050000000000000044,average,fastANI,148
myloasm_nextpolish_4143_SemiBin_83.fa,148_1,0.050000000000000044,average,fastANI,148
opera_ms_0942_SemiBin_0.fa,148_1,0.050000000000000044,average,fastANI,148
opera_ms_4143_SemiBin_61.fa,148_1,0.050000000000000044,average,fastANI,148
myloasm_8366_SemiBin_107.fa,148_2,0.050000000000000044,average,fastANI,148
myloasm_nextpolish_8366_SemiBin_111.fa,148_2,0.050000000000000044,average,fastANI,148
flye_nextpolish_8373_SemiBin_107.fa,148_3,0.050000000000000044,average,fastANI,148
myloasm_nextpolish_8373_SemiBin_78.fa,148_3,0.050000000000000044,average,fastANI,148
myloasm_nextpolish_0942_SemiBin_36.fa,149_0,0.050000000000000044,average,fastANI,149
myloasm_nextpolish_8373_SemiBin_105.fa,150_0,0.050000000000000044,average,fastANI,150
flye_8373_SemiBin_12.fa,151_1,0.050000000000000044,average,fastANI,151
flye_nextpolish_8373_SemiBin_65.fa,151_1,0.050000000000000044,average,fastANI,151
hybridspades_8373_SemiBin_226.fa,151_1,0.050000000000000044,average,fastANI,151
metamdbg_8373_SemiBin_91.fa,151_1,0.050000000000000044,average,fastANI,151
metamdbg_nextpolish_8373_SemiBin_45.fa,151_1,0.050000000000000044,average,fastANI,151
opera_ms_8373_SemiBin_85.fa,151_1,0.050000000000000044,average,fastANI,151
flye_0942_SemiBin_109.fa,151_2,0.050000000000000044,average,fastANI,151
flye_4143_SemiBin_37.fa,151_2,0.050000000000000044,average,fastANI,151
flye_8366_SemiBin_21.fa,151_2,0.050000000000000044,average,fastANI,151
flye_8915_SemiBin_275.fa,151_2,0.050000000000000044,average,fastANI,151
flye_nextpolish_0942_SemiBin_96.fa,151_2,0.050000000000000044,average,fastANI,151
flye_nextpolish_4143_SemiBin_185.fa,151_2,0.050000000000000044,average,fastANI,151
flye_nextpolish_8366_SemiBin_108.fa,151_2,0.050000000000000044,average,fastANI,151
flye_nextpolish_8915_SemiBin_287.fa,151_2,0.050000000000000044,average,fastANI,151
hybridspades_0942_SemiBin_20.fa,151_2,0.050000000000000044,average,fastANI,151
hybridspades_4143_SemiBin_146.fa,151_2,0.050000000000000044,average,fastANI,151
hybridspades_8366_SemiBin_53.fa,151_2,0.050000000000000044,average,fastANI,151
hybridspades_8915_SemiBin_177.fa,151_2,0.050000000000000044,average,fastANI,151
metamdbg_0942_SemiBin_171.fa,151_2,0.050000000000000044,average,fastANI,151
metamdbg_4143_SemiBin_70.fa,151_2,0.050000000000000044,average,fastANI,151
metamdbg_8366_SemiBin_297.fa,151_2,0.050000000000000044,average,fastANI,151
metamdbg_8915_SemiBin_279.fa,151_2,0.050000000000000044,average,fastANI,151
metamdbg_nextpolish_0942_SemiBin_179.fa,151_2,0.050000000000000044,average,fastANI,151
metamdbg_nextpolish_4143_SemiBin_106.fa,151_2,0.050000000000000044,average,fastANI,151
metamdbg_nextpolish_8366_SemiBin_291.fa,151_2,0.050000000000000044,average,fastANI,151
metamdbg_nextpolish_8915_SemiBin_271.fa,151_2,0.050000000000000044,average,fastANI,151
myloasm_0942_SemiBin_54.fa,151_2,0.050000000000000044,average,fastANI,151
myloasm_8366_SemiBin_121.fa,151_2,0.050000000000000044,average,fastANI,151
myloasm_nextpolish_0942_SemiBin_74.fa,151_2,0.050000000000000044,average,fastANI,151
myloasm_nextpolish_8366_SemiBin_142.fa,151_2,0.050000000000000044,average,fastANI,151
opera_ms_0942_SemiBin_39.fa,151_2,0.050000000000000044,average,fastANI,151
opera_ms_4143_SemiBin_85.fa,151_2,0.050000000000000044,average,fastANI,151
opera_ms_8366_SemiBin_75.fa,151_2,0.050000000000000044,average,fastANI,151
opera_ms_8915_SemiBin_76.fa,151_2,0.050000000000000044,average,fastANI,151
hybridspades_0942_SemiBin_49.fa,152_1,0.050000000000000044,average,fastANI,152
hybridspades_8915_SemiBin_239.fa,152_1,0.050000000000000044,average,fastANI,152
metamdbg_nextpolish_0942_SemiBin_11.fa,152_1,0.050000000000000044,average,fastANI,152
myloasm_nextpolish_8915_SemiBin_105.fa,152_1,0.050000000000000044,average,fastANI,152
opera_ms_0942_SemiBin_10.fa,152_1,0.050000000000000044,average,fastANI,152
opera_ms_8915_SemiBin_116.fa,152_1,0.050000000000000044,average,fastANI,152
flye_0942_SemiBin_27.fa,153_1,0.050000000000000044,average,fastANI,153
flye_4143_SemiBin_214.fa,153_1,0.050000000000000044,average,fastANI,153
flye_8366_SemiBin_90.fa,153_1,0.050000000000000044,average,fastANI,153
flye_8373_SemiBin_37.fa,153_1,0.050000000000000044,average,fastANI,153
flye_8915_SemiBin_0.fa,153_1,0.050000000000000044,average,fastANI,153
flye_nextpolish_0942_SemiBin_18.fa,153_1,0.050000000000000044,average,fastANI,153
flye_nextpolish_4143_SemiBin_199.fa,153_1,0.050000000000000044,average,fastANI,153
flye_nextpolish_8366_SemiBin_102.fa,153_1,0.050000000000000044,average,fastANI,153
flye_nextpolish_8373_SemiBin_17.fa,153_1,0.050000000000000044,average,fastANI,153
flye_nextpolish_8915_SemiBin_167.fa,153_1,0.050000000000000044,average,fastANI,153
hybridspades_0942_SemiBin_47.fa,153_1,0.050000000000000044,average,fastANI,153
hybridspades_4143_SemiBin_121.fa,153_1,0.050000000000000044,average,fastANI,153
hybridspades_8373_SemiBin_93.fa,153_1,0.050000000000000044,average,fastANI,153
hybridspades_8915_SemiBin_30.fa,153_1,0.050000000000000044,average,fastANI,153
metamdbg_0942_SemiBin_14.fa,153_1,0.050000000000000044,average,fastANI,153
metamdbg_4143_SemiBin_181.fa,153_1,0.050000000000000044,average,fastANI,153
metamdbg_8366_SemiBin_201.fa,153_1,0.050000000000000044,average,fastANI,153
metamdbg_8373_SemiBin_61.fa,153_1,0.050000000000000044,average,fastANI,153
metamdbg_8915_SemiBin_281.fa,153_1,0.050000000000000044,average,fastANI,153
metamdbg_nextpolish_0942_SemiBin_3.fa,153_1,0.050000000000000044,average,fastANI,153
metamdbg_nextpolish_4143_SemiBin_42.fa,153_1,0.050000000000000044,average,fastANI,153
metamdbg_nextpolish_8366_SemiBin_219.fa,153_1,0.050000000000000044,average,fastANI,153
metamdbg_nextpolish_8373_SemiBin_12.fa,153_1,0.050000000000000044,average,fastANI,153
metamdbg_nextpolish_8915_SemiBin_284.fa,153_1,0.050000000000000044,average,fastANI,153
myloasm_8366_SemiBin_74.fa,153_1,0.050000000000000044,average,fastANI,153
myloasm_8366_SemiBin_75.fa,153_1,0.050000000000000044,average,fastANI,153
myloasm_8373_SemiBin_25.fa,153_1,0.050000000000000044,average,fastANI,153
myloasm_8915_SemiBin_30.fa,153_1,0.050000000000000044,average,fastANI,153
myloasm_nextpolish_8366_SemiBin_100.fa,153_1,0.050000000000000044,average,fastANI,153
myloasm_nextpolish_8366_SemiBin_99.fa,153_1,0.050000000000000044,average,fastANI,153
myloasm_nextpolish_8373_SemiBin_28.fa,153_1,0.050000000000000044,average,fastANI,153
myloasm_nextpolish_8915_SemiBin_66.fa,153_1,0.050000000000000044,average,fastANI,153
opera_ms_0942_SemiBin_40.fa,153_1,0.050000000000000044,average,fastANI,153
opera_ms_4143_SemiBin_81.fa,153_1,0.050000000000000044,average,fastANI,153
opera_ms_8373_SemiBin_100.fa,153_1,0.050000000000000044,average,fastANI,153
opera_ms_8915_SemiBin_81.fa,153_1,0.050000000000000044,average,fastANI,153
flye_4143_SemiBin_84.fa,154_1,0.050000000000000044,average,fastANI,154
flye_8366_SemiBin_112.fa,154_1,0.050000000000000044,average,fastANI,154
flye_8373_SemiBin_94.fa,154_1,0.050000000000000044,average,fastANI,154
flye_8915_SemiBin_137.fa,154_1,0.050000000000000044,average,fastANI,154
flye_nextpolish_4143_SemiBin_182.fa,154_1,0.050000000000000044,average,fastANI,154
flye_nextpolish_8366_SemiBin_116.fa,154_1,0.050000000000000044,average,fastANI,154
flye_nextpolish_8373_SemiBin_100.fa,154_1,0.050000000000000044,average,fastANI,154
flye_nextpolish_8915_SemiBin_119.fa,154_1,0.050000000000000044,average,fastANI,154
hybridspades_0942_SemiBin_18.fa,154_1,0.050000000000000044,average,fastANI,154
hybridspades_4143_SemiBin_52.fa,154_1,0.050000000000000044,average,fastANI,154
hybridspades_8366_SemiBin_33.fa,154_1,0.050000000000000044,average,fastANI,154
hybridspades_8373_SemiBin_49.fa,154_1,0.050000000000000044,average,fastANI,154
hybridspades_8915_SemiBin_137.fa,154_1,0.050000000000000044,average,fastANI,154
metamdbg_0942_SemiBin_239.fa,154_1,0.050000000000000044,average,fastANI,154
metamdbg_4143_SemiBin_253.fa,154_1,0.050000000000000044,average,fastANI,154
metamdbg_8366_SemiBin_241.fa,154_1,0.050000000000000044,average,fastANI,154
metamdbg_8373_SemiBin_37.fa,154_1,0.050000000000000044,average,fastANI,154
metamdbg_8915_SemiBin_89.fa,154_1,0.050000000000000044,average,fastANI,154
metamdbg_nextpolish_0942_SemiBin_252.fa,154_1,0.050000000000000044,average,fastANI,154
metamdbg_nextpolish_4143_SemiBin_267.fa,154_1,0.050000000000000044,average,fastANI,154
metamdbg_nextpolish_8366_SemiBin_245.fa,154_1,0.050000000000000044,average,fastANI,154
metamdbg_nextpolish_8373_SemiBin_166.fa,154_1,0.050000000000000044,average,fastANI,154
metamdbg_nextpolish_8915_SemiBin_59.fa,154_1,0.050000000000000044,average,fastANI,154
myloasm_0942_SemiBin_21.fa,154_1,0.050000000000000044,average,fastANI,154
myloasm_4143_SemiBin_28.fa,154_1,0.050000000000000044,average,fastANI,154
myloasm_8373_SemiBin_85.fa,154_1,0.050000000000000044,average,fastANI,154
myloasm_nextpolish_0942_SemiBin_40.fa,154_1,0.050000000000000044,average,fastANI,154
myloasm_nextpolish_4143_SemiBin_14.fa,154_1,0.050000000000000044,average,fastANI,154
myloasm_nextpolish_8373_SemiBin_80.fa,154_1,0.050000000000000044,average,fastANI,154
opera_ms_0942_SemiBin_44.fa,154_1,0.050000000000000044,average,fastANI,154
opera_ms_4143_SemiBin_24.fa,154_1,0.050000000000000044,average,fastANI,154
opera_ms_8366_SemiBin_90.fa,154_1,0.050000000000000044,average,fastANI,154
opera_ms_8373_SemiBin_71.fa,154_1,0.050000000000000044,average,fastANI,154
opera_ms_8915_SemiBin_72.fa,154_1,0.050000000000000044,average,fastANI,154
hybridspades_0942_SemiBin_77.fa,155_1,0.050000000000000044,average,fastANI,155
metamdbg_0942_SemiBin_28.fa,155_1,0.050000000000000044,average,fastANI,155
metamdbg_nextpolish_0942_SemiBin_13.fa,155_1,0.050000000000000044,average,fastANI,155
myloasm_nextpolish_0942_SemiBin_118.fa,155_1,0.050000000000000044,average,fastANI,155
flye_0942_SemiBin_47.fa,156_1,0.050000000000000044,average,fastANI,156
flye_4143_SemiBin_187.fa,156_1,0.050000000000000044,average,fastANI,156
flye_8366_SemiBin_77.fa,156_1,0.050000000000000044,average,fastANI,156
flye_8373_SemiBin_16.fa,156_1,0.050000000000000044,average,fastANI,156
flye_8915_SemiBin_65.fa,156_1,0.050000000000000044,average,fastANI,156
flye_nextpolish_0942_SemiBin_65.fa,156_1,0.050000000000000044,average,fastANI,156
flye_nextpolish_4143_SemiBin_162.fa,156_1,0.050000000000000044,average,fastANI,156
flye_nextpolish_8366_SemiBin_141.fa,156_1,0.050000000000000044,average,fastANI,156
flye_nextpolish_8373_SemiBin_24.fa,156_1,0.050000000000000044,average,fastANI,156
flye_nextpolish_8915_SemiBin_84.fa,156_1,0.050000000000000044,average,fastANI,156
hybridspades_0942_SemiBin_45.fa,156_1,0.050000000000000044,average,fastANI,156
hybridspades_4143_SemiBin_80.fa,156_1,0.050000000000000044,average,fastANI,156
hybridspades_8366_SemiBin_132.fa,156_1,0.050000000000000044,average,fastANI,156
hybridspades_8373_SemiBin_96.fa,156_1,0.050000000000000044,average,fastANI,156
hybridspades_8915_SemiBin_100.fa,156_1,0.050000000000000044,average,fastANI,156
metamdbg_0942_SemiBin_84.fa,156_1,0.050000000000000044,average,fastANI,156
metamdbg_4143_SemiBin_128.fa,156_1,0.050000000000000044,average,fastANI,156
metamdbg_8366_SemiBin_102.fa,156_1,0.050000000000000044,average,fastANI,156
metamdbg_8373_SemiBin_24.fa,156_1,0.050000000000000044,average,fastANI,156
metamdbg_8915_SemiBin_277.fa,156_1,0.050000000000000044,average,fastANI,156
metamdbg_nextpolish_0942_SemiBin_95.fa,156_1,0.050000000000000044,average,fastANI,156
metamdbg_nextpolish_4143_SemiBin_53.fa,156_1,0.050000000000000044,average,fastANI,156
metamdbg_nextpolish_8366_SemiBin_137.fa,156_1,0.050000000000000044,average,fastANI,156
metamdbg_nextpolish_8373_SemiBin_108.fa,156_1,0.050000000000000044,average,fastANI,156
metamdbg_nextpolish_8915_SemiBin_272.fa,156_1,0.050000000000000044,average,fastANI,156
myloasm_4143_SemiBin_48.fa,156_1,0.050000000000000044,average,fastANI,156
myloasm_8373_SemiBin_94.fa,156_1,0.050000000000000044,average,fastANI,156
myloasm_8915_SemiBin_88.fa,156_1,0.050000000000000044,average,fastANI,156
myloasm_nextpolish_4143_SemiBin_26.fa,156_1,0.050000000000000044,average,fastANI,156
myloasm_nextpolish_8373_SemiBin_128.fa,156_1,0.050000000000000044,average,fastANI,156
myloasm_nextpolish_8915_SemiBin_11.fa,156_1,0.050000000000000044,average,fastANI,156
opera_ms_4143_SemiBin_50.fa,156_1,0.050000000000000044,average,fastANI,156
opera_ms_8366_SemiBin_71.fa,156_1,0.050000000000000044,average,fastANI,156
opera_ms_8373_SemiBin_92.fa,156_1,0.050000000000000044,average,fastANI,156
opera_ms_8915_SemiBin_86.fa,156_1,0.050000000000000044,average,fastANI,156
flye_nextpolish_0942_SemiBin_25.fa,157_1,0.050000000000000044,average,fastANI,157
hybridspades_0942_SemiBin_93.fa,157_1,0.050000000000000044,average,fastANI,157
hybridspades_4143_SemiBin_189.fa,157_1,0.050000000000000044,average,fastANI,157
myloasm_0942_SemiBin_110.fa,157_1,0.050000000000000044,average,fastANI,157
myloasm_nextpolish_0942_SemiBin_115.fa,157_1,0.050000000000000044,average,fastANI,157
myloasm_nextpolish_4143_SemiBin_133.fa,157_1,0.050000000000000044,average,fastANI,157
flye_8915_SemiBin_813.fa,158_1,0.050000000000000044,average,fastANI,158
hybridspades_8373_SemiBin_23.fa,158_1,0.050000000000000044,average,fastANI,158
hybridspades_8915_SemiBin_1.fa,158_1,0.050000000000000044,average,fastANI,158
metamdbg_8373_SemiBin_179.fa,158_1,0.050000000000000044,average,fastANI,158
metamdbg_8915_SemiBin_216.fa,158_1,0.050000000000000044,average,fastANI,158
metamdbg_nextpolish_8373_SemiBin_176.fa,158_1,0.050000000000000044,average,fastANI,158
metamdbg_nextpolish_8915_SemiBin_147.fa,158_1,0.050000000000000044,average,fastANI,158
myloasm_8915_SemiBin_185.fa,158_1,0.050000000000000044,average,fastANI,158
myloasm_nextpolish_8915_SemiBin_194.fa,158_1,0.050000000000000044,average,fastANI,158
opera_ms_8915_SemiBin_14.fa,158_1,0.050000000000000044,average,fastANI,158
hybridspades_8366_SemiBin_77.fa,159_1,0.050000000000000044,average,fastANI,159
hybridspades_8915_SemiBin_16.fa,159_1,0.050000000000000044,average,fastANI,159
metamdbg_8366_SemiBin_104.fa,159_1,0.050000000000000044,average,fastANI,159
metamdbg_8915_SemiBin_412.fa,159_1,0.050000000000000044,average,fastANI,159
metamdbg_nextpolish_8366_SemiBin_74.fa,159_1,0.050000000000000044,average,fastANI,159
metamdbg_nextpolish_8915_SemiBin_423.fa,159_1,0.050000000000000044,average,fastANI,159
myloasm_8915_SemiBin_171.fa,159_1,0.050000000000000044,average,fastANI,159
myloasm_nextpolish_8915_SemiBin_179.fa,159_1,0.050000000000000044,average,fastANI,159
opera_ms_8366_SemiBin_58.fa,159_1,0.050000000000000044,average,fastANI,159
opera_ms_8915_SemiBin_40.fa,159_1,0.050000000000000044,average,fastANI,159
flye_4143_SemiBin_120.fa,160_1,0.050000000000000044,average,fastANI,160
flye_nextpolish_4143_SemiBin_23.fa,160_1,0.050000000000000044,average,fastANI,160
hybridspades_4143_SemiBin_66.fa,160_1,0.050000000000000044,average,fastANI,160
metamdbg_4143_SemiBin_68.fa,160_1,0.050000000000000044,average,fastANI,160
metamdbg_nextpolish_4143_SemiBin_50.fa,160_1,0.050000000000000044,average,fastANI,160
myloasm_4143_SemiBin_176.fa,160_1,0.050000000000000044,average,fastANI,160
myloasm_nextpolish_4143_SemiBin_183.fa,160_1,0.050000000000000044,average,fastANI,160
opera_ms_4143_SemiBin_98.fa,160_1,0.050000000000000044,average,fastANI,160
flye_8373_SemiBin_590.fa,161_1,0.050000000000000044,average,fastANI,161
flye_8915_SemiBin_659.fa,161_1,0.050000000000000044,average,fastANI,161
flye_nextpolish_8373_SemiBin_337.fa,161_1,0.050000000000000044,average,fastANI,161
flye_nextpolish_8915_SemiBin_645.fa,161_1,0.050000000000000044,average,fastANI,161
hybridspades_8373_SemiBin_25.fa,161_1,0.050000000000000044,average,fastANI,161
hybridspades_8915_SemiBin_6.fa,161_1,0.050000000000000044,average,fastANI,161
metamdbg_8373_SemiBin_236.fa,161_1,0.050000000000000044,average,fastANI,161
metamdbg_8915_SemiBin_297.fa,161_1,0.050000000000000044,average,fastANI,161
metamdbg_nextpolish_8373_SemiBin_261.fa,161_1,0.050000000000000044,average,fastANI,161
metamdbg_nextpolish_8915_SemiBin_306.fa,161_1,0.050000000000000044,average,fastANI,161
myloasm_8915_SemiBin_567.fa,161_1,0.050000000000000044,average,fastANI,161
myloasm_nextpolish_8373_SemiBin_12.fa,161_1,0.050000000000000044,average,fastANI,161
myloasm_nextpolish_8915_SemiBin_569.fa,161_1,0.050000000000000044,average,fastANI,161
opera_ms_8373_SemiBin_18.fa,161_1,0.050000000000000044,average,fastANI,161
opera_ms_8915_SemiBin_29.fa,161_1,0.050000000000000044,average,fastANI,161
flye_4143_SemiBin_304.fa,162_1,0.050000000000000044,average,fastANI,162
flye_8373_SemiBin_77.fa,162_1,0.050000000000000044,average,fastANI,162
flye_8915_SemiBin_272.fa,162_1,0.050000000000000044,average,fastANI,162
flye_nextpolish_4143_SemiBin_316.fa,162_1,0.050000000000000044,average,fastANI,162
flye_nextpolish_8373_SemiBin_58.fa,162_1,0.050000000000000044,average,fastANI,162
flye_nextpolish_8915_SemiBin_254.fa,162_1,0.050000000000000044,average,fastANI,162
hybridspades_4143_SemiBin_30.fa,162_1,0.050000000000000044,average,fastANI,162
hybridspades_8915_SemiBin_37.fa,162_1,0.050000000000000044,average,fastANI,162
metamdbg_4143_SemiBin_296.fa,162_1,0.050000000000000044,average,fastANI,162
metamdbg_8366_SemiBin_187.fa,162_1,0.050000000000000044,average,fastANI,162
metamdbg_8373_SemiBin_84.fa,162_1,0.050000000000000044,average,fastANI,162
metamdbg_8915_SemiBin_167.fa,162_1,0.050000000000000044,average,fastANI,162
metamdbg_nextpolish_4143_SemiBin_306.fa,162_1,0.050000000000000044,average,fastANI,162
metamdbg_nextpolish_8366_SemiBin_184.fa,162_1,0.050000000000000044,average,fastANI,162
metamdbg_nextpolish_8373_SemiBin_151.fa,162_1,0.050000000000000044,average,fastANI,162
metamdbg_nextpolish_8915_SemiBin_50.fa,162_1,0.050000000000000044,average,fastANI,162
myloasm_4143_SemiBin_8.fa,162_1,0.050000000000000044,average,fastANI,162
myloasm_8366_SemiBin_378.fa,162_1,0.050000000000000044,average,fastANI,162
myloasm_8373_SemiBin_494.fa,162_1,0.050000000000000044,average,fastANI,162
myloasm_8915_SemiBin_124.fa,162_1,0.050000000000000044,average,fastANI,162
myloasm_nextpolish_4143_SemiBin_47.fa,162_1,0.050000000000000044,average,fastANI,162
myloasm_nextpolish_8366_SemiBin_384.fa,162_1,0.050000000000000044,average,fastANI,162
myloasm_nextpolish_8373_SemiBin_500.fa,162_1,0.050000000000000044,average,fastANI,162
myloasm_nextpolish_8915_SemiBin_91.fa,162_1,0.050000000000000044,average,fastANI,162
opera_ms_4143_SemiBin_25.fa,162_1,0.050000000000000044,average,fastANI,162
opera_ms_8915_SemiBin_75.fa,162_1,0.050000000000000044,average,fastANI,162
flye_nextpolish_8915_SemiBin_97.fa,163_1,0.050000000000000044,average,fastANI,163
metamdbg_8915_SemiBin_25.fa,163_1,0.050000000000000044,average,fastANI,163
metamdbg_nextpolish_8915_SemiBin_63.fa,163_1,0.050000000000000044,average,fastANI,163
myloasm_8915_SemiBin_62.fa,163_1,0.050000000000000044,average,fastANI,163
flye_4143_SemiBin_121.fa,164_1,0.050000000000000044,average,fastANI,164
flye_nextpolish_4143_SemiBin_154.fa,164_1,0.050000000000000044,average,fastANI,164
hybridspades_4143_SemiBin_110.fa,164_1,0.050000000000000044,average,fastANI,164
metamdbg_4143_SemiBin_131.fa,164_1,0.050000000000000044,average,fastANI,164
metamdbg_nextpolish_4143_SemiBin_124.fa,164_1,0.050000000000000044,average,fastANI,164
myloasm_4143_SemiBin_57.fa,164_1,0.050000000000000044,average,fastANI,164
myloasm_nextpolish_4143_SemiBin_40.fa,164_1,0.050000000000000044,average,fastANI,164
opera_ms_4143_SemiBin_72.fa,164_1,0.050000000000000044,average,fastANI,164
flye_4143_SemiBin_253.fa,165_1,0.050000000000000044,average,fastANI,165
flye_8366_SemiBin_160.fa,165_1,0.050000000000000044,average,fastANI,165
flye_nextpolish_4143_SemiBin_264.fa,165_1,0.050000000000000044,average,fastANI,165
hybridspades_4143_SemiBin_35.fa,165_1,0.050000000000000044,average,fastANI,165
hybridspades_8366_SemiBin_13.fa,165_1,0.050000000000000044,average,fastANI,165
metamdbg_4143_SemiBin_297.fa,165_1,0.050000000000000044,average,fastANI,165
metamdbg_nextpolish_4143_SemiBin_307.fa,165_1,0.050000000000000044,average,fastANI,165
myloasm_4143_SemiBin_138.fa,165_1,0.050000000000000044,average,fastANI,165
myloasm_8366_SemiBin_379.fa,165_1,0.050000000000000044,average,fastANI,165
myloasm_nextpolish_4143_SemiBin_151.fa,165_1,0.050000000000000044,average,fastANI,165
myloasm_nextpolish_8366_SemiBin_385.fa,165_1,0.050000000000000044,average,fastANI,165
hybridspades_8915_SemiBin_69.fa,166_1,0.050000000000000044,average,fastANI,166
metamdbg_8915_SemiBin_171.fa,166_1,0.050000000000000044,average,fastANI,166
metamdbg_nextpolish_8915_SemiBin_157.fa,166_1,0.050000000000000044,average,fastANI,166
myloasm_8915_SemiBin_527.fa,166_1,0.050000000000000044,average,fastANI,166
myloasm_nextpolish_8915_SemiBin_502.fa,166_1,0.050000000000000044,average,fastANI,166
opera_ms_8915_SemiBin_87.fa,166_1,0.050000000000000044,average,fastANI,166
flye_8373_SemiBin_76.fa,167_1,0.050000000000000044,average,fastANI,167
flye_nextpolish_8373_SemiBin_57.fa,167_1,0.050000000000000044,average,fastANI,167
metamdbg_8373_SemiBin_83.fa,167_1,0.050000000000000044,average,fastANI,167
metamdbg_nextpolish_8373_SemiBin_150.fa,167_1,0.050000000000000044,average,fastANI,167
opera_ms_8373_SemiBin_38.fa,167_1,0.050000000000000044,average,fastANI,167
flye_4143_SemiBin_188.fa,168_1,0.050000000000000044,average,fastANI,168
flye_8915_SemiBin_264.fa,168_1,0.050000000000000044,average,fastANI,168
flye_nextpolish_4143_SemiBin_103.fa,168_1,0.050000000000000044,average,fastANI,168
flye_nextpolish_8915_SemiBin_263.fa,168_1,0.050000000000000044,average,fastANI,168
hybridspades_4143_SemiBin_67.fa,168_1,0.050000000000000044,average,fastANI,168
hybridspades_8915_SemiBin_25.fa,168_1,0.050000000000000044,average,fastANI,168
metamdbg_4143_SemiBin_122.fa,168_1,0.050000000000000044,average,fastANI,168
metamdbg_8915_SemiBin_12.fa,168_1,0.050000000000000044,average,fastANI,168
metamdbg_nextpolish_4143_SemiBin_62.fa,168_1,0.050000000000000044,average,fastANI,168
metamdbg_nextpolish_8915_SemiBin_208.fa,168_1,0.050000000000000044,average,fastANI,168
myloasm_4143_SemiBin_148.fa,168_1,0.050000000000000044,average,fastANI,168
myloasm_nextpolish_4143_SemiBin_139.fa,168_1,0.050000000000000044,average,fastANI,168
opera_ms_4143_SemiBin_70.fa,168_1,0.050000000000000044,average,fastANI,168
opera_ms_8915_SemiBin_55.fa,168_1,0.050000000000000044,average,fastANI,168
flye_4143_SemiBin_216.fa,169_1,0.050000000000000044,average,fastANI,169
hybridspades_4143_SemiBin_70.fa,169_1,0.050000000000000044,average,fastANI,169
hybridspades_8366_SemiBin_112.fa,169_1,0.050000000000000044,average,fastANI,169
metamdbg_4143_SemiBin_91.fa,169_1,0.050000000000000044,average,fastANI,169
metamdbg_8366_SemiBin_198.fa,169_1,0.050000000000000044,average,fastANI,169
metamdbg_nextpolish_4143_SemiBin_6.fa,169_1,0.050000000000000044,average,fastANI,169
metamdbg_nextpolish_8366_SemiBin_196.fa,169_1,0.050000000000000044,average,fastANI,169
myloasm_4143_SemiBin_124.fa,169_1,0.050000000000000044,average,fastANI,169
myloasm_8366_SemiBin_123.fa,169_1,0.050000000000000044,average,fastANI,169
myloasm_nextpolish_4143_SemiBin_120.fa,169_1,0.050000000000000044,average,fastANI,169
myloasm_nextpolish_8366_SemiBin_132.fa,169_1,0.050000000000000044,average,fastANI,169
opera_ms_4143_SemiBin_40.fa,169_1,0.050000000000000044,average,fastANI,169
opera_ms_8366_SemiBin_76.fa,169_1,0.050000000000000044,average,fastANI,169
flye_8366_SemiBin_84.fa,170_1,0.050000000000000044,average,fastANI,170
flye_8373_SemiBin_221.fa,170_1,0.050000000000000044,average,fastANI,170
flye_nextpolish_8366_SemiBin_60.fa,170_1,0.050000000000000044,average,fastANI,170
hybridspades_8366_SemiBin_26.fa,170_1,0.050000000000000044,average,fastANI,170
hybridspades_8373_SemiBin_57.fa,170_1,0.050000000000000044,average,fastANI,170
metamdbg_8366_SemiBin_226.fa,170_1,0.050000000000000044,average,fastANI,170
metamdbg_8373_SemiBin_103.fa,170_1,0.050000000000000044,average,fastANI,170
metamdbg_nextpolish_8366_SemiBin_218.fa,170_1,0.050000000000000044,average,fastANI,170
metamdbg_nextpolish_8373_SemiBin_139.fa,170_1,0.050000000000000044,average,fastANI,170
myloasm_8366_SemiBin_97.fa,170_1,0.050000000000000044,average,fastANI,170
opera_ms_8366_SemiBin_21.fa,170_1,0.050000000000000044,average,fastANI,170
myloasm_8366_SemiBin_38.fa,171_1,0.050000000000000044,average,fastANI,171
myloasm_nextpolish_8366_SemiBin_45.fa,171_1,0.050000000000000044,average,fastANI,171
flye_4143_SemiBin_82.fa,171_2,0.050000000000000044,average,fastANI,171
flye_8366_SemiBin_149.fa,171_2,0.050000000000000044,average,fastANI,171
flye_nextpolish_4143_SemiBin_44.fa,171_2,0.050000000000000044,average,fastANI,171
flye_nextpolish_8366_SemiBin_191.fa,171_2,0.050000000000000044,average,fastANI,171
hybridspades_4143_SemiBin_122.fa,171_2,0.050000000000000044,average,fastANI,171
hybridspades_8366_SemiBin_78.fa,171_2,0.050000000000000044,average,fastANI,171
metamdbg_4143_SemiBin_13.fa,171_2,0.050000000000000044,average,fastANI,171
metamdbg_8366_SemiBin_11.fa,171_2,0.050000000000000044,average,fastANI,171
metamdbg_nextpolish_4143_SemiBin_80.fa,171_2,0.050000000000000044,average,fastANI,171
metamdbg_nextpolish_8366_SemiBin_14.fa,171_2,0.050000000000000044,average,fastANI,171
myloasm_4143_SemiBin_110.fa,171_2,0.050000000000000044,average,fastANI,171
myloasm_nextpolish_4143_SemiBin_106.fa,171_2,0.050000000000000044,average,fastANI,171
opera_ms_4143_SemiBin_142.fa,171_2,0.050000000000000044,average,fastANI,171
opera_ms_8366_SemiBin_81.fa,171_2,0.050000000000000044,average,fastANI,171
metamdbg_8373_SemiBin_116.fa,172_1,0.050000000000000044,average,fastANI,172
myloasm_8373_SemiBin_120.fa,172_1,0.050000000000000044,average,fastANI,172
myloasm_nextpolish_8373_SemiBin_127.fa,172_1,0.050000000000000044,average,fastANI,172
opera_ms_8373_SemiBin_77.fa,172_1,0.050000000000000044,average,fastANI,172
flye_nextpolish_8366_SemiBin_68.fa,173_1,0.050000000000000044,average,fastANI,173
hybridspades_8366_SemiBin_67.fa,173_1,0.050000000000000044,average,fastANI,173
hybridspades_8915_SemiBin_229.fa,173_1,0.050000000000000044,average,fastANI,173
metamdbg_8366_SemiBin_90.fa,173_1,0.050000000000000044,average,fastANI,173
metamdbg_nextpolish_8366_SemiBin_67.fa,173_1,0.050000000000000044,average,fastANI,173
opera_ms_8366_SemiBin_26.fa,173_1,0.050000000000000044,average,fastANI,173
flye_8915_SemiBin_107.fa,174_1,0.050000000000000044,average,fastANI,174
flye_nextpolish_8915_SemiBin_31.fa,174_1,0.050000000000000044,average,fastANI,174
hybridspades_0942_SemiBin_43.fa,174_1,0.050000000000000044,average,fastANI,174
hybridspades_8366_SemiBin_65.fa,174_1,0.050000000000000044,average,fastANI,174
hybridspades_8915_SemiBin_105.fa,174_1,0.050000000000000044,average,fastANI,174
metamdbg_8366_SemiBin_89.fa,174_1,0.050000000000000044,average,fastANI,174
metamdbg_8915_SemiBin_149.fa,174_1,0.050000000000000044,average,fastANI,174
metamdbg_nextpolish_8366_SemiBin_66.fa,174_1,0.050000000000000044,average,fastANI,174
metamdbg_nextpolish_8915_SemiBin_4.fa,174_1,0.050000000000000044,average,fastANI,174
flye_8915_SemiBin_106.fa,175_1,0.050000000000000044,average,fastANI,175
flye_nextpolish_4143_SemiBin_35.fa,175_1,0.050000000000000044,average,fastANI,175
flye_nextpolish_8915_SemiBin_32.fa,175_1,0.050000000000000044,average,fastANI,175
hybridspades_4143_SemiBin_109.fa,175_1,0.050000000000000044,average,fastANI,175
hybridspades_8366_SemiBin_66.fa,175_1,0.050000000000000044,average,fastANI,175
metamdbg_4143_SemiBin_114.fa,175_1,0.050000000000000044,average,fastANI,175
metamdbg_8366_SemiBin_91.fa,175_1,0.050000000000000044,average,fastANI,175
metamdbg_nextpolish_4143_SemiBin_9.fa,175_1,0.050000000000000044,average,fastANI,175
myloasm_4143_SemiBin_102.fa,175_1,0.050000000000000044,average,fastANI,175
myloasm_8373_SemiBin_65.fa,175_1,0.050000000000000044,average,fastANI,175
myloasm_nextpolish_4143_SemiBin_115.fa,175_1,0.050000000000000044,average,fastANI,175
flye_8366_SemiBin_255.fa,176_1,0.050000000000000044,average,fastANI,176
flye_nextpolish_8366_SemiBin_29.fa,176_1,0.050000000000000044,average,fastANI,176
hybridspades_8366_SemiBin_6.fa,176_1,0.050000000000000044,average,fastANI,176
metamdbg_8366_SemiBin_466.fa,176_1,0.050000000000000044,average,fastANI,176
metamdbg_nextpolish_8366_SemiBin_469.fa,176_1,0.050000000000000044,average,fastANI,176
myloasm_8366_SemiBin_88.fa,176_1,0.050000000000000044,average,fastANI,176
myloasm_nextpolish_8366_SemiBin_84.fa,176_1,0.050000000000000044,average,fastANI,176
opera_ms_8366_SemiBin_16.fa,176_1,0.050000000000000044,average,fastANI,176
flye_8366_SemiBin_0.fa,177_1,0.050000000000000044,average,fastANI,177
flye_8915_SemiBin_199.fa,177_1,0.050000000000000044,average,fastANI,177
flye_nextpolish_8366_SemiBin_94.fa,177_1,0.050000000000000044,average,fastANI,177
flye_nextpolish_8915_SemiBin_241.fa,177_1,0.050000000000000044,average,fastANI,177
hybridspades_8366_SemiBin_148.fa,177_1,0.050000000000000044,average,fastANI,177
metamdbg_8366_SemiBin_46.fa,177_1,0.050000000000000044,average,fastANI,177
metamdbg_nextpolish_8366_SemiBin_71.fa,177_1,0.050000000000000044,average,fastANI,177
myloasm_8366_SemiBin_90.fa,177_1,0.050000000000000044,average,fastANI,177
myloasm_8915_SemiBin_152.fa,177_1,0.050000000000000044,average,fastANI,177
myloasm_nextpolish_8366_SemiBin_79.fa,177_1,0.050000000000000044,average,fastANI,177
myloasm_nextpolish_8915_SemiBin_167.fa,177_1,0.050000000000000044,average,fastANI,177
opera_ms_8915_SemiBin_8.fa,177_1,0.050000000000000044,average,fastANI,177
flye_8373_SemiBin_91.fa,178_1,0.050000000000000044,average,fastANI,178
flye_8915_SemiBin_328.fa,178_1,0.050000000000000044,average,fastANI,178
flye_nextpolish_8373_SemiBin_18.fa,178_1,0.050000000000000044,average,fastANI,178
flye_nextpolish_8915_SemiBin_301.fa,178_1,0.050000000000000044,average,fastANI,178
hybridspades_8373_SemiBin_66.fa,178_1,0.050000000000000044,average,fastANI,178
hybridspades_8915_SemiBin_42.fa,178_1,0.050000000000000044,average,fastANI,178
metamdbg_8373_SemiBin_281.fa,178_1,0.050000000000000044,average,fastANI,178
metamdbg_nextpolish_8373_SemiBin_283.fa,178_1,0.050000000000000044,average,fastANI,178
myloasm_8373_SemiBin_61.fa,178_1,0.050000000000000044,average,fastANI,178
myloasm_8915_SemiBin_162.fa,178_1,0.050000000000000044,average,fastANI,178
myloasm_nextpolish_8373_SemiBin_88.fa,178_1,0.050000000000000044,average,fastANI,178
myloasm_nextpolish_8915_SemiBin_140.fa,178_1,0.050000000000000044,average,fastANI,178
opera_ms_8373_SemiBin_23.fa,178_1,0.050000000000000044,average,fastANI,178
opera_ms_8915_SemiBin_26.fa,178_1,0.050000000000000044,average,fastANI,178
myloasm_8366_SemiBin_23.fa,178_2,0.050000000000000044,average,fastANI,178
myloasm_nextpolish_8366_SemiBin_122.fa,178_2,0.050000000000000044,average,fastANI,178
flye_0942_SemiBin_67.fa,178_3,0.050000000000000044,average,fastANI,178
flye_4143_SemiBin_198.fa,178_3,0.050000000000000044,average,fastANI,178
flye_8366_SemiBin_373.fa,178_3,0.050000000000000044,average,fastANI,178
flye_nextpolish_0942_SemiBin_51.fa,178_3,0.050000000000000044,average,fastANI,178
flye_nextpolish_4143_SemiBin_201.fa,178_3,0.050000000000000044,average,fastANI,178
flye_nextpolish_8366_SemiBin_358.fa,178_3,0.050000000000000044,average,fastANI,178
hybridspades_0942_SemiBin_52.fa,178_3,0.050000000000000044,average,fastANI,178
hybridspades_4143_SemiBin_40.fa,178_3,0.050000000000000044,average,fastANI,178
hybridspades_8366_SemiBin_50.fa,178_3,0.050000000000000044,average,fastANI,178
metamdbg_0942_SemiBin_91.fa,178_3,0.050000000000000044,average,fastANI,178
metamdbg_4143_SemiBin_240.fa,178_3,0.050000000000000044,average,fastANI,178
metamdbg_8366_SemiBin_172.fa,178_3,0.050000000000000044,average,fastANI,178
metamdbg_nextpolish_0942_SemiBin_17.fa,178_3,0.050000000000000044,average,fastANI,178
metamdbg_nextpolish_4143_SemiBin_207.fa,178_3,0.050000000000000044,average,fastANI,178
metamdbg_nextpolish_8366_SemiBin_181.fa,178_3,0.050000000000000044,average,fastANI,178
myloasm_0942_SemiBin_71.fa,178_3,0.050000000000000044,average,fastANI,178
myloasm_nextpolish_0942_SemiBin_80.fa,178_3,0.050000000000000044,average,fastANI,178
opera_ms_0942_SemiBin_7.fa,178_3,0.050000000000000044,average,fastANI,178
opera_ms_4143_SemiBin_30.fa,178_3,0.050000000000000044,average,fastANI,178
opera_ms_8366_SemiBin_43.fa,178_3,0.050000000000000044,average,fastANI,178
flye_4143_SemiBin_234.fa,179_1,0.050000000000000044,average,fastANI,179
flye_8366_SemiBin_153.fa,179_1,0.050000000000000044,average,fastANI,179
flye_nextpolish_4143_SemiBin_160.fa,179_1,0.050000000000000044,average,fastANI,179
flye_nextpolish_8366_SemiBin_160.fa,179_1,0.050000000000000044,average,fastANI,179
hybridspades_4143_SemiBin_88.fa,179_1,0.050000000000000044,average,fastANI,179
hybridspades_8366_SemiBin_22.fa,179_1,0.050000000000000044,average,fastANI,179
metamdbg_4143_SemiBin_86.fa,179_1,0.050000000000000044,average,fastANI,179
metamdbg_nextpolish_4143_SemiBin_94.fa,179_1,0.050000000000000044,average,fastANI,179
myloasm_8366_SemiBin_29.fa,179_1,0.050000000000000044,average,fastANI,179
myloasm_nextpolish_8366_SemiBin_17.fa,179_1,0.050000000000000044,average,fastANI,179
opera_ms_4143_SemiBin_62.fa,179_1,0.050000000000000044,average,fastANI,179
opera_ms_8366_SemiBin_48.fa,179_1,0.050000000000000044,average,fastANI,179
flye_8915_SemiBin_241.fa,179_2,0.050000000000000044,average,fastANI,179
hybridspades_8915_SemiBin_102.fa,179_2,0.050000000000000044,average,fastANI,179
metamdbg_8373_SemiBin_112.fa,179_2,0.050000000000000044,average,fastANI,179
metamdbg_8915_SemiBin_316.fa,179_2,0.050000000000000044,average,fastANI,179
metamdbg_nextpolish_8915_SemiBin_341.fa,179_2,0.050000000000000044,average,fastANI,179
opera_ms_8373_SemiBin_58.fa,179_2,0.050000000000000044,average,fastANI,179
hybridspades_8366_SemiBin_19.fa,180_1,0.050000000000000044,average,fastANI,180
metamdbg_8366_SemiBin_222.fa,180_1,0.050000000000000044,average,fastANI,180
metamdbg_nextpolish_8366_SemiBin_203.fa,180_1,0.050000000000000044,average,fastANI,180
myloasm_8366_SemiBin_129.fa,180_1,0.050000000000000044,average,fastANI,180
myloasm_nextpolish_8366_SemiBin_141.fa,180_1,0.050000000000000044,average,fastANI,180
opera_ms_8366_SemiBin_14.fa,180_1,0.050000000000000044,average,fastANI,180
flye_0942_SemiBin_59.fa,181_1,0.050000000000000044,average,fastANI,181
flye_4143_SemiBin_406.fa,181_1,0.050000000000000044,average,fastANI,181
flye_8366_SemiBin_80.fa,181_1,0.050000000000000044,average,fastANI,181
flye_8373_SemiBin_244.fa,181_1,0.050000000000000044,average,fastANI,181
flye_nextpolish_0942_SemiBin_13.fa,181_1,0.050000000000000044,average,fastANI,181
flye_nextpolish_4143_SemiBin_411.fa,181_1,0.050000000000000044,average,fastANI,181
flye_nextpolish_8366_SemiBin_101.fa,181_1,0.050000000000000044,average,fastANI,181
flye_nextpolish_8373_SemiBin_623.fa,181_1,0.050000000000000044,average,fastANI,181
hybridspades_0942_SemiBin_19.fa,181_1,0.050000000000000044,average,fastANI,181
hybridspades_4143_SemiBin_17.fa,181_1,0.050000000000000044,average,fastANI,181
hybridspades_8366_SemiBin_21.fa,181_1,0.050000000000000044,average,fastANI,181
hybridspades_8373_SemiBin_48.fa,181_1,0.050000000000000044,average,fastANI,181
metamdbg_0942_SemiBin_208.fa,181_1,0.050000000000000044,average,fastANI,181
metamdbg_4143_SemiBin_622.fa,181_1,0.050000000000000044,average,fastANI,181
metamdbg_8366_SemiBin_303.fa,181_1,0.050000000000000044,average,fastANI,181
metamdbg_8373_SemiBin_308.fa,181_1,0.050000000000000044,average,fastANI,181
metamdbg_nextpolish_0942_SemiBin_214.fa,181_1,0.050000000000000044,average,fastANI,181
metamdbg_nextpolish_4143_SemiBin_640.fa,181_1,0.050000000000000044,average,fastANI,181
metamdbg_nextpolish_8366_SemiBin_301.fa,181_1,0.050000000000000044,average,fastANI,181
metamdbg_nextpolish_8373_SemiBin_315.fa,181_1,0.050000000000000044,average,fastANI,181
myloasm_0942_SemiBin_309.fa,181_1,0.050000000000000044,average,fastANI,181
myloasm_8366_SemiBin_167.fa,181_1,0.050000000000000044,average,fastANI,181
myloasm_8915_SemiBin_153.fa,181_1,0.050000000000000044,average,fastANI,181
myloasm_nextpolish_0942_SemiBin_315.fa,181_1,0.050000000000000044,average,fastANI,181
myloasm_nextpolish_8366_SemiBin_171.fa,181_1,0.050000000000000044,average,fastANI,181
myloasm_nextpolish_8915_SemiBin_168.fa,181_1,0.050000000000000044,average,fastANI,181
opera_ms_0942_SemiBin_30.fa,181_1,0.050000000000000044,average,fastANI,181
opera_ms_4143_SemiBin_13.fa,181_1,0.050000000000000044,average,fastANI,181
opera_ms_8366_SemiBin_47.fa,181_1,0.050000000000000044,average,fastANI,181
opera_ms_8373_SemiBin_31.fa,181_1,0.050000000000000044,average,fastANI,181
opera_ms_8915_SemiBin_7.fa,181_1,0.050000000000000044,average,fastANI,181
opera_ms_8915_SemiBin_32.fa,181_2,0.050000000000000044,average,fastANI,181
flye_4143_SemiBin_5.fa,182_1,0.050000000000000044,average,fastANI,182
flye_8915_SemiBin_224.fa,182_1,0.050000000000000044,average,fastANI,182
flye_nextpolish_4143_SemiBin_56.fa,182_1,0.050000000000000044,average,fastANI,182
flye_nextpolish_8915_SemiBin_230.fa,182_1,0.050000000000000044,average,fastANI,182
hybridspades_4143_SemiBin_41.fa,182_1,0.050000000000000044,average,fastANI,182
metamdbg_4143_SemiBin_52.fa,182_1,0.050000000000000044,average,fastANI,182
metamdbg_8366_SemiBin_148.fa,182_1,0.050000000000000044,average,fastANI,182
metamdbg_8915_SemiBin_291.fa,182_1,0.050000000000000044,average,fastANI,182
metamdbg_nextpolish_4143_SemiBin_66.fa,182_1,0.050000000000000044,average,fastANI,182
metamdbg_nextpolish_8366_SemiBin_155.fa,182_1,0.050000000000000044,average,fastANI,182
metamdbg_nextpolish_8915_SemiBin_301.fa,182_1,0.050000000000000044,average,fastANI,182
myloasm_4143_SemiBin_104.fa,182_1,0.050000000000000044,average,fastANI,182
myloasm_nextpolish_4143_SemiBin_108.fa,182_1,0.050000000000000044,average,fastANI,182
opera_ms_4143_SemiBin_20.fa,182_1,0.050000000000000044,average,fastANI,182
flye_4143_SemiBin_122.fa,183_1,0.050000000000000044,average,fastANI,183
flye_8373_SemiBin_229.fa,183_1,0.050000000000000044,average,fastANI,183
flye_8915_SemiBin_185.fa,183_1,0.050000000000000044,average,fastANI,183
flye_nextpolish_4143_SemiBin_134.fa,183_1,0.050000000000000044,average,fastANI,183
flye_nextpolish_8373_SemiBin_215.fa,183_1,0.050000000000000044,average,fastANI,183
flye_nextpolish_8915_SemiBin_103.fa,183_1,0.050000000000000044,average,fastANI,183
hybridspades_4143_SemiBin_44.fa,183_1,0.050000000000000044,average,fastANI,183
hybridspades_8373_SemiBin_36.fa,183_1,0.050000000000000044,average,fastANI,183
hybridspades_8915_SemiBin_24.fa,183_1,0.050000000000000044,average,fastANI,183
metamdbg_4143_SemiBin_61.fa,183_1,0.050000000000000044,average,fastANI,183
metamdbg_8373_SemiBin_409.fa,183_1,0.050000000000000044,average,fastANI,183
metamdbg_8915_SemiBin_228.fa,183_1,0.050000000000000044,average,fastANI,183
metamdbg_nextpolish_4143_SemiBin_17.fa,183_1,0.050000000000000044,average,fastANI,183
metamdbg_nextpolish_8373_SemiBin_434.fa,183_1,0.050000000000000044,average,fastANI,183
metamdbg_nextpolish_8915_SemiBin_43.fa,183_1,0.050000000000000044,average,fastANI,183
myloasm_8373_SemiBin_488.fa,183_1,0.050000000000000044,average,fastANI,183
myloasm_8915_SemiBin_569.fa,183_1,0.050000000000000044,average,fastANI,183
myloasm_nextpolish_8373_SemiBin_489.fa,183_1,0.050000000000000044,average,fastANI,183
myloasm_nextpolish_8915_SemiBin_541.fa,183_1,0.050000000000000044,average,fastANI,183
opera_ms_8373_SemiBin_6.fa,183_1,0.050000000000000044,average,fastANI,183
opera_ms_8915_SemiBin_19.fa,183_1,0.050000000000000044,average,fastANI,183
flye_4143_SemiBin_157.fa,184_1,0.050000000000000044,average,fastANI,184
flye_nextpolish_4143_SemiBin_172.fa,184_1,0.050000000000000044,average,fastANI,184
flye_nextpolish_8366_SemiBin_79.fa,184_1,0.050000000000000044,average,fastANI,184
hybridspades_8366_SemiBin_76.fa,184_1,0.050000000000000044,average,fastANI,184
hybridspades_8915_SemiBin_91.fa,184_1,0.050000000000000044,average,fastANI,184
metamdbg_4143_SemiBin_251.fa,184_1,0.050000000000000044,average,fastANI,184
metamdbg_8366_SemiBin_207.fa,184_1,0.050000000000000044,average,fastANI,184
metamdbg_8915_SemiBin_99.fa,184_1,0.050000000000000044,average,fastANI,184
metamdbg_nextpolish_4143_SemiBin_274.fa,184_1,0.050000000000000044,average,fastANI,184
metamdbg_nextpolish_8366_SemiBin_195.fa,184_1,0.050000000000000044,average,fastANI,184
metamdbg_nextpolish_8915_SemiBin_235.fa,184_1,0.050000000000000044,average,fastANI,184
myloasm_4143_SemiBin_50.fa,184_1,0.050000000000000044,average,fastANI,184
myloasm_8366_SemiBin_80.fa,184_1,0.050000000000000044,average,fastANI,184
myloasm_nextpolish_4143_SemiBin_42.fa,184_1,0.050000000000000044,average,fastANI,184
myloasm_nextpolish_8366_SemiBin_98.fa,184_1,0.050000000000000044,average,fastANI,184
opera_ms_4143_SemiBin_36.fa,184_1,0.050000000000000044,average,fastANI,184
opera_ms_8915_SemiBin_34.fa,184_1,0.050000000000000044,average,fastANI,184
flye_8366_SemiBin_16.fa,185_1,0.050000000000000044,average,fastANI,185
flye_8915_SemiBin_63.fa,185_1,0.050000000000000044,average,fastANI,185
flye_nextpolish_8366_SemiBin_41.fa,185_1,0.050000000000000044,average,fastANI,185
flye_nextpolish_8915_SemiBin_35.fa,185_1,0.050000000000000044,average,fastANI,185
hybridspades_8366_SemiBin_133.fa,185_1,0.050000000000000044,average,fastANI,185
hybridspades_8915_SemiBin_87.fa,185_1,0.050000000000000044,average,fastANI,185
metamdbg_8366_SemiBin_70.fa,185_1,0.050000000000000044,average,fastANI,185
metamdbg_8915_SemiBin_150.fa,185_1,0.050000000000000044,average,fastANI,185
metamdbg_nextpolish_8366_SemiBin_22.fa,185_1,0.050000000000000044,average,fastANI,185
metamdbg_nextpolish_8915_SemiBin_89.fa,185_1,0.050000000000000044,average,fastANI,185
myloasm_8366_SemiBin_65.fa,185_1,0.050000000000000044,average,fastANI,185
myloasm_nextpolish_8366_SemiBin_59.fa,185_1,0.050000000000000044,average,fastANI,185
opera_ms_8366_SemiBin_163.fa,185_1,0.050000000000000044,average,fastANI,185
opera_ms_8915_SemiBin_94.fa,185_1,0.050000000000000044,average,fastANI,185
flye_8366_SemiBin_145.fa,186_1,0.050000000000000044,average,fastANI,186
flye_nextpolish_8366_SemiBin_148.fa,186_1,0.050000000000000044,average,fastANI,186
hybridspades_8366_SemiBin_64.fa,186_1,0.050000000000000044,average,fastANI,186
metamdbg_4143_SemiBin_21.fa,186_1,0.050000000000000044,average,fastANI,186
metamdbg_8366_SemiBin_317.fa,186_1,0.050000000000000044,average,fastANI,186
metamdbg_nextpolish_8366_SemiBin_329.fa,186_1,0.050000000000000044,average,fastANI,186
myloasm_4143_SemiBin_19.fa,186_1,0.050000000000000044,average,fastANI,186
myloasm_8366_SemiBin_5.fa,186_1,0.050000000000000044,average,fastANI,186
myloasm_8915_SemiBin_133.fa,186_1,0.050000000000000044,average,fastANI,186
myloasm_nextpolish_4143_SemiBin_24.fa,186_1,0.050000000000000044,average,fastANI,186
myloasm_nextpolish_8366_SemiBin_26.fa,186_1,0.050000000000000044,average,fastANI,186
myloasm_nextpolish_8915_SemiBin_125.fa,186_1,0.050000000000000044,average,fastANI,186
opera_ms_8366_SemiBin_41.fa,186_1,0.050000000000000044,average,fastANI,186
flye_8915_SemiBin_155.fa,186_2,0.050000000000000044,average,fastANI,186
flye_nextpolish_8915_SemiBin_147.fa,186_2,0.050000000000000044,average,fastANI,186
flye_8373_SemiBin_103.fa,186_3,0.050000000000000044,average,fastANI,186
flye_nextpolish_8373_SemiBin_119.fa,186_3,0.050000000000000044,average,fastANI,186
hybridspades_8373_SemiBin_72.fa,186_3,0.050000000000000044,average,fastANI,186
metamdbg_8373_SemiBin_58.fa,186_3,0.050000000000000044,average,fastANI,186
metamdbg_nextpolish_8373_SemiBin_73.fa,186_3,0.050000000000000044,average,fastANI,186
opera_ms_8373_SemiBin_80.fa,186_3,0.050000000000000044,average,fastANI,186
flye_4143_SemiBin_388.fa,187_1,0.050000000000000044,average,fastANI,187
flye_nextpolish_4143_SemiBin_401.fa,187_1,0.050000000000000044,average,fastANI,187
flye_nextpolish_8915_SemiBin_94.fa,187_1,0.050000000000000044,average,fastANI,187
hybridspades_4143_SemiBin_15.fa,187_1,0.050000000000000044,average,fastANI,187
hybridspades_8915_SemiBin_201.fa,187_1,0.050000000000000044,average,fastANI,187
metamdbg_4143_SemiBin_388.fa,187_1,0.050000000000000044,average,fastANI,187
metamdbg_nextpolish_4143_SemiBin_398.fa,187_1,0.050000000000000044,average,fastANI,187
metamdbg_nextpolish_8915_SemiBin_162.fa,187_1,0.050000000000000044,average,fastANI,187
myloasm_8915_SemiBin_179.fa,187_1,0.050000000000000044,average,fastANI,187
myloasm_nextpolish_8915_SemiBin_185.fa,187_1,0.050000000000000044,average,fastANI,187
opera_ms_4143_SemiBin_5.fa,187_1,0.050000000000000044,average,fastANI,187
flye_4143_SemiBin_272.fa,188_1,0.050000000000000044,average,fastANI,188
flye_nextpolish_4143_SemiBin_271.fa,188_1,0.050000000000000044,average,fastANI,188
hybridspades_4143_SemiBin_39.fa,188_1,0.050000000000000044,average,fastANI,188
metamdbg_4143_SemiBin_220.fa,188_1,0.050000000000000044,average,fastANI,188
metamdbg_nextpolish_4143_SemiBin_231.fa,188_1,0.050000000000000044,average,fastANI,188
myloasm_4143_SemiBin_115.fa,188_1,0.050000000000000044,average,fastANI,188
myloasm_nextpolish_4143_SemiBin_103.fa,188_1,0.050000000000000044,average,fastANI,188
opera_ms_4143_SemiBin_9.fa,188_1,0.050000000000000044,average,fastANI,188
flye_4143_SemiBin_271.fa,189_1,0.050000000000000044,average,fastANI,189
flye_8373_SemiBin_531.fa,189_1,0.050000000000000044,average,fastANI,189
flye_8915_SemiBin_558.fa,189_1,0.050000000000000044,average,fastANI,189
flye_nextpolish_4143_SemiBin_270.fa,189_1,0.050000000000000044,average,fastANI,189
flye_nextpolish_8373_SemiBin_572.fa,189_1,0.050000000000000044,average,fastANI,189
flye_nextpolish_8915_SemiBin_550.fa,189_1,0.050000000000000044,average,fastANI,189
hybridspades_4143_SemiBin_31.fa,189_1,0.050000000000000044,average,fastANI,189
hybridspades_8373_SemiBin_18.fa,189_1,0.050000000000000044,average,fastANI,189
hybridspades_8915_SemiBin_9.fa,189_1,0.050000000000000044,average,fastANI,189
metamdbg_4143_SemiBin_219.fa,189_1,0.050000000000000044,average,fastANI,189
metamdbg_8373_SemiBin_279.fa,189_1,0.050000000000000044,average,fastANI,189
metamdbg_8915_SemiBin_83.fa,189_1,0.050000000000000044,average,fastANI,189
metamdbg_nextpolish_4143_SemiBin_230.fa,189_1,0.050000000000000044,average,fastANI,189
metamdbg_nextpolish_8373_SemiBin_296.fa,189_1,0.050000000000000044,average,fastANI,189
metamdbg_nextpolish_8915_SemiBin_16.fa,189_1,0.050000000000000044,average,fastANI,189
myloasm_8373_SemiBin_125.fa,189_1,0.050000000000000044,average,fastANI,189
myloasm_8915_SemiBin_40.fa,189_1,0.050000000000000044,average,fastANI,189
myloasm_nextpolish_8373_SemiBin_146.fa,189_1,0.050000000000000044,average,fastANI,189
myloasm_nextpolish_8915_SemiBin_88.fa,189_1,0.050000000000000044,average,fastANI,189
opera_ms_4143_SemiBin_23.fa,189_1,0.050000000000000044,average,fastANI,189
opera_ms_8373_SemiBin_17.fa,189_1,0.050000000000000044,average,fastANI,189
opera_ms_8915_SemiBin_11.fa,189_1,0.050000000000000044,average,fastANI,189
flye_4143_SemiBin_303.fa,190_1,0.050000000000000044,average,fastANI,190
flye_8366_SemiBin_215.fa,190_1,0.050000000000000044,average,fastANI,190
flye_8915_SemiBin_624.fa,190_1,0.050000000000000044,average,fastANI,190
flye_nextpolish_4143_SemiBin_305.fa,190_1,0.050000000000000044,average,fastANI,190
flye_nextpolish_8366_SemiBin_227.fa,190_1,0.050000000000000044,average,fastANI,190
flye_nextpolish_8915_SemiBin_604.fa,190_1,0.050000000000000044,average,fastANI,190
hybridspades_8366_SemiBin_9.fa,190_1,0.050000000000000044,average,fastANI,190
hybridspades_8915_SemiBin_12.fa,190_1,0.050000000000000044,average,fastANI,190
metamdbg_4143_SemiBin_435.fa,190_1,0.050000000000000044,average,fastANI,190
metamdbg_8366_SemiBin_344.fa,190_1,0.050000000000000044,average,fastANI,190
metamdbg_8915_SemiBin_419.fa,190_1,0.050000000000000044,average,fastANI,190
metamdbg_nextpolish_4143_SemiBin_442.fa,190_1,0.050000000000000044,average,fastANI,190
metamdbg_nextpolish_8366_SemiBin_328.fa,190_1,0.050000000000000044,average,fastANI,190
metamdbg_nextpolish_8915_SemiBin_436.fa,190_1,0.050000000000000044,average,fastANI,190
myloasm_4143_SemiBin_123.fa,190_1,0.050000000000000044,average,fastANI,190
myloasm_8366_SemiBin_374.fa,190_1,0.050000000000000044,average,fastANI,190
myloasm_8915_SemiBin_561.fa,190_1,0.050000000000000044,average,fastANI,190
myloasm_nextpolish_4143_SemiBin_127.fa,190_1,0.050000000000000044,average,fastANI,190
myloasm_nextpolish_8366_SemiBin_382.fa,190_1,0.050000000000000044,average,fastANI,190
myloasm_nextpolish_8915_SemiBin_539.fa,190_1,0.050000000000000044,average,fastANI,190
opera_ms_4143_SemiBin_63.fa,190_1,0.050000000000000044,average,fastANI,190
opera_ms_8366_SemiBin_12.fa,190_1,0.050000000000000044,average,fastANI,190
opera_ms_8915_SemiBin_12.fa,190_1,0.050000000000000044,average,fastANI,190
flye_8366_SemiBin_151.fa,191_1,0.050000000000000044,average,fastANI,191
flye_nextpolish_8366_SemiBin_178.fa,191_1,0.050000000000000044,average,fastANI,191
hybridspades_4143_SemiBin_29.fa,191_1,0.050000000000000044,average,fastANI,191
hybridspades_8366_SemiBin_104.fa,191_1,0.050000000000000044,average,fastANI,191
hybridspades_8915_SemiBin_48.fa,191_1,0.050000000000000044,average,fastANI,191
metamdbg_4143_SemiBin_345.fa,191_1,0.050000000000000044,average,fastANI,191
metamdbg_8915_SemiBin_269.fa,191_1,0.050000000000000044,average,fastANI,191
metamdbg_nextpolish_4143_SemiBin_349.fa,191_1,0.050000000000000044,average,fastANI,191
metamdbg_nextpolish_8915_SemiBin_274.fa,191_1,0.050000000000000044,average,fastANI,191
opera_ms_4143_SemiBin_59.fa,191_1,0.050000000000000044,average,fastANI,191
flye_nextpolish_4143_SemiBin_62.fa,192_1,0.050000000000000044,average,fastANI,192
hybridspades_8373_SemiBin_181.fa,192_1,0.050000000000000044,average,fastANI,192
myloasm_nextpolish_8373_SemiBin_213.fa,192_1,0.050000000000000044,average,fastANI,192
opera_ms_8373_SemiBin_181.fa,192_1,0.050000000000000044,average,fastANI,192
flye_8366_SemiBin_188.fa,193_1,0.050000000000000044,average,fastANI,193
flye_8373_SemiBin_50.fa,193_1,0.050000000000000044,average,fastANI,193
flye_nextpolish_8366_SemiBin_198.fa,193_1,0.050000000000000044,average,fastANI,193
flye_nextpolish_8373_SemiBin_118.fa,193_1,0.050000000000000044,average,fastANI,193
hybridspades_4143_SemiBin_8.fa,193_1,0.050000000000000044,average,fastANI,193
hybridspades_8366_SemiBin_113.fa,193_1,0.050000000000000044,average,fastANI,193
hybridspades_8373_SemiBin_52.fa,193_1,0.050000000000000044,average,fastANI,193
metamdbg_4143_SemiBin_299.fa,193_1,0.050000000000000044,average,fastANI,193
metamdbg_8366_SemiBin_140.fa,193_1,0.050000000000000044,average,fastANI,193
metamdbg_8373_SemiBin_423.fa,193_1,0.050000000000000044,average,fastANI,193
metamdbg_nextpolish_4143_SemiBin_283.fa,193_1,0.050000000000000044,average,fastANI,193
metamdbg_nextpolish_8366_SemiBin_124.fa,193_1,0.050000000000000044,average,fastANI,193
metamdbg_nextpolish_8373_SemiBin_445.fa,193_1,0.050000000000000044,average,fastANI,193
myloasm_8366_SemiBin_120.fa,193_1,0.050000000000000044,average,fastANI,193
myloasm_8373_SemiBin_490.fa,193_1,0.050000000000000044,average,fastANI,193
myloasm_nextpolish_8366_SemiBin_134.fa,193_1,0.050000000000000044,average,fastANI,193
myloasm_nextpolish_8373_SemiBin_507.fa,193_1,0.050000000000000044,average,fastANI,193
opera_ms_4143_SemiBin_12.fa,193_1,0.050000000000000044,average,fastANI,193
opera_ms_8366_SemiBin_39.fa,193_1,0.050000000000000044,average,fastANI,193
opera_ms_8373_SemiBin_64.fa,193_1,0.050000000000000044,average,fastANI,193
myloasm_nextpolish_4143_SemiBin_109.fa,194_0,0.050000000000000044,average,fastANI,194
flye_0942_SemiBin_3.fa,195_1,0.050000000000000044,average,fastANI,195
flye_8366_SemiBin_4.fa,195_1,0.050000000000000044,average,fastANI,195
flye_8373_SemiBin_19.fa,195_1,0.050000000000000044,average,fastANI,195
flye_8915_SemiBin_247.fa,195_1,0.050000000000000044,average,fastANI,195
flye_nextpolish_0942_SemiBin_16.fa,195_1,0.050000000000000044,average,fastANI,195
flye_nextpolish_8366_SemiBin_65.fa,195_1,0.050000000000000044,average,fastANI,195
flye_nextpolish_8373_SemiBin_74.fa,195_1,0.050000000000000044,average,fastANI,195
hybridspades_0942_SemiBin_74.fa,195_1,0.050000000000000044,average,fastANI,195
hybridspades_8366_SemiBin_81.fa,195_1,0.050000000000000044,average,fastANI,195
hybridspades_8373_SemiBin_70.fa,195_1,0.050000000000000044,average,fastANI,195
hybridspades_8915_SemiBin_78.fa,195_1,0.050000000000000044,average,fastANI,195
metamdbg_0942_SemiBin_88.fa,195_1,0.050000000000000044,average,fastANI,195
metamdbg_8366_SemiBin_153.fa,195_1,0.050000000000000044,average,fastANI,195
metamdbg_8373_SemiBin_51.fa,195_1,0.050000000000000044,average,fastANI,195
metamdbg_nextpolish_0942_SemiBin_37.fa,195_1,0.050000000000000044,average,fastANI,195
metamdbg_nextpolish_8366_SemiBin_152.fa,195_1,0.050000000000000044,average,fastANI,195
metamdbg_nextpolish_8373_SemiBin_76.fa,195_1,0.050000000000000044,average,fastANI,195
metamdbg_nextpolish_8915_SemiBin_144.fa,195_1,0.050000000000000044,average,fastANI,195
myloasm_0942_SemiBin_31.fa,195_1,0.050000000000000044,average,fastANI,195
myloasm_8373_SemiBin_107.fa,195_1,0.050000000000000044,average,fastANI,195
myloasm_nextpolish_0942_SemiBin_35.fa,195_1,0.050000000000000044,average,fastANI,195
myloasm_nextpolish_8373_SemiBin_96.fa,195_1,0.050000000000000044,average,fastANI,195
opera_ms_0942_SemiBin_74.fa,195_1,0.050000000000000044,average,fastANI,195
opera_ms_8366_SemiBin_91.fa,195_1,0.050000000000000044,average,fastANI,195
opera_ms_8373_SemiBin_67.fa,195_1,0.050000000000000044,average,fastANI,195
opera_ms_8915_SemiBin_61.fa,195_1,0.050000000000000044,average,fastANI,195
flye_0942_SemiBin_55.fa,196_1,0.050000000000000044,average,fastANI,196
flye_nextpolish_0942_SemiBin_4.fa,196_1,0.050000000000000044,average,fastANI,196
metamdbg_0942_SemiBin_17.fa,196_2,0.050000000000000044,average,fastANI,196
metamdbg_nextpolish_0942_SemiBin_24.fa,196_2,0.050000000000000044,average,fastANI,196
flye_8373_SemiBin_169.fa,196_3,0.050000000000000044,average,fastANI,196
flye_nextpolish_8366_SemiBin_139.fa,196_3,0.050000000000000044,average,fastANI,196
flye_nextpolish_8373_SemiBin_171.fa,196_3,0.050000000000000044,average,fastANI,196
hybridspades_0942_SemiBin_13.fa,196_3,0.050000000000000044,average,fastANI,196
hybridspades_8366_SemiBin_96.fa,196_3,0.050000000000000044,average,fastANI,196
hybridspades_8373_SemiBin_68.fa,196_3,0.050000000000000044,average,fastANI,196
metamdbg_8373_SemiBin_156.fa,196_3,0.050000000000000044,average,fastANI,196
metamdbg_nextpolish_8373_SemiBin_140.fa,196_3,0.050000000000000044,average,fastANI,196
myloasm_8373_SemiBin_86.fa,196_3,0.050000000000000044,average,fastANI,196
myloasm_nextpolish_8373_SemiBin_104.fa,196_3,0.050000000000000044,average,fastANI,196
opera_ms_0942_SemiBin_5.fa,196_3,0.050000000000000044,average,fastANI,196
opera_ms_8366_SemiBin_28.fa,196_3,0.050000000000000044,average,fastANI,196
opera_ms_8373_SemiBin_94.fa,196_3,0.050000000000000044,average,fastANI,196
flye_8373_SemiBin_3.fa,197_1,0.050000000000000044,average,fastANI,197
hybridspades_0942_SemiBin_4.fa,197_1,0.050000000000000044,average,fastANI,197
hybridspades_4143_SemiBin_53.fa,197_1,0.050000000000000044,average,fastANI,197
hybridspades_8366_SemiBin_86.fa,197_1,0.050000000000000044,average,fastANI,197
hybridspades_8373_SemiBin_50.fa,197_1,0.050000000000000044,average,fastANI,197
hybridspades_8915_SemiBin_76.fa,197_1,0.050000000000000044,average,fastANI,197
metamdbg_8373_SemiBin_13.fa,197_1,0.050000000000000044,average,fastANI,197
metamdbg_nextpolish_8373_SemiBin_40.fa,197_1,0.050000000000000044,average,fastANI,197
metamdbg_nextpolish_8915_SemiBin_145.fa,197_1,0.050000000000000044,average,fastANI,197
opera_ms_0942_SemiBin_15.fa,197_1,0.050000000000000044,average,fastANI,197
opera_ms_4143_SemiBin_69.fa,197_1,0.050000000000000044,average,fastANI,197
opera_ms_8366_SemiBin_112.fa,197_1,0.050000000000000044,average,fastANI,197
opera_ms_8373_SemiBin_54.fa,197_1,0.050000000000000044,average,fastANI,197
flye_8373_SemiBin_23.fa,198_1,0.050000000000000044,average,fastANI,198
flye_nextpolish_8373_SemiBin_14.fa,198_1,0.050000000000000044,average,fastANI,198
hybridspades_8373_SemiBin_87.fa,198_1,0.050000000000000044,average,fastANI,198
hybridspades_8915_SemiBin_88.fa,198_1,0.050000000000000044,average,fastANI,198
metamdbg_8373_SemiBin_174.fa,198_1,0.050000000000000044,average,fastANI,198
opera_ms_8366_SemiBin_34.fa,198_1,0.050000000000000044,average,fastANI,198
metamdbg_4143_SemiBin_170.fa,199_1,0.050000000000000044,average,fastANI,199
metamdbg_8366_SemiBin_59.fa,199_1,0.050000000000000044,average,fastANI,199
metamdbg_8373_SemiBin_105.fa,199_1,0.050000000000000044,average,fastANI,199
metamdbg_nextpolish_4143_SemiBin_113.fa,199_1,0.050000000000000044,average,fastANI,199
metamdbg_nextpolish_8366_SemiBin_15.fa,199_1,0.050000000000000044,average,fastANI,199
metamdbg_nextpolish_8373_SemiBin_120.fa,199_1,0.050000000000000044,average,fastANI,199
myloasm_4143_SemiBin_29.fa,199_1,0.050000000000000044,average,fastANI,199
myloasm_8373_SemiBin_95.fa,199_1,0.050000000000000044,average,fastANI,199
myloasm_nextpolish_4143_SemiBin_28.fa,199_1,0.050000000000000044,average,fastANI,199
myloasm_nextpolish_8373_SemiBin_120.fa,199_1,0.050000000000000044,average,fastANI,199
flye_0942_SemiBin_133.fa,199_2,0.050000000000000044,average,fastANI,199
flye_nextpolish_0942_SemiBin_72.fa,199_2,0.050000000000000044,average,fastANI,199
flye_nextpolish_4143_SemiBin_48.fa,199_2,0.050000000000000044,average,fastANI,199
hybridspades_8373_SemiBin_45.fa,199_2,0.050000000000000044,average,fastANI,199
hybridspades_8915_SemiBin_58.fa,199_2,0.050000000000000044,average,fastANI,199
metamdbg_8373_SemiBin_106.fa,199_2,0.050000000000000044,average,fastANI,199
metamdbg_nextpolish_8373_SemiBin_121.fa,199_2,0.050000000000000044,average,fastANI,199
myloasm_0942_SemiBin_26.fa,199_2,0.050000000000000044,average,fastANI,199
myloasm_4143_SemiBin_87.fa,199_2,0.050000000000000044,average,fastANI,199
myloasm_nextpolish_0942_SemiBin_45.fa,199_2,0.050000000000000044,average,fastANI,199
myloasm_nextpolish_4143_SemiBin_76.fa,199_2,0.050000000000000044,average,fastANI,199
opera_ms_4143_SemiBin_73.fa,199_2,0.050000000000000044,average,fastANI,199
opera_ms_8373_SemiBin_24.fa,199_2,0.050000000000000044,average,fastANI,199
opera_ms_8915_SemiBin_82.fa,199_2,0.050000000000000044,average,fastANI,199
flye_nextpolish_8366_SemiBin_26.fa,199_3,0.050000000000000044,average,fastANI,199
hybridspades_8373_SemiBin_76.fa,200_1,0.050000000000000044,average,fastANI,200
metamdbg_0942_SemiBin_19.fa,200_1,0.050000000000000044,average,fastANI,200
metamdbg_nextpolish_0942_SemiBin_26.fa,200_1,0.050000000000000044,average,fastANI,200
flye_8373_SemiBin_46.fa,201_1,0.050000000000000044,average,fastANI,201
flye_nextpolish_8373_SemiBin_96.fa,201_1,0.050000000000000044,average,fastANI,201
hybridspades_8373_SemiBin_22.fa,201_1,0.050000000000000044,average,fastANI,201
hybridspades_8915_SemiBin_26.fa,201_1,0.050000000000000044,average,fastANI,201
metamdbg_8373_SemiBin_381.fa,201_1,0.050000000000000044,average,fastANI,201
metamdbg_nextpolish_8373_SemiBin_408.fa,201_1,0.050000000000000044,average,fastANI,201
myloasm_0942_SemiBin_27.fa,201_1,0.050000000000000044,average,fastANI,201
myloasm_8373_SemiBin_161.fa,201_1,0.050000000000000044,average,fastANI,201
myloasm_8915_SemiBin_97.fa,201_1,0.050000000000000044,average,fastANI,201
myloasm_nextpolish_0942_SemiBin_46.fa,201_1,0.050000000000000044,average,fastANI,201
myloasm_nextpolish_8373_SemiBin_179.fa,201_1,0.050000000000000044,average,fastANI,201
myloasm_nextpolish_8915_SemiBin_114.fa,201_1,0.050000000000000044,average,fastANI,201
opera_ms_8373_SemiBin_35.fa,201_1,0.050000000000000044,average,fastANI,201
opera_ms_8915_SemiBin_68.fa,201_1,0.050000000000000044,average,fastANI,201
flye_8373_SemiBin_2.fa,202_1,0.050000000000000044,average,fastANI,202
flye_nextpolish_8373_SemiBin_248.fa,202_1,0.050000000000000044,average,fastANI,202
hybridspades_8373_SemiBin_78.fa,202_1,0.050000000000000044,average,fastANI,202
metamdbg_8373_SemiBin_12.fa,202_1,0.050000000000000044,average,fastANI,202
metamdbg_nextpolish_8373_SemiBin_39.fa,202_1,0.050000000000000044,average,fastANI,202
flye_4143_SemiBin_14.fa,202_2,0.050000000000000044,average,fastANI,202
flye_nextpolish_4143_SemiBin_15.fa,202_2,0.050000000000000044,average,fastANI,202
metamdbg_4143_SemiBin_283.fa,202_2,0.050000000000000044,average,fastANI,202
metamdbg_8915_SemiBin_168.fa,202_2,0.050000000000000044,average,fastANI,202
metamdbg_nextpolish_8915_SemiBin_78.fa,202_2,0.050000000000000044,average,fastANI,202
opera_ms_8373_SemiBin_36.fa,202_2,0.050000000000000044,average,fastANI,202
flye_8366_SemiBin_134.fa,203_1,0.050000000000000044,average,fastANI,203
flye_8915_SemiBin_99.fa,203_1,0.050000000000000044,average,fastANI,203
flye_nextpolish_4143_SemiBin_51.fa,203_1,0.050000000000000044,average,fastANI,203
flye_nextpolish_8366_SemiBin_150.fa,203_1,0.050000000000000044,average,fastANI,203
flye_nextpolish_8373_SemiBin_73.fa,203_1,0.050000000000000044,average,fastANI,203
flye_nextpolish_8915_SemiBin_22.fa,203_1,0.050000000000000044,average,fastANI,203
hybridspades_0942_SemiBin_95.fa,203_1,0.050000000000000044,average,fastANI,203
hybridspades_8366_SemiBin_101.fa,203_1,0.050000000000000044,average,fastANI,203
hybridspades_8373_SemiBin_142.fa,203_1,0.050000000000000044,average,fastANI,203
hybridspades_8915_SemiBin_207.fa,203_1,0.050000000000000044,average,fastANI,203
metamdbg_8366_SemiBin_64.fa,203_1,0.050000000000000044,average,fastANI,203
metamdbg_8915_SemiBin_39.fa,203_1,0.050000000000000044,average,fastANI,203
metamdbg_nextpolish_8366_SemiBin_94.fa,203_1,0.050000000000000044,average,fastANI,203
metamdbg_nextpolish_8915_SemiBin_14.fa,203_1,0.050000000000000044,average,fastANI,203
myloasm_8373_SemiBin_143.fa,203_1,0.050000000000000044,average,fastANI,203
myloasm_8915_SemiBin_222.fa,203_1,0.050000000000000044,average,fastANI,203
myloasm_nextpolish_0942_SemiBin_94.fa,203_1,0.050000000000000044,average,fastANI,203
myloasm_nextpolish_4143_SemiBin_142.fa,203_1,0.050000000000000044,average,fastANI,203
myloasm_nextpolish_8373_SemiBin_149.fa,203_1,0.050000000000000044,average,fastANI,203
myloasm_nextpolish_8915_SemiBin_220.fa,203_1,0.050000000000000044,average,fastANI,203
opera_ms_8366_SemiBin_104.fa,203_1,0.050000000000000044,average,fastANI,203
flye_8366_SemiBin_119.fa,204_1,0.050000000000000044,average,fastANI,204
flye_8915_SemiBin_124.fa,204_1,0.050000000000000044,average,fastANI,204
flye_nextpolish_8366_SemiBin_78.fa,204_1,0.050000000000000044,average,fastANI,204
flye_nextpolish_8915_SemiBin_153.fa,204_1,0.050000000000000044,average,fastANI,204
hybridspades_8366_SemiBin_89.fa,204_1,0.050000000000000044,average,fastANI,204
hybridspades_8915_SemiBin_155.fa,204_1,0.050000000000000044,average,fastANI,204
metamdbg_8366_SemiBin_146.fa,204_1,0.050000000000000044,average,fastANI,204
metamdbg_8915_SemiBin_179.fa,204_1,0.050000000000000044,average,fastANI,204
metamdbg_nextpolish_8366_SemiBin_176.fa,204_1,0.050000000000000044,average,fastANI,204
metamdbg_nextpolish_8915_SemiBin_199.fa,204_1,0.050000000000000044,average,fastANI,204
myloasm_8366_SemiBin_3.fa,204_1,0.050000000000000044,average,fastANI,204
myloasm_8915_SemiBin_159.fa,204_1,0.050000000000000044,average,fastANI,204
myloasm_nextpolish_8915_SemiBin_107.fa,204_1,0.050000000000000044,average,fastANI,204
opera_ms_8366_SemiBin_29.fa,204_1,0.050000000000000044,average,fastANI,204
flye_8366_SemiBin_165.fa,205_1,0.050000000000000044,average,fastANI,205
flye_nextpolish_8366_SemiBin_179.fa,205_1,0.050000000000000044,average,fastANI,205
hybridspades_8366_SemiBin_42.fa,205_1,0.050000000000000044,average,fastANI,205
hybridspades_8915_SemiBin_43.fa,205_1,0.050000000000000044,average,fastANI,205
metamdbg_8366_SemiBin_118.fa,205_1,0.050000000000000044,average,fastANI,205
metamdbg_8915_SemiBin_54.fa,205_1,0.050000000000000044,average,fastANI,205
metamdbg_nextpolish_8366_SemiBin_77.fa,205_1,0.050000000000000044,average,fastANI,205
metamdbg_nextpolish_8915_SemiBin_66.fa,205_1,0.050000000000000044,average,fastANI,205
opera_ms_8366_SemiBin_13.fa,205_1,0.050000000000000044,average,fastANI,205
flye_4143_SemiBin_29.fa,206_1,0.050000000000000044,average,fastANI,206
flye_nextpolish_4143_SemiBin_47.fa,206_1,0.050000000000000044,average,fastANI,206
hybridspades_4143_SemiBin_63.fa,206_1,0.050000000000000044,average,fastANI,206
metamdbg_nextpolish_4143_SemiBin_28.fa,206_1,0.050000000000000044,average,fastANI,206
myloasm_4143_SemiBin_47.fa,206_1,0.050000000000000044,average,fastANI,206
myloasm_nextpolish_4143_SemiBin_20.fa,206_1,0.050000000000000044,average,fastANI,206
opera_ms_4143_SemiBin_111.fa,206_1,0.050000000000000044,average,fastANI,206
flye_8373_SemiBin_27.fa,207_1,0.050000000000000044,average,fastANI,207
flye_8915_SemiBin_132.fa,207_1,0.050000000000000044,average,fastANI,207
flye_nextpolish_8373_SemiBin_39.fa,207_1,0.050000000000000044,average,fastANI,207
flye_nextpolish_8915_SemiBin_118.fa,207_1,0.050000000000000044,average,fastANI,207
hybridspades_8373_SemiBin_118.fa,207_1,0.050000000000000044,average,fastANI,207
metamdbg_8915_SemiBin_0.fa,207_1,0.050000000000000044,average,fastANI,207
metamdbg_nextpolish_8373_SemiBin_11.fa,207_1,0.050000000000000044,average,fastANI,207
metamdbg_nextpolish_8915_SemiBin_130.fa,207_1,0.050000000000000044,average,fastANI,207
myloasm_nextpolish_4143_SemiBin_17.fa,207_1,0.050000000000000044,average,fastANI,207
opera_ms_8373_SemiBin_118.fa,207_1,0.050000000000000044,average,fastANI,207
flye_4143_SemiBin_129.fa,208_1,0.050000000000000044,average,fastANI,208
flye_8373_SemiBin_51.fa,208_1,0.050000000000000044,average,fastANI,208
flye_8915_SemiBin_191.fa,208_1,0.050000000000000044,average,fastANI,208
flye_nextpolish_4143_SemiBin_27.fa,208_1,0.050000000000000044,average,fastANI,208
flye_nextpolish_8373_SemiBin_56.fa,208_1,0.050000000000000044,average,fastANI,208
flye_nextpolish_8915_SemiBin_213.fa,208_1,0.050000000000000044,average,fastANI,208
hybridspades_4143_SemiBin_143.fa,208_1,0.050000000000000044,average,fastANI,208
hybridspades_8366_SemiBin_171.fa,208_1,0.050000000000000044,average,fastANI,208
hybridspades_8373_SemiBin_208.fa,208_1,0.050000000000000044,average,fastANI,208
hybridspades_8915_SemiBin_164.fa,208_1,0.050000000000000044,average,fastANI,208
metamdbg_4143_SemiBin_0.fa,208_1,0.050000000000000044,average,fastANI,208
metamdbg_8373_SemiBin_56.fa,208_1,0.050000000000000044,average,fastANI,208
metamdbg_8915_SemiBin_27.fa,208_1,0.050000000000000044,average,fastANI,208
metamdbg_nextpolish_0942_SemiBin_30.fa,208_1,0.050000000000000044,average,fastANI,208
metamdbg_nextpolish_4143_SemiBin_37.fa,208_1,0.050000000000000044,average,fastANI,208
metamdbg_nextpolish_8373_SemiBin_47.fa,208_1,0.050000000000000044,average,fastANI,208
metamdbg_nextpolish_8915_SemiBin_98.fa,208_1,0.050000000000000044,average,fastANI,208
myloasm_4143_SemiBin_53.fa,208_1,0.050000000000000044,average,fastANI,208
myloasm_8915_SemiBin_121.fa,208_1,0.050000000000000044,average,fastANI,208
myloasm_nextpolish_4143_SemiBin_41.fa,208_1,0.050000000000000044,average,fastANI,208
opera_ms_0942_SemiBin_72.fa,208_1,0.050000000000000044,average,fastANI,208
opera_ms_4143_SemiBin_102.fa,208_1,0.050000000000000044,average,fastANI,208
opera_ms_8373_SemiBin_68.fa,208_1,0.050000000000000044,average,fastANI,208
opera_ms_8915_SemiBin_101.fa,208_1,0.050000000000000044,average,fastANI,208
flye_8915_SemiBin_242.fa,209_1,0.050000000000000044,average,fastANI,209
flye_nextpolish_4143_SemiBin_161.fa,209_1,0.050000000000000044,average,fastANI,209
hybridspades_4143_SemiBin_49.fa,209_1,0.050000000000000044,average,fastANI,209
hybridspades_8366_SemiBin_17.fa,209_1,0.050000000000000044,average,fastANI,209
hybridspades_8915_SemiBin_27.fa,209_1,0.050000000000000044,average,fastANI,209
metamdbg_4143_SemiBin_231.fa,209_1,0.050000000000000044,average,fastANI,209
metamdbg_8366_SemiBin_266.fa,209_1,0.050000000000000044,average,fastANI,209
metamdbg_8915_SemiBin_195.fa,209_1,0.050000000000000044,average,fastANI,209
metamdbg_nextpolish_4143_SemiBin_195.fa,209_1,0.050000000000000044,average,fastANI,209
metamdbg_nextpolish_8366_SemiBin_263.fa,209_1,0.050000000000000044,average,fastANI,209
myloasm_8366_SemiBin_33.fa,209_1,0.050000000000000044,average,fastANI,209
myloasm_8373_SemiBin_18.fa,209_1,0.050000000000000044,average,fastANI,209
myloasm_nextpolish_8366_SemiBin_34.fa,209_1,0.050000000000000044,average,fastANI,209
myloasm_nextpolish_8373_SemiBin_13.fa,209_1,0.050000000000000044,average,fastANI,209
opera_ms_4143_SemiBin_47.fa,209_1,0.050000000000000044,average,fastANI,209
flye_0942_SemiBin_4.fa,210_1,0.050000000000000044,average,fastANI,210
flye_4143_SemiBin_148.fa,210_1,0.050000000000000044,average,fastANI,210
flye_8366_SemiBin_53.fa,210_1,0.050000000000000044,average,fastANI,210
flye_nextpolish_4143_SemiBin_59.fa,210_1,0.050000000000000044,average,fastANI,210
flye_nextpolish_8366_SemiBin_74.fa,210_1,0.050000000000000044,average,fastANI,210
flye_nextpolish_8373_SemiBin_60.fa,210_1,0.050000000000000044,average,fastANI,210
hybridspades_0942_SemiBin_40.fa,210_1,0.050000000000000044,average,fastANI,210
hybridspades_4143_SemiBin_82.fa,210_1,0.050000000000000044,average,fastANI,210
hybridspades_8366_SemiBin_51.fa,210_1,0.050000000000000044,average,fastANI,210
hybridspades_8915_SemiBin_57.fa,210_1,0.050000000000000044,average,fastANI,210
metamdbg_0942_SemiBin_71.fa,210_1,0.050000000000000044,average,fastANI,210
metamdbg_4143_SemiBin_73.fa,210_1,0.050000000000000044,average,fastANI,210
metamdbg_8366_SemiBin_221.fa,210_1,0.050000000000000044,average,fastANI,210
metamdbg_8373_SemiBin_189.fa,210_1,0.050000000000000044,average,fastANI,210
metamdbg_8915_SemiBin_114.fa,210_1,0.050000000000000044,average,fastANI,210
metamdbg_nextpolish_0942_SemiBin_78.fa,210_1,0.050000000000000044,average,fastANI,210
metamdbg_nextpolish_4143_SemiBin_158.fa,210_1,0.050000000000000044,average,fastANI,210
metamdbg_nextpolish_8366_SemiBin_225.fa,210_1,0.050000000000000044,average,fastANI,210
metamdbg_nextpolish_8373_SemiBin_217.fa,210_1,0.050000000000000044,average,fastANI,210
metamdbg_nextpolish_8915_SemiBin_92.fa,210_1,0.050000000000000044,average,fastANI,210
myloasm_8366_SemiBin_32.fa,210_1,0.050000000000000044,average,fastANI,210
myloasm_8366_SemiBin_34.fa,210_1,0.050000000000000044,average,fastANI,210
myloasm_nextpolish_0942_SemiBin_89.fa,210_1,0.050000000000000044,average,fastANI,210
myloasm_nextpolish_8366_SemiBin_33.fa,210_1,0.050000000000000044,average,fastANI,210
myloasm_nextpolish_8366_SemiBin_35.fa,210_1,0.050000000000000044,average,fastANI,210
opera_ms_4143_SemiBin_31.fa,210_1,0.050000000000000044,average,fastANI,210
opera_ms_8366_SemiBin_78.fa,210_1,0.050000000000000044,average,fastANI,210
opera_ms_8915_SemiBin_73.fa,210_1,0.050000000000000044,average,fastANI,210
flye_8915_SemiBin_166.fa,211_1,0.050000000000000044,average,fastANI,211
hybridspades_0942_SemiBin_50.fa,211_1,0.050000000000000044,average,fastANI,211
hybridspades_4143_SemiBin_20.fa,211_1,0.050000000000000044,average,fastANI,211
hybridspades_8366_SemiBin_114.fa,211_1,0.050000000000000044,average,fastANI,211
hybridspades_8373_SemiBin_62.fa,211_1,0.050000000000000044,average,fastANI,211
hybridspades_8915_SemiBin_129.fa,211_1,0.050000000000000044,average,fastANI,211
metamdbg_4143_SemiBin_234.fa,211_1,0.050000000000000044,average,fastANI,211
metamdbg_8366_SemiBin_32.fa,211_1,0.050000000000000044,average,fastANI,211
metamdbg_nextpolish_4143_SemiBin_239.fa,211_1,0.050000000000000044,average,fastANI,211
metamdbg_nextpolish_8366_SemiBin_209.fa,211_1,0.050000000000000044,average,fastANI,211
myloasm_4143_SemiBin_0.fa,211_1,0.050000000000000044,average,fastANI,211
myloasm_nextpolish_4143_SemiBin_62.fa,211_1,0.050000000000000044,average,fastANI,211
opera_ms_4143_SemiBin_43.fa,211_1,0.050000000000000044,average,fastANI,211
opera_ms_8373_SemiBin_73.fa,211_1,0.050000000000000044,average,fastANI,211
flye_8366_SemiBin_3.fa,212_1,0.050000000000000044,average,fastANI,212
flye_nextpolish_8366_SemiBin_11.fa,212_1,0.050000000000000044,average,fastANI,212
hybridspades_8366_SemiBin_123.fa,212_1,0.050000000000000044,average,fastANI,212
metamdbg_8366_SemiBin_35.fa,212_1,0.050000000000000044,average,fastANI,212
metamdbg_nextpolish_8366_SemiBin_23.fa,212_1,0.050000000000000044,average,fastANI,212
myloasm_nextpolish_8915_SemiBin_198.fa,212_1,0.050000000000000044,average,fastANI,212
opera_ms_8366_SemiBin_132.fa,212_1,0.050000000000000044,average,fastANI,212
myloasm_nextpolish_8373_SemiBin_115.fa,212_2,0.050000000000000044,average,fastANI,212
flye_4143_SemiBin_139.fa,213_1,0.050000000000000044,average,fastANI,213
flye_8915_SemiBin_204.fa,213_1,0.050000000000000044,average,fastANI,213
flye_nextpolish_4143_SemiBin_187.fa,213_1,0.050000000000000044,average,fastANI,213
flye_nextpolish_8915_SemiBin_206.fa,213_1,0.050000000000000044,average,fastANI,213
hybridspades_0942_SemiBin_28.fa,213_1,0.050000000000000044,average,fastANI,213
hybridspades_4143_SemiBin_74.fa,213_1,0.050000000000000044,average,fastANI,213
hybridspades_8915_SemiBin_146.fa,213_1,0.050000000000000044,average,fastANI,213
metamdbg_0942_SemiBin_121.fa,213_1,0.050000000000000044,average,fastANI,213
metamdbg_8915_SemiBin_5.fa,213_1,0.050000000000000044,average,fastANI,213
metamdbg_nextpolish_0942_SemiBin_110.fa,213_1,0.050000000000000044,average,fastANI,213
metamdbg_nextpolish_8915_SemiBin_114.fa,213_1,0.050000000000000044,average,fastANI,213
myloasm_4143_SemiBin_38.fa,213_1,0.050000000000000044,average,fastANI,213
myloasm_8915_SemiBin_190.fa,213_1,0.050000000000000044,average,fastANI,213
myloasm_nextpolish_4143_SemiBin_36.fa,213_1,0.050000000000000044,average,fastANI,213
myloasm_nextpolish_8915_SemiBin_196.fa,213_1,0.050000000000000044,average,fastANI,213
opera_ms_0942_SemiBin_29.fa,213_1,0.050000000000000044,average,fastANI,213
opera_ms_4143_SemiBin_51.fa,213_1,0.050000000000000044,average,fastANI,213
opera_ms_8915_SemiBin_88.fa,213_1,0.050000000000000044,average,fastANI,213
flye_nextpolish_8366_SemiBin_99.fa,213_2,0.050000000000000044,average,fastANI,213
hybridspades_8373_SemiBin_84.fa,213_3,0.050000000000000044,average,fastANI,213
hybridspades_8366_SemiBin_30.fa,214_0,0.050000000000000044,average,fastANI,214
myloasm_nextpolish_4143_SemiBin_2.fa,215_1,0.050000000000000044,average,fastANI,215
opera_ms_4143_SemiBin_154.fa,215_2,0.050000000000000044,average,fastANI,215
hybridspades_0942_SemiBin_33.fa,216_1,0.050000000000000044,average,fastANI,216
metamdbg_nextpolish_8366_SemiBin_37.fa,216_1,0.050000000000000044,average,fastANI,216
flye_nextpolish_8915_SemiBin_79.fa,216_2,0.050000000000000044,average,fastANI,216
hybridspades_8366_SemiBin_54.fa,216_2,0.050000000000000044,average,fastANI,216
hybridspades_8373_SemiBin_71.fa,216_2,0.050000000000000044,average,fastANI,216
hybridspades_8915_SemiBin_90.fa,216_2,0.050000000000000044,average,fastANI,216
metamdbg_8915_SemiBin_127.fa,216_2,0.050000000000000044,average,fastANI,216
metamdbg_nextpolish_8915_SemiBin_84.fa,216_2,0.050000000000000044,average,fastANI,216
opera_ms_8366_SemiBin_124.fa,216_2,0.050000000000000044,average,fastANI,216
opera_ms_8373_SemiBin_106.fa,216_2,0.050000000000000044,average,fastANI,216
hybridspades_0942_SemiBin_36.fa,216_3,0.050000000000000044,average,fastANI,216
flye_nextpolish_8373_SemiBin_131.fa,217_1,0.050000000000000044,average,fastANI,217
hybridspades_8373_SemiBin_112.fa,217_1,0.050000000000000044,average,fastANI,217
metamdbg_8373_SemiBin_108.fa,217_1,0.050000000000000044,average,fastANI,217
metamdbg_nextpolish_8373_SemiBin_69.fa,217_1,0.050000000000000044,average,fastANI,217
myloasm_nextpolish_8915_SemiBin_61.fa,217_1,0.050000000000000044,average,fastANI,217
opera_ms_8373_SemiBin_97.fa,217_1,0.050000000000000044,average,fastANI,217
flye_4143_SemiBin_49.fa,218_1,0.050000000000000044,average,fastANI,218
hybridspades_4143_SemiBin_94.fa,218_1,0.050000000000000044,average,fastANI,218
hybridspades_8915_SemiBin_79.fa,218_1,0.050000000000000044,average,fastANI,218
metamdbg_4143_SemiBin_26.fa,218_1,0.050000000000000044,average,fastANI,218
metamdbg_8366_SemiBin_23.fa,218_1,0.050000000000000044,average,fastANI,218
metamdbg_nextpolish_4143_SemiBin_93.fa,218_1,0.050000000000000044,average,fastANI,218
myloasm_0942_SemiBin_2.fa,218_1,0.050000000000000044,average,fastANI,218
myloasm_nextpolish_0942_SemiBin_12.fa,218_1,0.050000000000000044,average,fastANI,218
opera_ms_4143_SemiBin_84.fa,218_1,0.050000000000000044,average,fastANI,218
opera_ms_8915_SemiBin_90.fa,218_1,0.050000000000000044,average,fastANI,218
flye_4143_SemiBin_220.fa,219_1,0.050000000000000044,average,fastANI,219
flye_8373_SemiBin_4.fa,219_1,0.050000000000000044,average,fastANI,219
flye_nextpolish_4143_SemiBin_197.fa,219_1,0.050000000000000044,average,fastANI,219
flye_nextpolish_8373_SemiBin_44.fa,219_1,0.050000000000000044,average,fastANI,219
flye_nextpolish_8915_SemiBin_139.fa,219_1,0.050000000000000044,average,fastANI,219
hybridspades_0942_SemiBin_11.fa,219_1,0.050000000000000044,average,fastANI,219
hybridspades_4143_SemiBin_22.fa,219_1,0.050000000000000044,average,fastANI,219
hybridspades_8373_SemiBin_100.fa,219_1,0.050000000000000044,average,fastANI,219
hybridspades_8915_SemiBin_55.fa,219_1,0.050000000000000044,average,fastANI,219
metamdbg_8366_SemiBin_22.fa,219_1,0.050000000000000044,average,fastANI,219
metamdbg_8373_SemiBin_229.fa,219_1,0.050000000000000044,average,fastANI,219
metamdbg_nextpolish_8366_SemiBin_57.fa,219_1,0.050000000000000044,average,fastANI,219
metamdbg_nextpolish_8373_SemiBin_124.fa,219_1,0.050000000000000044,average,fastANI,219
metamdbg_nextpolish_8915_SemiBin_121.fa,219_1,0.050000000000000044,average,fastANI,219
myloasm_4143_SemiBin_88.fa,219_1,0.050000000000000044,average,fastANI,219
opera_ms_0942_SemiBin_45.fa,219_1,0.050000000000000044,average,fastANI,219
opera_ms_4143_SemiBin_11.fa,219_1,0.050000000000000044,average,fastANI,219
opera_ms_8373_SemiBin_69.fa,219_1,0.050000000000000044,average,fastANI,219
flye_8373_SemiBin_184.fa,220_1,0.050000000000000044,average,fastANI,220
flye_nextpolish_8373_SemiBin_176.fa,220_1,0.050000000000000044,average,fastANI,220
hybridspades_8366_SemiBin_87.fa,220_1,0.050000000000000044,average,fastANI,220
hybridspades_8373_SemiBin_137.fa,220_1,0.050000000000000044,average,fastANI,220
metamdbg_8373_SemiBin_55.fa,220_1,0.050000000000000044,average,fastANI,220
metamdbg_nextpolish_8373_SemiBin_7.fa,220_1,0.050000000000000044,average,fastANI,220
opera_ms_8373_SemiBin_108.fa,220_1,0.050000000000000044,average,fastANI,220
flye_8915_SemiBin_109.fa,220_2,0.050000000000000044,average,fastANI,220
flye_nextpolish_4143_SemiBin_50.fa,220_2,0.050000000000000044,average,fastANI,220
hybridspades_8915_SemiBin_163.fa,220_2,0.050000000000000044,average,fastANI,220
metamdbg_8915_SemiBin_155.fa,220_2,0.050000000000000044,average,fastANI,220
metamdbg_nextpolish_4143_SemiBin_47.fa,220_2,0.050000000000000044,average,fastANI,220
metamdbg_nextpolish_8915_SemiBin_122.fa,220_2,0.050000000000000044,average,fastANI,220
myloasm_4143_SemiBin_25.fa,220_2,0.050000000000000044,average,fastANI,220
opera_ms_8915_SemiBin_113.fa,220_2,0.050000000000000044,average,fastANI,220
flye_4143_SemiBin_92.fa,221_1,0.050000000000000044,average,fastANI,221
flye_8373_SemiBin_48.fa,221_1,0.050000000000000044,average,fastANI,221
flye_nextpolish_4143_SemiBin_72.fa,221_1,0.050000000000000044,average,fastANI,221
flye_nextpolish_8373_SemiBin_31.fa,221_1,0.050000000000000044,average,fastANI,221
flye_nextpolish_8915_SemiBin_315.fa,221_1,0.050000000000000044,average,fastANI,221
hybridspades_4143_SemiBin_85.fa,221_1,0.050000000000000044,average,fastANI,221
hybridspades_8373_SemiBin_47.fa,221_1,0.050000000000000044,average,fastANI,221
hybridspades_8915_SemiBin_39.fa,221_1,0.050000000000000044,average,fastANI,221
metamdbg_4143_SemiBin_123.fa,221_1,0.050000000000000044,average,fastANI,221
metamdbg_8373_SemiBin_173.fa,221_1,0.050000000000000044,average,fastANI,221
metamdbg_8915_SemiBin_245.fa,221_1,0.050000000000000044,average,fastANI,221
metamdbg_nextpolish_4143_SemiBin_152.fa,221_1,0.050000000000000044,average,fastANI,221
metamdbg_nextpolish_8373_SemiBin_104.fa,221_1,0.050000000000000044,average,fastANI,221
metamdbg_nextpolish_8915_SemiBin_242.fa,221_1,0.050000000000000044,average,fastANI,221
myloasm_0942_SemiBin_10.fa,221_1,0.050000000000000044,average,fastANI,221
myloasm_4143_SemiBin_190.fa,221_1,0.050000000000000044,average,fastANI,221
myloasm_8373_SemiBin_22.fa,221_1,0.050000000000000044,average,fastANI,221
myloasm_nextpolish_0942_SemiBin_9.fa,221_1,0.050000000000000044,average,fastANI,221
myloasm_nextpolish_4143_SemiBin_177.fa,221_1,0.050000000000000044,average,fastANI,221
myloasm_nextpolish_8373_SemiBin_15.fa,221_1,0.050000000000000044,average,fastANI,221
opera_ms_4143_SemiBin_57.fa,221_1,0.050000000000000044,average,fastANI,221
opera_ms_8373_SemiBin_1.fa,221_1,0.050000000000000044,average,fastANI,221
opera_ms_8915_SemiBin_67.fa,221_1,0.050000000000000044,average,fastANI,221
flye_nextpolish_8915_SemiBin_120.fa,222_1,0.050000000000000044,average,fastANI,222
hybridspades_4143_SemiBin_27.fa,222_1,0.050000000000000044,average,fastANI,222
hybridspades_8366_SemiBin_69.fa,222_1,0.050000000000000044,average,fastANI,222
hybridspades_8915_SemiBin_127.fa,222_1,0.050000000000000044,average,fastANI,222
metamdbg_nextpolish_8915_SemiBin_347.fa,222_1,0.050000000000000044,average,fastANI,222
myloasm_nextpolish_8366_SemiBin_10.fa,222_1,0.050000000000000044,average,fastANI,222
opera_ms_4143_SemiBin_21.fa,222_1,0.050000000000000044,average,fastANI,222
opera_ms_8915_SemiBin_28.fa,222_1,0.050000000000000044,average,fastANI,222
flye_8373_SemiBin_58.fa,223_1,0.050000000000000044,average,fastANI,223
flye_nextpolish_8373_SemiBin_123.fa,223_1,0.050000000000000044,average,fastANI,223
hybridspades_0942_SemiBin_41.fa,223_1,0.050000000000000044,average,fastANI,223
hybridspades_8915_SemiBin_183.fa,223_1,0.050000000000000044,average,fastANI,223
metamdbg_0942_SemiBin_147.fa,223_1,0.050000000000000044,average,fastANI,223
metamdbg_4143_SemiBin_137.fa,223_1,0.050000000000000044,average,fastANI,223
metamdbg_8915_SemiBin_295.fa,223_1,0.050000000000000044,average,fastANI,223
metamdbg_nextpolish_4143_SemiBin_38.fa,223_1,0.050000000000000044,average,fastANI,223
metamdbg_nextpolish_8915_SemiBin_123.fa,223_1,0.050000000000000044,average,fastANI,223
myloasm_nextpolish_4143_SemiBin_110.fa,223_1,0.050000000000000044,average,fastANI,223
opera_ms_0942_SemiBin_27.fa,223_1,0.050000000000000044,average,fastANI,223
opera_ms_8915_SemiBin_108.fa,223_1,0.050000000000000044,average,fastANI,223
flye_0942_SemiBin_7.fa,224_1,0.050000000000000044,average,fastANI,224
flye_4143_SemiBin_26.fa,224_1,0.050000000000000044,average,fastANI,224
flye_8366_SemiBin_8.fa,224_1,0.050000000000000044,average,fastANI,224
flye_8915_SemiBin_165.fa,224_1,0.050000000000000044,average,fastANI,224
flye_nextpolish_0942_SemiBin_60.fa,224_1,0.050000000000000044,average,fastANI,224
flye_nextpolish_4143_SemiBin_89.fa,224_1,0.050000000000000044,average,fastANI,224
flye_nextpolish_8366_SemiBin_71.fa,224_1,0.050000000000000044,average,fastANI,224
flye_nextpolish_8915_SemiBin_174.fa,224_1,0.050000000000000044,average,fastANI,224
hybridspades_0942_SemiBin_51.fa,224_1,0.050000000000000044,average,fastANI,224
hybridspades_4143_SemiBin_95.fa,224_1,0.050000000000000044,average,fastANI,224
hybridspades_8366_SemiBin_98.fa,224_1,0.050000000000000044,average,fastANI,224
hybridspades_8373_SemiBin_197.fa,224_1,0.050000000000000044,average,fastANI,224
hybridspades_8915_SemiBin_227.fa,224_1,0.050000000000000044,average,fastANI,224
metamdbg_0942_SemiBin_21.fa,224_1,0.050000000000000044,average,fastANI,224
metamdbg_4143_SemiBin_27.fa,224_1,0.050000000000000044,average,fastANI,224
metamdbg_8366_SemiBin_34.fa,224_1,0.050000000000000044,average,fastANI,224
metamdbg_8915_SemiBin_123.fa,224_1,0.050000000000000044,average,fastANI,224
metamdbg_nextpolish_0942_SemiBin_18.fa,224_1,0.050000000000000044,average,fastANI,224
metamdbg_nextpolish_4143_SemiBin_125.fa,224_1,0.050000000000000044,average,fastANI,224
metamdbg_nextpolish_8366_SemiBin_75.fa,224_1,0.050000000000000044,average,fastANI,224
metamdbg_nextpolish_8915_SemiBin_65.fa,224_1,0.050000000000000044,average,fastANI,224
myloasm_0942_SemiBin_43.fa,224_1,0.050000000000000044,average,fastANI,224
myloasm_4143_SemiBin_105.fa,224_1,0.050000000000000044,average,fastANI,224
myloasm_8366_SemiBin_133.fa,224_1,0.050000000000000044,average,fastANI,224
myloasm_8915_SemiBin_231.fa,224_1,0.050000000000000044,average,fastANI,224
myloasm_nextpolish_0942_SemiBin_27.fa,224_1,0.050000000000000044,average,fastANI,224
myloasm_nextpolish_4143_SemiBin_95.fa,224_1,0.050000000000000044,average,fastANI,224
myloasm_nextpolish_8366_SemiBin_123.fa,224_1,0.050000000000000044,average,fastANI,224
myloasm_nextpolish_8373_SemiBin_160.fa,224_1,0.050000000000000044,average,fastANI,224
myloasm_nextpolish_8915_SemiBin_235.fa,224_1,0.050000000000000044,average,fastANI,224
opera_ms_0942_SemiBin_47.fa,224_1,0.050000000000000044,average,fastANI,224
opera_ms_4143_SemiBin_123.fa,224_1,0.050000000000000044,average,fastANI,224
opera_ms_8366_SemiBin_22.fa,224_1,0.050000000000000044,average,fastANI,224
opera_ms_8373_SemiBin_227.fa,224_1,0.050000000000000044,average,fastANI,224
opera_ms_8915_SemiBin_111.fa,224_1,0.050000000000000044,average,fastANI,224
flye_8366_SemiBin_228.fa,225_1,0.050000000000000044,average,fastANI,225
flye_nextpolish_8366_SemiBin_187.fa,225_1,0.050000000000000044,average,fastANI,225
hybridspades_8366_SemiBin_52.fa,225_1,0.050000000000000044,average,fastANI,225
metamdbg_8366_SemiBin_413.fa,225_1,0.050000000000000044,average,fastANI,225
metamdbg_nextpolish_8366_SemiBin_417.fa,225_1,0.050000000000000044,average,fastANI,225
myloasm_8366_SemiBin_361.fa,225_1,0.050000000000000044,average,fastANI,225
myloasm_nextpolish_8366_SemiBin_363.fa,225_1,0.050000000000000044,average,fastANI,225
flye_nextpolish_8915_SemiBin_96.fa,226_1,0.050000000000000044,average,fastANI,226
hybridspades_8915_SemiBin_159.fa,226_1,0.050000000000000044,average,fastANI,226
metamdbg_8915_SemiBin_26.fa,226_1,0.050000000000000044,average,fastANI,226
metamdbg_nextpolish_8915_SemiBin_64.fa,226_1,0.050000000000000044,average,fastANI,226
myloasm_8915_SemiBin_63.fa,226_1,0.050000000000000044,average,fastANI,226
flye_4143_SemiBin_22.fa,227_1,0.050000000000000044,average,fastANI,227
flye_8373_SemiBin_141.fa,227_1,0.050000000000000044,average,fastANI,227
flye_nextpolish_4143_SemiBin_31.fa,227_1,0.050000000000000044,average,fastANI,227
flye_nextpolish_8373_SemiBin_88.fa,227_1,0.050000000000000044,average,fastANI,227
hybridspades_4143_SemiBin_56.fa,227_1,0.050000000000000044,average,fastANI,227
hybridspades_8373_SemiBin_38.fa,227_1,0.050000000000000044,average,fastANI,227
metamdbg_4143_SemiBin_119.fa,227_1,0.050000000000000044,average,fastANI,227
metamdbg_8373_SemiBin_124.fa,227_1,0.050000000000000044,average,fastANI,227
metamdbg_nextpolish_4143_SemiBin_67.fa,227_1,0.050000000000000044,average,fastANI,227
metamdbg_nextpolish_8373_SemiBin_10.fa,227_1,0.050000000000000044,average,fastANI,227
myloasm_4143_SemiBin_40.fa,227_1,0.050000000000000044,average,fastANI,227
myloasm_8373_SemiBin_76.fa,227_1,0.050000000000000044,average,fastANI,227
myloasm_nextpolish_4143_SemiBin_4.fa,227_1,0.050000000000000044,average,fastANI,227
myloasm_nextpolish_8373_SemiBin_87.fa,227_1,0.050000000000000044,average,fastANI,227
opera_ms_4143_SemiBin_88.fa,227_1,0.050000000000000044,average,fastANI,227
opera_ms_8373_SemiBin_90.fa,227_1,0.050000000000000044,average,fastANI,227
flye_8915_SemiBin_96.fa,228_1,0.050000000000000044,average,fastANI,228
flye_nextpolish_8915_SemiBin_70.fa,228_1,0.050000000000000044,average,fastANI,228
hybridspades_8915_SemiBin_182.fa,228_1,0.050000000000000044,average,fastANI,228
metamdbg_8915_SemiBin_28.fa,228_1,0.050000000000000044,average,fastANI,228
metamdbg_nextpolish_8915_SemiBin_85.fa,228_1,0.050000000000000044,average,fastANI,228
myloasm_8915_SemiBin_176.fa,228_1,0.050000000000000044,average,fastANI,228
myloasm_nextpolish_8915_SemiBin_177.fa,228_1,0.050000000000000044,average,fastANI,228
opera_ms_8915_SemiBin_210.fa,228_1,0.050000000000000044,average,fastANI,228
flye_8366_SemiBin_229.fa,229_1,0.050000000000000044,average,fastANI,229
flye_nextpolish_8366_SemiBin_188.fa,229_1,0.050000000000000044,average,fastANI,229
hybridspades_8366_SemiBin_40.fa,229_1,0.050000000000000044,average,fastANI,229
metamdbg_8366_SemiBin_414.fa,229_1,0.050000000000000044,average,fastANI,229
metamdbg_nextpolish_8366_SemiBin_418.fa,229_1,0.050000000000000044,average,fastANI,229
myloasm_8366_SemiBin_358.fa,229_1,0.050000000000000044,average,fastANI,229
myloasm_nextpolish_8366_SemiBin_350.fa,229_1,0.050000000000000044,average,fastANI,229
opera_ms_8366_SemiBin_61.fa,229_1,0.050000000000000044,average,fastANI,229
flye_8915_SemiBin_233.fa,230_1,0.050000000000000044,average,fastANI,230
flye_nextpolish_8915_SemiBin_379.fa,230_1,0.050000000000000044,average,fastANI,230
hybridspades_8915_SemiBin_13.fa,230_1,0.050000000000000044,average,fastANI,230
metamdbg_8915_SemiBin_407.fa,230_1,0.050000000000000044,average,fastANI,230
metamdbg_nextpolish_8915_SemiBin_425.fa,230_1,0.050000000000000044,average,fastANI,230
myloasm_8915_SemiBin_169.fa,230_1,0.050000000000000044,average,fastANI,230
myloasm_nextpolish_8915_SemiBin_183.fa,230_1,0.050000000000000044,average,fastANI,230
opera_ms_8915_SemiBin_71.fa,230_1,0.050000000000000044,average,fastANI,230
flye_8366_SemiBin_170.fa,231_1,0.050000000000000044,average,fastANI,231
flye_8373_SemiBin_217.fa,231_1,0.050000000000000044,average,fastANI,231
flye_nextpolish_8366_SemiBin_162.fa,231_1,0.050000000000000044,average,fastANI,231
flye_nextpolish_8373_SemiBin_222.fa,231_1,0.050000000000000044,average,fastANI,231
hybridspades_8366_SemiBin_1.fa,231_1,0.050000000000000044,average,fastANI,231
hybridspades_8373_SemiBin_5.fa,231_1,0.050000000000000044,average,fastANI,231
metamdbg_8366_SemiBin_270.fa,231_1,0.050000000000000044,average,fastANI,231
metamdbg_8373_SemiBin_151.fa,231_1,0.050000000000000044,average,fastANI,231
metamdbg_nextpolish_8366_SemiBin_282.fa,231_1,0.050000000000000044,average,fastANI,231
metamdbg_nextpolish_8373_SemiBin_185.fa,231_1,0.050000000000000044,average,fastANI,231
myloasm_8366_SemiBin_393.fa,231_1,0.050000000000000044,average,fastANI,231
myloasm_8373_SemiBin_162.fa,231_1,0.050000000000000044,average,fastANI,231
myloasm_nextpolish_8366_SemiBin_403.fa,231_1,0.050000000000000044,average,fastANI,231
myloasm_nextpolish_8373_SemiBin_166.fa,231_1,0.050000000000000044,average,fastANI,231
opera_ms_8366_SemiBin_37.fa,231_1,0.050000000000000044,average,fastANI,231
opera_ms_8373_SemiBin_28.fa,231_1,0.050000000000000044,average,fastANI,231
flye_8373_SemiBin_158.fa,232_1,0.050000000000000044,average,fastANI,232
flye_nextpolish_8373_SemiBin_156.fa,232_1,0.050000000000000044,average,fastANI,232
hybridspades_8373_SemiBin_0.fa,232_1,0.050000000000000044,average,fastANI,232
metamdbg_8373_SemiBin_250.fa,232_1,0.050000000000000044,average,fastANI,232
metamdbg_nextpolish_8373_SemiBin_251.fa,232_1,0.050000000000000044,average,fastANI,232
myloasm_8373_SemiBin_327.fa,232_1,0.050000000000000044,average,fastANI,232
myloasm_nextpolish_8373_SemiBin_332.fa,232_1,0.050000000000000044,average,fastANI,232
opera_ms_8373_SemiBin_72.fa,232_1,0.050000000000000044,average,fastANI,232
flye_0942_SemiBin_128.fa,233_1,0.050000000000000044,average,fastANI,233
flye_4143_SemiBin_312.fa,233_1,0.050000000000000044,average,fastANI,233
flye_8373_SemiBin_232.fa,233_1,0.050000000000000044,average,fastANI,233
flye_8915_SemiBin_362.fa,233_1,0.050000000000000044,average,fastANI,233
flye_nextpolish_0942_SemiBin_115.fa,233_1,0.050000000000000044,average,fastANI,233
flye_nextpolish_4143_SemiBin_309.fa,233_1,0.050000000000000044,average,fastANI,233
flye_nextpolish_8373_SemiBin_218.fa,233_1,0.050000000000000044,average,fastANI,233
flye_nextpolish_8915_SemiBin_366.fa,233_1,0.050000000000000044,average,fastANI,233
hybridspades_0942_SemiBin_34.fa,233_1,0.050000000000000044,average,fastANI,233
hybridspades_4143_SemiBin_34.fa,233_1,0.050000000000000044,average,fastANI,233
hybridspades_8366_SemiBin_12.fa,233_1,0.050000000000000044,average,fastANI,233
hybridspades_8373_SemiBin_33.fa,233_1,0.050000000000000044,average,fastANI,233
hybridspades_8915_SemiBin_14.fa,233_1,0.050000000000000044,average,fastANI,233
metamdbg_0942_SemiBin_96.fa,233_1,0.050000000000000044,average,fastANI,233
metamdbg_4143_SemiBin_346.fa,233_1,0.050000000000000044,average,fastANI,233
metamdbg_8366_SemiBin_188.fa,233_1,0.050000000000000044,average,fastANI,233
metamdbg_8373_SemiBin_411.fa,233_1,0.050000000000000044,average,fastANI,233
metamdbg_8915_SemiBin_372.fa,233_1,0.050000000000000044,average,fastANI,233
metamdbg_nextpolish_0942_SemiBin_39.fa,233_1,0.050000000000000044,average,fastANI,233
metamdbg_nextpolish_4143_SemiBin_358.fa,233_1,0.050000000000000044,average,fastANI,233
metamdbg_nextpolish_8366_SemiBin_161.fa,233_1,0.050000000000000044,average,fastANI,233
metamdbg_nextpolish_8373_SemiBin_431.fa,233_1,0.050000000000000044,average,fastANI,233
metamdbg_nextpolish_8915_SemiBin_403.fa,233_1,0.050000000000000044,average,fastANI,233
myloasm_4143_SemiBin_114.fa,233_1,0.050000000000000044,average,fastANI,233
myloasm_8366_SemiBin_364.fa,233_1,0.050000000000000044,average,fastANI,233
myloasm_8373_SemiBin_294.fa,233_1,0.050000000000000044,average,fastANI,233
myloasm_8915_SemiBin_109.fa,233_1,0.050000000000000044,average,fastANI,233
myloasm_nextpolish_4143_SemiBin_101.fa,233_1,0.050000000000000044,average,fastANI,233
myloasm_nextpolish_8366_SemiBin_339.fa,233_1,0.050000000000000044,average,fastANI,233
myloasm_nextpolish_8373_SemiBin_297.fa,233_1,0.050000000000000044,average,fastANI,233
myloasm_nextpolish_8915_SemiBin_131.fa,233_1,0.050000000000000044,average,fastANI,233
opera_ms_0942_SemiBin_24.fa,233_1,0.050000000000000044,average,fastANI,233
opera_ms_4143_SemiBin_32.fa,233_1,0.050000000000000044,average,fastANI,233
opera_ms_8366_SemiBin_74.fa,233_1,0.050000000000000044,average,fastANI,233
opera_ms_8373_SemiBin_37.fa,233_1,0.050000000000000044,average,fastANI,233
opera_ms_8915_SemiBin_48.fa,233_1,0.050000000000000044,average,fastANI,233
flye_8915_SemiBin_341.fa,234_1,0.050000000000000044,average,fastANI,234
flye_nextpolish_8915_SemiBin_312.fa,234_1,0.050000000000000044,average,fastANI,234
hybridspades_8915_SemiBin_10.fa,234_1,0.050000000000000044,average,fastANI,234
metamdbg_8915_SemiBin_350.fa,234_1,0.050000000000000044,average,fastANI,234
metamdbg_nextpolish_8915_SemiBin_355.fa,234_1,0.050000000000000044,average,fastANI,234
myloasm_8915_SemiBin_127.fa,234_1,0.050000000000000044,average,fastANI,234
myloasm_nextpolish_8915_SemiBin_98.fa,234_1,0.050000000000000044,average,fastANI,234
opera_ms_8915_SemiBin_45.fa,234_1,0.050000000000000044,average,fastANI,234
flye_8373_SemiBin_249.fa,235_1,0.050000000000000044,average,fastANI,235
flye_nextpolish_8373_SemiBin_420.fa,235_1,0.050000000000000044,average,fastANI,235
hybridspades_8373_SemiBin_13.fa,235_1,0.050000000000000044,average,fastANI,235
metamdbg_8373_SemiBin_188.fa,235_1,0.050000000000000044,average,fastANI,235
metamdbg_nextpolish_8373_SemiBin_230.fa,235_1,0.050000000000000044,average,fastANI,235
myloasm_8373_SemiBin_140.fa,235_1,0.050000000000000044,average,fastANI,235
myloasm_nextpolish_8373_SemiBin_135.fa,235_1,0.050000000000000044,average,fastANI,235
opera_ms_8373_SemiBin_50.fa,235_1,0.050000000000000044,average,fastANI,235
flye_4143_SemiBin_202.fa,236_1,0.050000000000000044,average,fastANI,236
flye_8366_SemiBin_198.fa,236_1,0.050000000000000044,average,fastANI,236
flye_8915_SemiBin_415.fa,236_1,0.050000000000000044,average,fastANI,236
flye_nextpolish_4143_SemiBin_669.fa,236_1,0.050000000000000044,average,fastANI,236
flye_nextpolish_8366_SemiBin_202.fa,236_1,0.050000000000000044,average,fastANI,236
flye_nextpolish_8915_SemiBin_414.fa,236_1,0.050000000000000044,average,fastANI,236
hybridspades_4143_SemiBin_28.fa,236_1,0.050000000000000044,average,fastANI,236
hybridspades_8366_SemiBin_46.fa,236_1,0.050000000000000044,average,fastANI,236
hybridspades_8915_SemiBin_56.fa,236_1,0.050000000000000044,average,fastANI,236
metamdbg_4143_SemiBin_320.fa,236_1,0.050000000000000044,average,fastANI,236
metamdbg_8366_SemiBin_285.fa,236_1,0.050000000000000044,average,fastANI,236
metamdbg_8915_SemiBin_268.fa,236_1,0.050000000000000044,average,fastANI,236
metamdbg_nextpolish_4143_SemiBin_312.fa,236_1,0.050000000000000044,average,fastANI,236
metamdbg_nextpolish_8366_SemiBin_273.fa,236_1,0.050000000000000044,average,fastANI,236
metamdbg_nextpolish_8915_SemiBin_244.fa,236_1,0.050000000000000044,average,fastANI,236
myloasm_4143_SemiBin_99.fa,236_1,0.050000000000000044,average,fastANI,236
myloasm_8915_SemiBin_128.fa,236_1,0.050000000000000044,average,fastANI,236
myloasm_nextpolish_4143_SemiBin_100.fa,236_1,0.050000000000000044,average,fastANI,236
myloasm_nextpolish_8915_SemiBin_137.fa,236_1,0.050000000000000044,average,fastANI,236
opera_ms_4143_SemiBin_49.fa,236_1,0.050000000000000044,average,fastANI,236
opera_ms_8366_SemiBin_38.fa,236_1,0.050000000000000044,average,fastANI,236
opera_ms_8915_SemiBin_2.fa,236_1,0.050000000000000044,average,fastANI,236
flye_4143_SemiBin_100.fa,237_1,0.050000000000000044,average,fastANI,237
flye_8366_SemiBin_222.fa,237_1,0.050000000000000044,average,fastANI,237
flye_8373_SemiBin_14.fa,237_1,0.050000000000000044,average,fastANI,237
flye_8915_SemiBin_118.fa,237_1,0.050000000000000044,average,fastANI,237
flye_nextpolish_4143_SemiBin_152.fa,237_1,0.050000000000000044,average,fastANI,237
flye_nextpolish_8366_SemiBin_222.fa,237_1,0.050000000000000044,average,fastANI,237
flye_nextpolish_8373_SemiBin_105.fa,237_1,0.050000000000000044,average,fastANI,237
flye_nextpolish_8915_SemiBin_146.fa,237_1,0.050000000000000044,average,fastANI,237
hybridspades_4143_SemiBin_3.fa,237_1,0.050000000000000044,average,fastANI,237
hybridspades_8366_SemiBin_39.fa,237_1,0.050000000000000044,average,fastANI,237
hybridspades_8373_SemiBin_17.fa,237_1,0.050000000000000044,average,fastANI,237
hybridspades_8915_SemiBin_77.fa,237_1,0.050000000000000044,average,fastANI,237
metamdbg_4143_SemiBin_341.fa,237_1,0.050000000000000044,average,fastANI,237
metamdbg_8366_SemiBin_26.fa,237_1,0.050000000000000044,average,fastANI,237
metamdbg_8373_SemiBin_415.fa,237_1,0.050000000000000044,average,fastANI,237
metamdbg_8915_SemiBin_125.fa,237_1,0.050000000000000044,average,fastANI,237
metamdbg_nextpolish_4143_SemiBin_341.fa,237_1,0.050000000000000044,average,fastANI,237
metamdbg_nextpolish_8366_SemiBin_85.fa,237_1,0.050000000000000044,average,fastANI,237
metamdbg_nextpolish_8373_SemiBin_438.fa,237_1,0.050000000000000044,average,fastANI,237
metamdbg_nextpolish_8915_SemiBin_182.fa,237_1,0.050000000000000044,average,fastANI,237
myloasm_4143_SemiBin_528.fa,237_1,0.050000000000000044,average,fastANI,237
myloasm_8366_SemiBin_44.fa,237_1,0.050000000000000044,average,fastANI,237
myloasm_8373_SemiBin_74.fa,237_1,0.050000000000000044,average,fastANI,237
myloasm_8915_SemiBin_59.fa,237_1,0.050000000000000044,average,fastANI,237
myloasm_nextpolish_4143_SemiBin_518.fa,237_1,0.050000000000000044,average,fastANI,237
myloasm_nextpolish_8366_SemiBin_44.fa,237_1,0.050000000000000044,average,fastANI,237
myloasm_nextpolish_8373_SemiBin_84.fa,237_1,0.050000000000000044,average,fastANI,237
myloasm_nextpolish_8915_SemiBin_12.fa,237_1,0.050000000000000044,average,fastANI,237
opera_ms_4143_SemiBin_33.fa,237_1,0.050000000000000044,average,fastANI,237
opera_ms_8366_SemiBin_10.fa,237_1,0.050000000000000044,average,fastANI,237
opera_ms_8373_SemiBin_43.fa,237_1,0.050000000000000044,average,fastANI,237
opera_ms_8915_SemiBin_130.fa,237_1,0.050000000000000044,average,fastANI,237
flye_8915_SemiBin_325.fa,238_1,0.050000000000000044,average,fastANI,238
flye_nextpolish_8915_SemiBin_329.fa,238_1,0.050000000000000044,average,fastANI,238
hybridspades_8915_SemiBin_19.fa,238_1,0.050000000000000044,average,fastANI,238
metamdbg_8915_SemiBin_261.fa,238_1,0.050000000000000044,average,fastANI,238
metamdbg_nextpolish_8915_SemiBin_261.fa,238_1,0.050000000000000044,average,fastANI,238
myloasm_8915_SemiBin_571.fa,238_1,0.050000000000000044,average,fastANI,238
myloasm_nextpolish_8915_SemiBin_592.fa,238_1,0.050000000000000044,average,fastANI,238
opera_ms_8915_SemiBin_64.fa,238_1,0.050000000000000044,average,fastANI,238
flye_4143_SemiBin_3.fa,239_1,0.050000000000000044,average,fastANI,239
flye_nextpolish_4143_SemiBin_131.fa,239_1,0.050000000000000044,average,fastANI,239
hybridspades_4143_SemiBin_45.fa,239_1,0.050000000000000044,average,fastANI,239
metamdbg_4143_SemiBin_127.fa,239_1,0.050000000000000044,average,fastANI,239
metamdbg_nextpolish_4143_SemiBin_5.fa,239_1,0.050000000000000044,average,fastANI,239
myloasm_4143_SemiBin_179.fa,239_1,0.050000000000000044,average,fastANI,239
myloasm_nextpolish_4143_SemiBin_180.fa,239_1,0.050000000000000044,average,fastANI,239
opera_ms_4143_SemiBin_100.fa,239_1,0.050000000000000044,average,fastANI,239
flye_0942_SemiBin_143.fa,240_1,0.050000000000000044,average,fastANI,240
flye_nextpolish_0942_SemiBin_143.fa,240_1,0.050000000000000044,average,fastANI,240
hybridspades_0942_SemiBin_46.fa,240_1,0.050000000000000044,average,fastANI,240
metamdbg_0942_SemiBin_109.fa,240_1,0.050000000000000044,average,fastANI,240
metamdbg_nextpolish_0942_SemiBin_104.fa,240_1,0.050000000000000044,average,fastANI,240
myloasm_0942_SemiBin_76.fa,240_1,0.050000000000000044,average,fastANI,240
myloasm_nextpolish_0942_SemiBin_85.fa,240_1,0.050000000000000044,average,fastANI,240
opera_ms_0942_SemiBin_28.fa,240_1,0.050000000000000044,average,fastANI,240
hybridspades_8366_SemiBin_135.fa,241_1,0.050000000000000044,average,fastANI,241
metamdbg_nextpolish_8366_SemiBin_131.fa,241_1,0.050000000000000044,average,fastANI,241
myloasm_8366_SemiBin_55.fa,241_1,0.050000000000000044,average,fastANI,241
myloasm_nextpolish_8366_SemiBin_12.fa,241_1,0.050000000000000044,average,fastANI,241
opera_ms_8366_SemiBin_156.fa,241_1,0.050000000000000044,average,fastANI,241
myloasm_8915_SemiBin_19.fa,242_1,0.050000000000000044,average,fastANI,242
myloasm_nextpolish_8915_SemiBin_45.fa,242_1,0.050000000000000044,average,fastANI,242
flye_0942_SemiBin_199.fa,242_2,0.050000000000000044,average,fastANI,242
flye_8915_SemiBin_418.fa,242_2,0.050000000000000044,average,fastANI,242
flye_nextpolish_0942_SemiBin_190.fa,242_2,0.050000000000000044,average,fastANI,242
flye_nextpolish_4143_SemiBin_26.fa,242_2,0.050000000000000044,average,fastANI,242
flye_nextpolish_8915_SemiBin_409.fa,242_2,0.050000000000000044,average,fastANI,242
hybridspades_0942_SemiBin_37.fa,242_2,0.050000000000000044,average,fastANI,242
hybridspades_4143_SemiBin_192.fa,242_2,0.050000000000000044,average,fastANI,242
hybridspades_8915_SemiBin_5.fa,242_2,0.050000000000000044,average,fastANI,242
metamdbg_8915_SemiBin_501.fa,242_2,0.050000000000000044,average,fastANI,242
metamdbg_nextpolish_8915_SemiBin_512.fa,242_2,0.050000000000000044,average,fastANI,242
myloasm_4143_SemiBin_58.fa,242_2,0.050000000000000044,average,fastANI,242
myloasm_8915_SemiBin_570.fa,242_2,0.050000000000000044,average,fastANI,242
myloasm_nextpolish_4143_SemiBin_32.fa,242_2,0.050000000000000044,average,fastANI,242
myloasm_nextpolish_8915_SemiBin_500.fa,242_2,0.050000000000000044,average,fastANI,242
opera_ms_0942_SemiBin_17.fa,242_2,0.050000000000000044,average,fastANI,242
opera_ms_8915_SemiBin_56.fa,242_2,0.050000000000000044,average,fastANI,242
flye_0942_SemiBin_77.fa,243_1,0.050000000000000044,average,fastANI,243
flye_nextpolish_0942_SemiBin_101.fa,243_1,0.050000000000000044,average,fastANI,243
hybridspades_0942_SemiBin_54.fa,243_1,0.050000000000000044,average,fastANI,243
metamdbg_0942_SemiBin_5.fa,243_1,0.050000000000000044,average,fastANI,243
metamdbg_nextpolish_0942_SemiBin_33.fa,243_1,0.050000000000000044,average,fastANI,243
myloasm_0942_SemiBin_111.fa,243_1,0.050000000000000044,average,fastANI,243
myloasm_nextpolish_0942_SemiBin_117.fa,243_1,0.050000000000000044,average,fastANI,243
opera_ms_0942_SemiBin_51.fa,243_1,0.050000000000000044,average,fastANI,243
flye_4143_SemiBin_523.fa,244_1,0.050000000000000044,average,fastANI,244
flye_nextpolish_4143_SemiBin_529.fa,244_1,0.050000000000000044,average,fastANI,244
hybridspades_4143_SemiBin_37.fa,244_1,0.050000000000000044,average,fastANI,244
metamdbg_4143_SemiBin_138.fa,244_1,0.050000000000000044,average,fastANI,244
metamdbg_nextpolish_4143_SemiBin_147.fa,244_1,0.050000000000000044,average,fastANI,244
myloasm_4143_SemiBin_49.fa,244_1,0.050000000000000044,average,fastANI,244
myloasm_nextpolish_4143_SemiBin_5.fa,244_1,0.050000000000000044,average,fastANI,244
opera_ms_4143_SemiBin_7.fa,244_1,0.050000000000000044,average,fastANI,244
flye_8366_SemiBin_99.fa,245_1,0.050000000000000044,average,fastANI,245
flye_nextpolish_8366_SemiBin_204.fa,245_1,0.050000000000000044,average,fastANI,245
hybridspades_8366_SemiBin_15.fa,245_1,0.050000000000000044,average,fastANI,245
metamdbg_8366_SemiBin_223.fa,245_1,0.050000000000000044,average,fastANI,245
metamdbg_nextpolish_8366_SemiBin_217.fa,245_1,0.050000000000000044,average,fastANI,245
myloasm_8366_SemiBin_385.fa,245_1,0.050000000000000044,average,fastANI,245
myloasm_nextpolish_8366_SemiBin_400.fa,245_1,0.050000000000000044,average,fastANI,245
opera_ms_8366_SemiBin_80.fa,245_1,0.050000000000000044,average,fastANI,245
flye_nextpolish_8915_SemiBin_90.fa,246_0,0.050000000000000044,average,fastANI,246
myloasm_nextpolish_8915_SemiBin_52.fa,247_0,0.050000000000000044,average,fastANI,247
flye_0942_SemiBin_21.fa,248_1,0.050000000000000044,average,fastANI,248
flye_nextpolish_0942_SemiBin_36.fa,248_1,0.050000000000000044,average,fastANI,248
myloasm_0942_SemiBin_67.fa,248_1,0.050000000000000044,average,fastANI,248
flye_0942_SemiBin_20.fa,249_1,0.050000000000000044,average,fastANI,249
flye_nextpolish_0942_SemiBin_35.fa,249_1,0.050000000000000044,average,fastANI,249
myloasm_nextpolish_8366_SemiBin_118.fa,249_1,0.050000000000000044,average,fastANI,249
myloasm_nextpolish_8366_SemiBin_155.fa,250_0,0.050000000000000044,average,fastANI,250
myloasm_nextpolish_8915_SemiBin_34.fa,251_0,0.050000000000000044,average,fastANI,251
flye_8915_SemiBin_202.fa,252_1,0.050000000000000044,average,fastANI,252
flye_nextpolish_8915_SemiBin_225.fa,252_1,0.050000000000000044,average,fastANI,252
hybridspades_8915_SemiBin_167.fa,252_1,0.050000000000000044,average,fastANI,252
metamdbg_8915_SemiBin_85.fa,252_1,0.050000000000000044,average,fastANI,252
myloasm_nextpolish_8366_SemiBin_114.fa,252_1,0.050000000000000044,average,fastANI,252
flye_0942_SemiBin_16.fa,253_1,0.050000000000000044,average,fastANI,253
flye_4143_SemiBin_193.fa,253_1,0.050000000000000044,average,fastANI,253
flye_8373_SemiBin_57.fa,253_1,0.050000000000000044,average,fastANI,253
flye_8915_SemiBin_113.fa,253_1,0.050000000000000044,average,fastANI,253
flye_nextpolish_0942_SemiBin_61.fa,253_1,0.050000000000000044,average,fastANI,253
flye_nextpolish_4143_SemiBin_202.fa,253_1,0.050000000000000044,average,fastANI,253
flye_nextpolish_8373_SemiBin_3.fa,253_1,0.050000000000000044,average,fastANI,253
flye_nextpolish_8915_SemiBin_53.fa,253_1,0.050000000000000044,average,fastANI,253
hybridspades_0942_SemiBin_8.fa,253_1,0.050000000000000044,average,fastANI,253
hybridspades_4143_SemiBin_76.fa,253_1,0.050000000000000044,average,fastANI,253
hybridspades_8366_SemiBin_97.fa,253_1,0.050000000000000044,average,fastANI,253
hybridspades_8373_SemiBin_88.fa,253_1,0.050000000000000044,average,fastANI,253
metamdbg_0942_SemiBin_146.fa,253_1,0.050000000000000044,average,fastANI,253
metamdbg_4143_SemiBin_49.fa,253_1,0.050000000000000044,average,fastANI,253
metamdbg_8915_SemiBin_288.fa,253_1,0.050000000000000044,average,fastANI,253
metamdbg_8915_SemiBin_84.fa,253_1,0.050000000000000044,average,fastANI,253
metamdbg_nextpolish_0942_SemiBin_150.fa,253_1,0.050000000000000044,average,fastANI,253
metamdbg_nextpolish_4143_SemiBin_143.fa,253_1,0.050000000000000044,average,fastANI,253
metamdbg_nextpolish_8915_SemiBin_150.fa,253_1,0.050000000000000044,average,fastANI,253
metamdbg_nextpolish_8915_SemiBin_307.fa,253_1,0.050000000000000044,average,fastANI,253
myloasm_8915_SemiBin_21.fa,253_1,0.050000000000000044,average,fastANI,253
myloasm_8915_SemiBin_22.fa,253_1,0.050000000000000044,average,fastANI,253
myloasm_nextpolish_8915_SemiBin_84.fa,253_1,0.050000000000000044,average,fastANI,253
myloasm_nextpolish_8915_SemiBin_85.fa,253_1,0.050000000000000044,average,fastANI,253
opera_ms_0942_SemiBin_42.fa,253_1,0.050000000000000044,average,fastANI,253
opera_ms_4143_SemiBin_48.fa,253_1,0.050000000000000044,average,fastANI,253
opera_ms_8366_SemiBin_86.fa,253_1,0.050000000000000044,average,fastANI,253
opera_ms_8373_SemiBin_40.fa,253_1,0.050000000000000044,average,fastANI,253
flye_nextpolish_8915_SemiBin_15.fa,254_1,0.050000000000000044,average,fastANI,254
myloasm_8915_SemiBin_232.fa,254_1,0.050000000000000044,average,fastANI,254
myloasm_nextpolish_8915_SemiBin_242.fa,254_1,0.050000000000000044,average,fastANI,254
flye_8366_SemiBin_171.fa,255_1,0.050000000000000044,average,fastANI,255
flye_8915_SemiBin_203.fa,255_1,0.050000000000000044,average,fastANI,255
flye_nextpolish_8366_SemiBin_154.fa,255_1,0.050000000000000044,average,fastANI,255
flye_nextpolish_8915_SemiBin_208.fa,255_1,0.050000000000000044,average,fastANI,255
hybridspades_8366_SemiBin_28.fa,255_1,0.050000000000000044,average,fastANI,255
hybridspades_8915_SemiBin_50.fa,255_1,0.050000000000000044,average,fastANI,255
metamdbg_8366_SemiBin_215.fa,255_1,0.050000000000000044,average,fastANI,255
metamdbg_8915_SemiBin_129.fa,255_1,0.050000000000000044,average,fastANI,255
metamdbg_nextpolish_8366_SemiBin_214.fa,255_1,0.050000000000000044,average,fastANI,255
metamdbg_nextpolish_8915_SemiBin_163.fa,255_1,0.050000000000000044,average,fastANI,255
myloasm_8366_SemiBin_98.fa,255_1,0.050000000000000044,average,fastANI,255
myloasm_8915_SemiBin_163.fa,255_1,0.050000000000000044,average,fastANI,255
myloasm_nextpolish_8366_SemiBin_92.fa,255_1,0.050000000000000044,average,fastANI,255
myloasm_nextpolish_8915_SemiBin_146.fa,255_1,0.050000000000000044,average,fastANI,255
opera_ms_8366_SemiBin_53.fa,255_1,0.050000000000000044,average,fastANI,255
opera_ms_8915_SemiBin_123.fa,255_1,0.050000000000000044,average,fastANI,255
flye_8915_SemiBin_416.fa,256_1,0.050000000000000044,average,fastANI,256
flye_nextpolish_8915_SemiBin_417.fa,256_1,0.050000000000000044,average,fastANI,256
hybridspades_8915_SemiBin_2.fa,256_1,0.050000000000000044,average,fastANI,256
metamdbg_8915_SemiBin_294.fa,256_1,0.050000000000000044,average,fastANI,256
metamdbg_nextpolish_8915_SemiBin_296.fa,256_1,0.050000000000000044,average,fastANI,256
myloasm_8915_SemiBin_220.fa,256_1,0.050000000000000044,average,fastANI,256
myloasm_nextpolish_8915_SemiBin_223.fa,256_1,0.050000000000000044,average,fastANI,256
opera_ms_8915_SemiBin_25.fa,256_1,0.050000000000000044,average,fastANI,256
flye_8915_SemiBin_336.fa,257_1,0.050000000000000044,average,fastANI,257
flye_nextpolish_8915_SemiBin_335.fa,257_1,0.050000000000000044,average,fastANI,257
hybridspades_8915_SemiBin_49.fa,257_1,0.050000000000000044,average,fastANI,257
metamdbg_8915_SemiBin_260.fa,257_1,0.050000000000000044,average,fastANI,257
metamdbg_nextpolish_8915_SemiBin_283.fa,257_1,0.050000000000000044,average,fastANI,257
myloasm_8915_SemiBin_532.fa,257_1,0.050000000000000044,average,fastANI,257
myloasm_nextpolish_8915_SemiBin_520.fa,257_1,0.050000000000000044,average,fastANI,257
opera_ms_8915_SemiBin_66.fa,257_1,0.050000000000000044,average,fastANI,257
flye_8373_SemiBin_257.fa,258_1,0.050000000000000044,average,fastANI,258
flye_nextpolish_8373_SemiBin_283.fa,258_1,0.050000000000000044,average,fastANI,258
hybridspades_8373_SemiBin_30.fa,258_1,0.050000000000000044,average,fastANI,258
metamdbg_8373_SemiBin_210.fa,258_1,0.050000000000000044,average,fastANI,258
metamdbg_nextpolish_8373_SemiBin_204.fa,258_1,0.050000000000000044,average,fastANI,258
opera_ms_8373_SemiBin_19.fa,258_1,0.050000000000000044,average,fastANI,258
flye_8915_SemiBin_98.fa,259_1,0.050000000000000044,average,fastANI,259
flye_nextpolish_8915_SemiBin_51.fa,259_1,0.050000000000000044,average,fastANI,259
hybridspades_8373_SemiBin_200.fa,259_1,0.050000000000000044,average,fastANI,259
hybridspades_8915_SemiBin_195.fa,259_1,0.050000000000000044,average,fastANI,259
metamdbg_8915_SemiBin_128.fa,259_1,0.050000000000000044,average,fastANI,259
metamdbg_nextpolish_8915_SemiBin_6.fa,259_1,0.050000000000000044,average,fastANI,259
myloasm_8915_SemiBin_100.fa,259_1,0.050000000000000044,average,fastANI,259
myloasm_nextpolish_8373_SemiBin_132.fa,259_1,0.050000000000000044,average,fastANI,259
myloasm_nextpolish_8915_SemiBin_109.fa,259_1,0.050000000000000044,average,fastANI,259
opera_ms_8915_SemiBin_206.fa,259_1,0.050000000000000044,average,fastANI,259
myloasm_nextpolish_4143_SemiBin_140.fa,260_0,0.050000000000000044,average,fastANI,260
flye_0942_SemiBin_106.fa,261_1,0.050000000000000044,average,fastANI,261
flye_nextpolish_0942_SemiBin_156.fa,261_1,0.050000000000000044,average,fastANI,261
hybridspades_0942_SemiBin_78.fa,261_1,0.050000000000000044,average,fastANI,261
metamdbg_0942_SemiBin_48.fa,261_1,0.050000000000000044,average,fastANI,261
metamdbg_nextpolish_0942_SemiBin_31.fa,261_1,0.050000000000000044,average,fastANI,261
opera_ms_0942_SemiBin_8.fa,261_1,0.050000000000000044,average,fastANI,261
flye_0942_SemiBin_204.fa,262_1,0.050000000000000044,average,fastANI,262
flye_4143_SemiBin_15.fa,262_1,0.050000000000000044,average,fastANI,262
flye_8366_SemiBin_356.fa,262_1,0.050000000000000044,average,fastANI,262
flye_nextpolish_0942_SemiBin_208.fa,262_1,0.050000000000000044,average,fastANI,262
flye_nextpolish_4143_SemiBin_5.fa,262_1,0.050000000000000044,average,fastANI,262
flye_nextpolish_8366_SemiBin_340.fa,262_1,0.050000000000000044,average,fastANI,262
hybridspades_0942_SemiBin_2.fa,262_1,0.050000000000000044,average,fastANI,262
hybridspades_4143_SemiBin_202.fa,262_1,0.050000000000000044,average,fastANI,262
hybridspades_8366_SemiBin_207.fa,262_1,0.050000000000000044,average,fastANI,262
metamdbg_0942_SemiBin_159.fa,262_1,0.050000000000000044,average,fastANI,262
metamdbg_8366_SemiBin_6.fa,262_1,0.050000000000000044,average,fastANI,262
metamdbg_nextpolish_0942_SemiBin_161.fa,262_1,0.050000000000000044,average,fastANI,262
metamdbg_nextpolish_8366_SemiBin_12.fa,262_1,0.050000000000000044,average,fastANI,262
myloasm_0942_SemiBin_52.fa,262_1,0.050000000000000044,average,fastANI,262
myloasm_4143_SemiBin_121.fa,262_1,0.050000000000000044,average,fastANI,262
myloasm_nextpolish_0942_SemiBin_55.fa,262_1,0.050000000000000044,average,fastANI,262
myloasm_nextpolish_4143_SemiBin_122.fa,262_1,0.050000000000000044,average,fastANI,262
opera_ms_4143_SemiBin_143.fa,262_1,0.050000000000000044,average,fastANI,262
flye_8915_SemiBin_74.fa,263_1,0.050000000000000044,average,fastANI,263
flye_nextpolish_8915_SemiBin_163.fa,263_1,0.050000000000000044,average,fastANI,263
metamdbg_nextpolish_8915_SemiBin_15.fa,263_1,0.050000000000000044,average,fastANI,263
myloasm_8915_SemiBin_10.fa,263_1,0.050000000000000044,average,fastANI,263
myloasm_nextpolish_8915_SemiBin_16.fa,263_1,0.050000000000000044,average,fastANI,263
myloasm_nextpolish_4143_SemiBin_167.fa,263_2,0.050000000000000044,average,fastANI,263
flye_4143_SemiBin_7.fa,264_1,0.050000000000000044,average,fastANI,264
flye_nextpolish_4143_SemiBin_99.fa,264_1,0.050000000000000044,average,fastANI,264
hybridspades_4143_SemiBin_79.fa,264_1,0.050000000000000044,average,fastANI,264
hybridspades_8373_SemiBin_195.fa,264_1,0.050000000000000044,average,fastANI,264
metamdbg_nextpolish_4143_SemiBin_120.fa,264_1,0.050000000000000044,average,fastANI,264
myloasm_4143_SemiBin_5.fa,264_1,0.050000000000000044,average,fastANI,264
myloasm_nextpolish_4143_SemiBin_50.fa,264_1,0.050000000000000044,average,fastANI,264
myloasm_nextpolish_8373_SemiBin_99.fa,264_1,0.050000000000000044,average,fastANI,264
opera_ms_4143_SemiBin_101.fa,264_1,0.050000000000000044,average,fastANI,264
opera_ms_8373_SemiBin_215.fa,264_1,0.050000000000000044,average,fastANI,264
flye_nextpolish_4143_SemiBin_67.fa,265_1,0.050000000000000044,average,fastANI,265
hybridspades_4143_SemiBin_140.fa,265_1,0.050000000000000044,average,fastANI,265
myloasm_4143_SemiBin_46.fa,265_1,0.050000000000000044,average,fastANI,265
myloasm_nextpolish_4143_SemiBin_46.fa,265_1,0.050000000000000044,average,fastANI,265
opera_ms_4143_SemiBin_185.fa,265_1,0.050000000000000044,average,fastANI,265
flye_4143_SemiBin_280.fa,266_1,0.050000000000000044,average,fastANI,266
flye_8373_SemiBin_17.fa,266_1,0.050000000000000044,average,fastANI,266
flye_nextpolish_8915_SemiBin_39.fa,266_1,0.050000000000000044,average,fastANI,266
hybridspades_4143_SemiBin_65.fa,266_1,0.050000000000000044,average,fastANI,266
hybridspades_8373_SemiBin_163.fa,266_1,0.050000000000000044,average,fastANI,266
metamdbg_4143_SemiBin_101.fa,266_1,0.050000000000000044,average,fastANI,266
metamdbg_nextpolish_4143_SemiBin_104.fa,266_1,0.050000000000000044,average,fastANI,266
metamdbg_nextpolish_8373_SemiBin_67.fa,266_1,0.050000000000000044,average,fastANI,266
myloasm_8373_SemiBin_104.fa,266_1,0.050000000000000044,average,fastANI,266
myloasm_nextpolish_8373_SemiBin_114.fa,266_1,0.050000000000000044,average,fastANI,266
myloasm_nextpolish_8915_SemiBin_80.fa,266_1,0.050000000000000044,average,fastANI,266
opera_ms_4143_SemiBin_16.fa,266_1,0.050000000000000044,average,fastANI,266
opera_ms_8373_SemiBin_114.fa,266_1,0.050000000000000044,average,fastANI,266
hybridspades_8366_SemiBin_188.fa,267_1,0.050000000000000044,average,fastANI,267
myloasm_nextpolish_8366_SemiBin_200.fa,267_1,0.050000000000000044,average,fastANI,267
hybridspades_8373_SemiBin_73.fa,268_1,0.050000000000000044,average,fastANI,268
metamdbg_nextpolish_8373_SemiBin_118.fa,268_1,0.050000000000000044,average,fastANI,268
myloasm_8373_SemiBin_13.fa,268_1,0.050000000000000044,average,fastANI,268
myloasm_nextpolish_8373_SemiBin_27.fa,268_1,0.050000000000000044,average,fastANI,268
opera_ms_8373_SemiBin_113.fa,268_1,0.050000000000000044,average,fastANI,268
